transaction_id,account_id,amount,transaction_type,timestamp,location
TXN202600001,ACC1043,31916.73,CREDIT,2026-08-20 18:37:50,Mumbai
TXN202600002,ACC1003,6327.22,TRANSFER,2026-08-20 18:38:20,Delhi
TXN202600003,ACC1044,4607.52,CREDIT,2026-08-20 18:38:50,Bangalore
TXN202600004,ACC1049,20373.07,TRANSFER,2026-08-20 18:39:20,Bangalore
TXN202600005,ACC1048,1538.06,DEBIT,2026-08-20 18:39:50,Mumbai
TXN202600006,ACC1049,25150.08,TRANSFER,2026-08-20 18:40:20,Bangalore
TXN202600007,ACC1015,14802.39,CREDIT,2026-08-20 18:40:50,Chennai
TXN202600008,ACC1001,4566.62,CREDIT,2026-08-20 18:41:20,Bangalore
TXN202600009,ACC1038,33353.97,TRANSFER,2026-08-20 18:41:50,Mumbai
TXN202600010,ACC1020,2483.08,TRANSFER,2026-08-20 18:42:20,Bangalore
TXN202600011,ACC1006,11543.76,TRANSFER,2026-08-20 18:42:50,Chennai
TXN202600012,ACC1018,6710.99,DEBIT,2026-08-20 18:43:20,Chennai
TXN202600013,ACC1020,38849.68,TRANSFER,2026-08-20 18:43:50,Bangalore
TXN202600014,ACC1024,2481.52,DEBIT,2026-08-20 18:44:20,Hyderabad
TXN202600015,ACC1019,18451.63,TRANSFER,2026-08-20 18:44:50,Hyderabad
TXN202600016,ACC1003,2982.09,TRANSFER,2026-08-20 18:45:20,Hyderabad
TXN202600017,ACC1030,3668.25,CREDIT,2026-08-20 18:45:50,Chennai
TXN202600018,ACC1024,19003.35,CREDIT,2026-08-20 18:46:20,Delhi
TXN202600019,ACC1046,4185.71,TRANSFER,2026-08-20 18:46:50,Mumbai
TXN202600020,ACC1024,10866.27,DEBIT,2026-08-20 18:47:20,Hyderabad
TXN202600021,ACC1029,2901.38,CREDIT,2026-08-20 18:47:50,Chennai
TXN202600022,ACC1003,10937.55,TRANSFER,2026-08-20 18:48:20,Bangalore
TXN202600023,ACC1050,38962.65,CREDIT,2026-08-20 18:48:50,Chennai
TXN202600024,ACC1011,10881.48,CREDIT,2026-08-20 18:49:20,Delhi
TXN202600025,ACC1028,48365.29,CREDIT,2026-08-20 18:49:50,Hyderabad
TXN202600026,ACC1034,33511.23,TRANSFER,2026-08-20 18:50:20,Bangalore
TXN202600027,ACC1023,18951.34,CREDIT,2026-08-20 18:50:50,Chennai
TXN202600028,ACC1014,30252.96,DEBIT,2026-08-20 18:51:20,Mumbai
TXN202600029,ACC1005,29303.63,CREDIT,2026-08-20 18:51:50,Hyderabad
TXN202600030,ACC1007,28135.18,CREDIT,2026-08-20 18:52:20,Mumbai
TXN202600031,ACC1020,23544.17,DEBIT,2026-08-20 18:52:50,Mumbai
TXN202600032,ACC1013,10210.41,TRANSFER,2026-08-20 18:53:20,Hyderabad
TXN202600033,ACC1009,12446.33,CREDIT,2026-08-20 18:53:50,Mumbai
TXN202600034,ACC1037,30313.78,CREDIT,2026-08-20 18:54:20,Mumbai
TXN202600035,ACC1034,33892.73,DEBIT,2026-08-20 18:54:50,Chennai
TXN202600036,ACC1031,1816.58,DEBIT,2026-08-20 18:55:20,Hyderabad
TXN202600037,ACC1028,36157.36,CREDIT,2026-08-20 18:55:50,Mumbai
TXN202600038,ACC1015,24546.95,TRANSFER,2026-08-20 18:56:20,Bangalore
TXN202600039,ACC1024,46986.06,TRANSFER,2026-08-20 18:56:50,Chennai
TXN202600040,ACC1009,41996.16,CREDIT,2026-08-20 18:57:20,Mumbai
TXN202600041,ACC1027,10263.28,DEBIT,2026-08-20 18:57:50,Bangalore
TXN202600042,ACC1013,12601.58,DEBIT,2026-08-20 18:58:20,Bangalore
TXN202600043,ACC1029,29166.08,DEBIT,2026-08-20 18:58:50,Delhi
TXN202600044,ACC1044,6133.86,DEBIT,2026-08-20 18:59:20,Mumbai
TXN202600045,ACC1010,3991.01,TRANSFER,2026-08-20 18:59:50,Chennai
TXN202600046,ACC1021,16756.5,TRANSFER,2026-08-20 19:00:20,Bangalore
TXN202600047,ACC1012,2733.36,CREDIT,2026-08-20 19:00:50,Bangalore
TXN202600048,ACC1026,48421.43,CREDIT,2026-08-20 19:01:20,Delhi
TXN202600049,ACC1037,28318.0,TRANSFER,2026-08-20 19:01:50,Chennai
TXN202600050,ACC1004,1898.32,DEBIT,2026-08-20 19:02:20,Mumbai
TXN202600051,ACC1009,8256.3,CREDIT,2026-08-20 19:02:50,Delhi
TXN202600052,ACC1050,34166.25,CREDIT,2026-08-20 19:03:20,Chennai
TXN202600053,ACC1012,21137.8,DEBIT,2026-08-20 19:03:50,Delhi
TXN202600054,ACC1041,43441.07,CREDIT,2026-08-20 19:04:20,Chennai
TXN202600055,ACC1050,47636.0,DEBIT,2026-08-20 19:04:50,Delhi
TXN202600056,ACC1029,5713.02,DEBIT,2026-08-20 19:05:20,Mumbai
TXN202600057,ACC1032,19956.63,TRANSFER,2026-08-20 19:05:50,Bangalore
TXN202600058,ACC1020,41472.76,CREDIT,2026-08-20 19:06:20,Bangalore
TXN202600059,ACC1029,40939.11,CREDIT,2026-08-20 19:06:50,Hyderabad
TXN202600060,ACC1011,44189.21,CREDIT,2026-08-20 19:07:20,Hyderabad
TXN202600061,ACC1032,8685.09,DEBIT,2026-08-20 19:07:50,Bangalore
TXN202600062,ACC1009,32495.15,TRANSFER,2026-08-20 19:08:20,Chennai
TXN202600063,ACC1009,48993.37,TRANSFER,2026-08-20 19:08:50,Bangalore
TXN202600064,ACC1025,2031.97,CREDIT,2026-08-20 19:09:20,Hyderabad
TXN202600065,ACC1011,233.19,TRANSFER,2026-08-20 19:09:50,Bangalore
TXN202600066,ACC1050,18542.84,TRANSFER,2026-08-20 19:10:20,Delhi
TXN202600067,ACC1049,40956.75,TRANSFER,2026-08-20 19:10:50,Bangalore
TXN202600068,ACC1042,11294.66,DEBIT,2026-08-20 19:11:20,Mumbai
TXN202600069,ACC1046,37109.97,DEBIT,2026-08-20 19:11:50,Delhi
TXN202600070,ACC1041,26541.55,TRANSFER,2026-08-20 19:12:20,Mumbai
TXN202600071,ACC1043,29071.85,TRANSFER,2026-08-20 19:12:50,Chennai
TXN202600072,ACC1047,45836.3,CREDIT,2026-08-20 19:13:20,Hyderabad
TXN202600073,ACC1020,16110.49,CREDIT,2026-08-20 19:13:50,Mumbai
TXN202600074,ACC1027,15816.95,DEBIT,2026-08-20 19:14:20,Bangalore
TXN202600075,ACC1033,36130.09,DEBIT,2026-08-20 19:14:50,Chennai
TXN202600076,ACC1048,20297.51,DEBIT,2026-08-20 19:15:20,Mumbai
TXN202600077,ACC1021,26887.0,CREDIT,2026-08-20 19:15:50,Delhi
TXN202600078,ACC1008,1628.2,DEBIT,2026-08-20 19:16:20,Bangalore
TXN202600079,ACC1023,19432.99,TRANSFER,2026-08-20 19:16:50,Hyderabad
TXN202600080,ACC1024,33801.64,TRANSFER,2026-08-20 19:17:20,Delhi
TXN202600081,ACC1001,38589.97,TRANSFER,2026-08-20 19:17:50,Delhi
TXN202600082,ACC1030,21132.57,DEBIT,2026-08-20 19:18:20,Mumbai
TXN202600083,ACC1046,38914.58,CREDIT,2026-08-20 19:18:50,Bangalore
TXN202600084,ACC1001,30454.09,DEBIT,2026-08-20 19:19:20,Delhi
TXN202600085,ACC1039,16349.37,DEBIT,2026-08-20 19:19:50,Chennai
TXN202600086,ACC1002,32972.0,TRANSFER,2026-08-20 19:20:20,Bangalore
TXN202600087,ACC1000,27167.94,DEBIT,2026-08-20 19:20:50,Delhi
TXN202600088,ACC1042,44636.05,TRANSFER,2026-08-20 19:21:20,Bangalore
TXN202600089,ACC1015,2875.79,TRANSFER,2026-08-20 19:21:50,Chennai
TXN202600090,ACC1045,40926.46,DEBIT,2026-08-20 19:22:20,Delhi
TXN202600091,ACC1042,24587.34,CREDIT,2026-08-20 19:22:50,Chennai
TXN202600092,ACC1031,40318.17,TRANSFER,2026-08-20 19:23:20,Hyderabad
TXN202600093,ACC1018,8353.27,DEBIT,2026-08-20 19:23:50,Mumbai
TXN202600094,ACC1043,21494.66,DEBIT,2026-08-20 19:24:20,Bangalore
TXN202600095,ACC1026,29964.82,TRANSFER,2026-08-20 19:24:50,Chennai
TXN202600096,ACC1018,36001.87,TRANSFER,2026-08-20 19:25:20,Mumbai
TXN202600097,ACC1006,44623.02,TRANSFER,2026-08-20 19:25:50,Bangalore
TXN202600098,ACC1043,30873.08,DEBIT,2026-08-20 19:26:20,Chennai
TXN202600099,ACC1000,38412.9,CREDIT,2026-08-20 19:26:50,Mumbai
TXN202600100,ACC1046,34885.38,CREDIT,2026-08-20 19:27:20,Chennai
TXN202600101,ACC1014,17942.92,TRANSFER,2026-08-20 19:27:50,Chennai
TXN202600102,ACC1048,5378.23,CREDIT,2026-08-20 19:28:20,Delhi
TXN202600103,ACC1040,46031.28,CREDIT,2026-08-20 19:28:50,Bangalore
TXN202600104,ACC1004,32065.24,CREDIT,2026-08-20 19:29:20,Chennai
TXN202600105,ACC1028,1814.66,DEBIT,2026-08-20 19:29:50,Chennai
TXN202600106,ACC1014,28558.22,CREDIT,2026-08-20 19:30:20,Delhi
TXN202600107,ACC1007,4808.44,DEBIT,2026-08-20 19:30:50,Hyderabad
TXN202600108,ACC1014,19745.46,DEBIT,2026-08-20 19:31:20,Delhi
TXN202600109,ACC1029,642.06,DEBIT,2026-08-20 19:31:50,Delhi
TXN202600110,ACC1002,48093.49,CREDIT,2026-08-20 19:32:20,Hyderabad
TXN202600111,ACC1042,14982.48,TRANSFER,2026-08-20 19:32:50,Delhi
TXN202600112,ACC1029,8680.25,TRANSFER,2026-08-20 19:33:20,Mumbai
TXN202600113,ACC1016,6829.54,CREDIT,2026-08-20 19:33:50,Hyderabad
TXN202600114,ACC1049,45962.15,CREDIT,2026-08-20 19:34:20,Mumbai
TXN202600115,ACC1023,17543.18,CREDIT,2026-08-20 19:34:50,Hyderabad
TXN202600116,ACC1015,12183.49,DEBIT,2026-08-20 19:35:20,Mumbai
TXN202600117,ACC1017,9143.97,CREDIT,2026-08-20 19:35:50,Bangalore
TXN202600118,ACC1000,9592.39,CREDIT,2026-08-20 19:36:20,Chennai
TXN202600119,ACC1034,41885.89,CREDIT,2026-08-20 19:36:50,Bangalore
TXN202600120,ACC1039,12252.6,CREDIT,2026-08-20 19:37:20,Chennai
TXN202600121,ACC1011,34155.78,CREDIT,2026-08-20 19:37:50,Delhi
TXN202600122,ACC1019,17329.79,DEBIT,2026-08-20 19:38:20,Bangalore
TXN202600123,ACC1008,48649.57,DEBIT,2026-08-20 19:38:50,Hyderabad
TXN202600124,ACC1023,4600.3,CREDIT,2026-08-20 19:39:20,Bangalore
TXN202600125,ACC1041,17133.39,TRANSFER,2026-08-20 19:39:50,Bangalore
TXN202600126,ACC1024,10220.12,TRANSFER,2026-08-20 19:40:20,Bangalore
TXN202600127,ACC1046,21217.53,CREDIT,2026-08-20 19:40:50,Delhi
TXN202600128,ACC1013,21089.59,TRANSFER,2026-08-20 19:41:20,Delhi
TXN202600129,ACC1009,2052.2,TRANSFER,2026-08-20 19:41:50,Mumbai
TXN202600130,ACC1045,43911.43,CREDIT,2026-08-20 19:42:20,Chennai
TXN202600131,ACC1033,30189.86,CREDIT,2026-08-20 19:42:50,Hyderabad
TXN202600132,ACC1049,26294.36,TRANSFER,2026-08-20 19:43:20,Chennai
TXN202600133,ACC1019,45953.79,DEBIT,2026-08-20 19:43:50,Hyderabad
TXN202600134,ACC1027,4222.45,CREDIT,2026-08-20 19:44:20,Chennai
TXN202600135,ACC1025,25877.69,DEBIT,2026-08-20 19:44:50,Mumbai
TXN202600136,ACC1006,8413.32,TRANSFER,2026-08-20 19:45:20,Delhi
TXN202600137,ACC1016,11889.02,CREDIT,2026-08-20 19:45:50,Chennai
TXN202600138,ACC1008,27479.08,DEBIT,2026-08-20 19:46:20,Hyderabad
TXN202600139,ACC1025,23686.26,CREDIT,2026-08-20 19:46:50,Chennai
TXN202600140,ACC1009,36707.14,CREDIT,2026-08-20 19:47:20,Bangalore
TXN202600141,ACC1045,2547.17,TRANSFER,2026-08-20 19:47:50,Delhi
TXN202600142,ACC1033,44654.29,DEBIT,2026-08-20 19:48:20,Mumbai
TXN202600143,ACC1012,40699.89,CREDIT,2026-08-20 19:48:50,Bangalore
TXN202600144,ACC1016,11001.7,TRANSFER,2026-08-20 19:49:20,Bangalore
TXN202600145,ACC1044,33836.34,TRANSFER,2026-08-20 19:49:50,Mumbai
TXN202600146,ACC1036,34338.97,CREDIT,2026-08-20 19:50:20,Hyderabad
TXN202600147,ACC1037,32092.3,TRANSFER,2026-08-20 19:50:50,Hyderabad
TXN202600148,ACC1015,34880.73,DEBIT,2026-08-20 19:51:20,Chennai
TXN202600149,ACC1023,49969.29,CREDIT,2026-08-20 19:51:50,Mumbai
TXN202600150,ACC1028,27566.37,DEBIT,2026-08-20 19:52:20,Mumbai
TXN202600151,ACC1023,43905.81,CREDIT,2026-08-20 19:52:50,Chennai
TXN202600152,ACC1027,17112.9,TRANSFER,2026-08-20 19:53:20,Delhi
TXN202600153,ACC1032,19740.64,DEBIT,2026-08-20 19:53:50,Mumbai
TXN202600154,ACC1023,40766.78,DEBIT,2026-08-20 19:54:20,Hyderabad
TXN202600155,ACC1018,5134.43,TRANSFER,2026-08-20 19:54:50,Bangalore
TXN202600156,ACC1032,36640.7,CREDIT,2026-08-20 19:55:20,Chennai
TXN202600157,ACC1022,20999.37,TRANSFER,2026-08-20 19:55:50,Hyderabad
TXN202600158,ACC1034,15236.03,DEBIT,2026-08-20 19:56:20,Bangalore
TXN202600159,ACC1024,3054.44,CREDIT,2026-08-20 19:56:50,Delhi
TXN202600160,ACC1039,19508.57,DEBIT,2026-08-20 19:57:20,Bangalore
TXN202600161,ACC1005,3712.49,CREDIT,2026-08-20 19:57:50,Delhi
TXN202600162,ACC1012,21227.43,DEBIT,2026-08-20 19:58:20,Bangalore
TXN202600163,ACC1033,38904.69,DEBIT,2026-08-20 19:58:50,Bangalore
TXN202600164,ACC1026,2109.62,TRANSFER,2026-08-20 19:59:20,Hyderabad
TXN202600165,ACC1018,41597.56,DEBIT,2026-08-20 19:59:50,Hyderabad
TXN202600166,ACC1028,42531.14,TRANSFER,2026-08-20 20:00:20,Mumbai
TXN202600167,ACC1034,6815.24,CREDIT,2026-08-20 20:00:50,Chennai
TXN202600168,ACC1024,30255.23,TRANSFER,2026-08-20 20:01:20,Mumbai
TXN202600169,ACC1006,26938.44,TRANSFER,2026-08-20 20:01:50,Mumbai
TXN202600170,ACC1027,49577.38,CREDIT,2026-08-20 20:02:20,Bangalore
TXN202600171,ACC1044,36032.42,TRANSFER,2026-08-20 20:02:50,Chennai
TXN202600172,ACC1020,23274.02,DEBIT,2026-08-20 20:03:20,Bangalore
TXN202600173,ACC1016,5062.1,CREDIT,2026-08-20 20:03:50,Bangalore
TXN202600174,ACC1002,21739.95,TRANSFER,2026-08-20 20:04:20,Mumbai
TXN202600175,ACC1001,19228.38,CREDIT,2026-08-20 20:04:50,Delhi
TXN202600176,ACC1031,32154.17,DEBIT,2026-08-20 20:05:20,Hyderabad
TXN202600177,ACC1008,35746.75,CREDIT,2026-08-20 20:05:50,Chennai
TXN202600178,ACC1032,30520.13,CREDIT,2026-08-20 20:06:20,Bangalore
TXN202600179,ACC1001,5779.7,CREDIT,2026-08-20 20:06:50,Delhi
TXN202600180,ACC1050,23563.28,CREDIT,2026-08-20 20:07:20,Bangalore
TXN202600181,ACC1000,45867.9,CREDIT,2026-08-20 20:07:50,Chennai
TXN202600182,ACC1024,6426.23,CREDIT,2026-08-20 20:08:20,Hyderabad
TXN202600183,ACC1027,28856.58,TRANSFER,2026-08-20 20:08:50,Mumbai
TXN202600184,ACC1040,37165.23,CREDIT,2026-08-20 20:09:20,Bangalore
TXN202600185,ACC1008,40038.55,TRANSFER,2026-08-20 20:09:50,Hyderabad
TXN202600186,ACC1029,30973.56,TRANSFER,2026-08-20 20:10:20,Mumbai
TXN202600187,ACC1015,11173.47,TRANSFER,2026-08-20 20:10:50,Mumbai
TXN202600188,ACC1018,18252.0,CREDIT,2026-08-20 20:11:20,Mumbai
TXN202600189,ACC1000,364.38,CREDIT,2026-08-20 20:11:50,Chennai
TXN202600190,ACC1008,27635.75,CREDIT,2026-08-20 20:12:20,Delhi
TXN202600191,ACC1005,30432.04,DEBIT,2026-08-20 20:12:50,Bangalore
TXN202600192,ACC1027,9151.46,TRANSFER,2026-08-20 20:13:20,Bangalore
TXN202600193,ACC1005,34232.15,CREDIT,2026-08-20 20:13:50,Hyderabad
TXN202600194,ACC1026,49825.97,CREDIT,2026-08-20 20:14:20,Mumbai
TXN202600195,ACC1026,34775.71,CREDIT,2026-08-20 20:14:50,Bangalore
TXN202600196,ACC1041,1781.86,DEBIT,2026-08-20 20:15:20,Chennai
TXN202600197,ACC1009,35311.52,DEBIT,2026-08-20 20:15:50,Mumbai
TXN202600198,ACC1036,45264.72,CREDIT,2026-08-20 20:16:20,Bangalore
TXN202600199,ACC1023,8807.82,CREDIT,2026-08-20 20:16:50,Hyderabad
TXN202600200,ACC1032,32110.48,TRANSFER,2026-08-20 20:17:20,Bangalore
TXN202600201,ACC1037,1174.35,DEBIT,2026-08-20 20:17:50,Mumbai
TXN202600202,ACC1015,23422.84,DEBIT,2026-08-20 20:18:20,Chennai
TXN202600203,ACC1039,24671.16,DEBIT,2026-08-20 20:18:50,Chennai
TXN202600204,ACC1015,40771.89,DEBIT,2026-08-20 20:19:20,Bangalore
TXN202600205,ACC1004,34515.78,DEBIT,2026-08-20 20:19:50,Hyderabad
TXN202600206,ACC1042,12939.29,TRANSFER,2026-08-20 20:20:20,Chennai
TXN202600207,ACC1014,14820.2,CREDIT,2026-08-20 20:20:50,Bangalore
TXN202600208,ACC1034,36416.94,TRANSFER,2026-08-20 20:21:20,Hyderabad
TXN202600209,ACC1002,41278.88,DEBIT,2026-08-20 20:21:50,Bangalore
TXN202600210,ACC1016,3836.63,CREDIT,2026-08-20 20:22:20,Delhi
TXN202600211,ACC1021,38478.95,DEBIT,2026-08-20 20:22:50,Mumbai
TXN202600212,ACC1032,3869.81,DEBIT,2026-08-20 20:23:20,Hyderabad
TXN202600213,ACC1015,36848.0,CREDIT,2026-08-20 20:23:50,Chennai
TXN202600214,ACC1042,42901.52,DEBIT,2026-08-20 20:24:20,Hyderabad
TXN202600215,ACC1022,40111.77,DEBIT,2026-08-20 20:24:50,Mumbai
TXN202600216,ACC1032,12687.34,DEBIT,2026-08-20 20:25:20,Chennai
TXN202600217,ACC1009,5676.32,CREDIT,2026-08-20 20:25:50,Hyderabad
TXN202600218,ACC1004,8948.43,TRANSFER,2026-08-20 20:26:20,Hyderabad
TXN202600219,ACC1002,5065.99,TRANSFER,2026-08-20 20:26:50,Chennai
TXN202600220,ACC1018,38300.13,DEBIT,2026-08-20 20:27:20,Hyderabad
TXN202600221,ACC1024,6632.72,DEBIT,2026-08-20 20:27:50,Bangalore
TXN202600222,ACC1045,20081.36,DEBIT,2026-08-20 20:28:20,Bangalore
TXN202600223,ACC1007,1787.97,TRANSFER,2026-08-20 20:28:50,Delhi
TXN202600224,ACC1034,10050.78,TRANSFER,2026-08-20 20:29:20,Mumbai
TXN202600225,ACC1028,43638.5,CREDIT,2026-08-20 20:29:50,Delhi
TXN202600226,ACC1030,42151.03,TRANSFER,2026-08-20 20:30:20,Delhi
TXN202600227,ACC1045,5601.69,TRANSFER,2026-08-20 20:30:50,Bangalore
TXN202600228,ACC1007,14891.84,TRANSFER,2026-08-20 20:31:20,Chennai
TXN202600229,ACC1011,17448.36,DEBIT,2026-08-20 20:31:50,Bangalore
TXN202600230,ACC1024,49516.94,DEBIT,2026-08-20 20:32:20,Mumbai
TXN202600231,ACC1027,10871.4,DEBIT,2026-08-20 20:32:50,Bangalore
TXN202600232,ACC1031,22857.82,TRANSFER,2026-08-20 20:33:20,Hyderabad
TXN202600233,ACC1026,6129.1,DEBIT,2026-08-20 20:33:50,Hyderabad
TXN202600234,ACC1021,2371.58,CREDIT,2026-08-20 20:34:20,Bangalore
TXN202600235,ACC1049,30225.78,CREDIT,2026-08-20 20:34:50,Delhi
TXN202600236,ACC1037,29922.22,DEBIT,2026-08-20 20:35:20,Mumbai
TXN202600237,ACC1035,314.11,DEBIT,2026-08-20 20:35:50,Chennai
TXN202600238,ACC1009,15839.57,TRANSFER,2026-08-20 20:36:20,Delhi
TXN202600239,ACC1049,16280.43,TRANSFER,2026-08-20 20:36:50,Bangalore
TXN202600240,ACC1020,8225.99,DEBIT,2026-08-20 20:37:20,Mumbai
TXN202600241,ACC1019,6399.53,DEBIT,2026-08-20 20:37:50,Bangalore
TXN202600242,ACC1015,25330.86,DEBIT,2026-08-20 20:38:20,Chennai
TXN202600243,ACC1027,16925.66,TRANSFER,2026-08-20 20:38:50,Delhi
TXN202600244,ACC1004,42676.83,CREDIT,2026-08-20 20:39:20,Bangalore
TXN202600245,ACC1022,43243.32,DEBIT,2026-08-20 20:39:50,Mumbai
TXN202600246,ACC1025,15096.77,DEBIT,2026-08-20 20:40:20,Bangalore
TXN202600247,ACC1032,39476.59,DEBIT,2026-08-20 20:40:50,Hyderabad
TXN202600248,ACC1027,27869.81,CREDIT,2026-08-20 20:41:20,Hyderabad
TXN202600249,ACC1027,26558.07,DEBIT,2026-08-20 20:41:50,Mumbai
TXN202600250,ACC1035,29211.59,TRANSFER,2026-08-20 20:42:20,Bangalore
TXN202600251,ACC1007,7178.47,DEBIT,2026-08-20 20:42:50,Bangalore
TXN202600252,ACC1000,12523.62,TRANSFER,2026-08-20 20:43:20,Bangalore
TXN202600253,ACC1036,31255.44,CREDIT,2026-08-20 20:43:50,Hyderabad
TXN202600254,ACC1046,7863.68,CREDIT,2026-08-20 20:44:20,Mumbai
TXN202600255,ACC1032,40300.22,CREDIT,2026-08-20 20:44:50,Chennai
TXN202600256,ACC1015,22790.94,CREDIT,2026-08-20 20:45:20,Delhi
TXN202600257,ACC1027,2036.65,DEBIT,2026-08-20 20:45:50,Bangalore
TXN202600258,ACC1036,37184.73,CREDIT,2026-08-20 20:46:20,Delhi
TXN202600259,ACC1048,10167.9,CREDIT,2026-08-20 20:46:50,Mumbai
TXN202600260,ACC1005,8502.38,TRANSFER,2026-08-20 20:47:20,Bangalore
TXN202600261,ACC1021,48311.23,DEBIT,2026-08-20 20:47:50,Hyderabad
TXN202600262,ACC1005,42483.32,TRANSFER,2026-08-20 20:48:20,Mumbai
TXN202600263,ACC1019,13808.94,DEBIT,2026-08-20 20:48:50,Mumbai
TXN202600264,ACC1036,47042.57,DEBIT,2026-08-20 20:49:20,Delhi
TXN202600265,ACC1005,39055.85,TRANSFER,2026-08-20 20:49:50,Hyderabad
TXN202600266,ACC1017,47103.77,CREDIT,2026-08-20 20:50:20,Delhi
TXN202600267,ACC1017,13335.03,TRANSFER,2026-08-20 20:50:50,Bangalore
TXN202600268,ACC1021,16020.51,CREDIT,2026-08-20 20:51:20,Chennai
TXN202600269,ACC1036,9937.48,CREDIT,2026-08-20 20:51:50,Hyderabad
TXN202600270,ACC1029,9327.18,CREDIT,2026-08-20 20:52:20,Delhi
TXN202600271,ACC1012,42225.41,CREDIT,2026-08-20 20:52:50,Mumbai
TXN202600272,ACC1050,3813.05,CREDIT,2026-08-20 20:53:20,Mumbai
TXN202600273,ACC1042,20516.14,DEBIT,2026-08-20 20:53:50,Hyderabad
TXN202600274,ACC1037,10526.67,DEBIT,2026-08-20 20:54:20,Chennai
TXN202600275,ACC1021,45087.13,CREDIT,2026-08-20 20:54:50,Hyderabad
TXN202600276,ACC1007,49608.74,CREDIT,2026-08-20 20:55:20,Chennai
TXN202600277,ACC1044,35127.18,DEBIT,2026-08-20 20:55:50,Bangalore
TXN202600278,ACC1022,35357.49,CREDIT,2026-08-20 20:56:20,Hyderabad
TXN202600279,ACC1038,49934.09,CREDIT,2026-08-20 20:56:50,Bangalore
TXN202600280,ACC1015,10577.71,DEBIT,2026-08-20 20:57:20,Mumbai
TXN202600281,ACC1018,48188.36,CREDIT,2026-08-20 20:57:50,Hyderabad
TXN202600282,ACC1034,42953.63,CREDIT,2026-08-20 20:58:20,Chennai
TXN202600283,ACC1002,12252.11,CREDIT,2026-08-20 20:58:50,Hyderabad
TXN202600284,ACC1038,11535.86,TRANSFER,2026-08-20 20:59:20,Bangalore
TXN202600285,ACC1002,2139.88,TRANSFER,2026-08-20 20:59:50,Mumbai
TXN202600286,ACC1039,22725.83,CREDIT,2026-08-20 21:00:20,Hyderabad
TXN202600287,ACC1024,34295.33,TRANSFER,2026-08-20 21:00:50,Chennai
TXN202600288,ACC1011,42930.38,DEBIT,2026-08-20 21:01:20,Chennai
TXN202600289,ACC1032,28652.81,CREDIT,2026-08-20 21:01:50,Mumbai
TXN202600290,ACC1050,47312.2,DEBIT,2026-08-20 21:02:20,Bangalore
TXN202600291,ACC1048,29526.17,DEBIT,2026-08-20 21:02:50,Bangalore
TXN202600292,ACC1034,39177.61,CREDIT,2026-08-20 21:03:20,Bangalore
TXN202600293,ACC1028,32765.73,TRANSFER,2026-08-20 21:03:50,Delhi
TXN202600294,ACC1046,42664.55,DEBIT,2026-08-20 21:04:20,Mumbai
TXN202600295,ACC1033,21116.83,DEBIT,2026-08-20 21:04:50,Chennai
TXN202600296,ACC1036,28018.68,CREDIT,2026-08-20 21:05:20,Delhi
TXN202600297,ACC1005,25510.42,DEBIT,2026-08-20 21:05:50,Bangalore
TXN202600298,ACC1049,12056.06,CREDIT,2026-08-20 21:06:20,Delhi
TXN202600299,ACC1046,3577.93,CREDIT,2026-08-20 21:06:50,Mumbai
TXN202600300,ACC1009,856.92,TRANSFER,2026-08-20 21:07:20,Mumbai
TXN202600301,ACC1001,29802.93,DEBIT,2026-08-20 21:07:50,Mumbai
TXN202600302,ACC1004,6501.49,TRANSFER,2026-08-20 21:08:20,Mumbai
TXN202600303,ACC1036,31690.87,CREDIT,2026-08-20 21:08:50,Hyderabad
TXN202600304,ACC1033,29954.65,CREDIT,2026-08-20 21:09:20,Chennai
TXN202600305,ACC1013,42212.65,CREDIT,2026-08-20 21:09:50,Bangalore
TXN202600306,ACC1026,1726.65,TRANSFER,2026-08-20 21:10:20,Mumbai
TXN202600307,ACC1000,36810.4,DEBIT,2026-08-20 21:10:50,Mumbai
TXN202600308,ACC1026,11110.24,TRANSFER,2026-08-20 21:11:20,Mumbai
TXN202600309,ACC1025,19721.82,DEBIT,2026-08-20 21:11:50,Bangalore
TXN202600310,ACC1041,22706.05,TRANSFER,2026-08-20 21:12:20,Bangalore
TXN202600311,ACC1003,18271.61,CREDIT,2026-08-20 21:12:50,Mumbai
TXN202600312,ACC1050,1584.0,TRANSFER,2026-08-20 21:13:20,Mumbai
TXN202600313,ACC1001,35489.89,TRANSFER,2026-08-20 21:13:50,Hyderabad
TXN202600314,ACC1027,3351.11,DEBIT,2026-08-20 21:14:20,Delhi
TXN202600315,ACC1040,40020.67,DEBIT,2026-08-20 21:14:50,Mumbai
TXN202600316,ACC1044,28200.09,CREDIT,2026-08-20 21:15:20,Bangalore
TXN202600317,ACC1048,47982.79,CREDIT,2026-08-20 21:15:50,Mumbai
TXN202600318,ACC1017,49830.73,CREDIT,2026-08-20 21:16:20,Mumbai
TXN202600319,ACC1021,37365.99,DEBIT,2026-08-20 21:16:50,Chennai
TXN202600320,ACC1026,24498.99,CREDIT,2026-08-20 21:17:20,Bangalore
TXN202600321,ACC1025,49055.29,CREDIT,2026-08-20 21:17:50,Bangalore
TXN202600322,ACC1048,21218.53,TRANSFER,2026-08-20 21:18:20,Bangalore
TXN202600323,ACC1036,45746.59,DEBIT,2026-08-20 21:18:50,Hyderabad
TXN202600324,ACC1040,4174.43,CREDIT,2026-08-20 21:19:20,Mumbai
TXN202600325,ACC1017,16753.53,TRANSFER,2026-08-20 21:19:50,Hyderabad
TXN202600326,ACC1021,44667.54,CREDIT,2026-08-20 21:20:20,Chennai
TXN202600327,ACC1014,46975.68,DEBIT,2026-08-20 21:20:50,Mumbai
TXN202600328,ACC1029,30176.65,DEBIT,2026-08-20 21:21:20,Hyderabad
TXN202600329,ACC1047,43245.3,DEBIT,2026-08-20 21:21:50,Hyderabad
TXN202600330,ACC1034,38338.74,CREDIT,2026-08-20 21:22:20,Bangalore
TXN202600331,ACC1016,18786.13,CREDIT,2026-08-20 21:22:50,Chennai
TXN202600332,ACC1027,18287.65,TRANSFER,2026-08-20 21:23:20,Hyderabad
TXN202600333,ACC1011,34915.08,DEBIT,2026-08-20 21:23:50,Chennai
TXN202600334,ACC1013,39455.32,CREDIT,2026-08-20 21:24:20,Bangalore
TXN202600335,ACC1012,30271.3,DEBIT,2026-08-20 21:24:50,Delhi
TXN202600336,ACC1001,17579.72,CREDIT,2026-08-20 21:25:20,Mumbai
TXN202600337,ACC1048,46577.96,TRANSFER,2026-08-20 21:25:50,Hyderabad
TXN202600338,ACC1024,27511.42,TRANSFER,2026-08-20 21:26:20,Bangalore
TXN202600339,ACC1011,24607.42,TRANSFER,2026-08-20 21:26:50,Mumbai
TXN202600340,ACC1024,45773.24,DEBIT,2026-08-20 21:27:20,Chennai
TXN202600341,ACC1024,48930.69,TRANSFER,2026-08-20 21:27:50,Bangalore
TXN202600342,ACC1016,33753.35,DEBIT,2026-08-20 21:28:20,Mumbai
TXN202600343,ACC1039,27289.21,CREDIT,2026-08-20 21:28:50,Bangalore
TXN202600344,ACC1018,20745.33,CREDIT,2026-08-20 21:29:20,Hyderabad
TXN202600345,ACC1030,26614.18,DEBIT,2026-08-20 21:29:50,Bangalore
TXN202600346,ACC1010,4473.92,DEBIT,2026-08-20 21:30:20,Chennai
TXN202600347,ACC1026,28276.21,CREDIT,2026-08-20 21:30:50,Hyderabad
TXN202600348,ACC1046,30488.2,TRANSFER,2026-08-20 21:31:20,Mumbai
TXN202600349,ACC1046,27945.79,TRANSFER,2026-08-20 21:31:50,Delhi
TXN202600350,ACC1035,45683.73,TRANSFER,2026-08-20 21:32:20,Chennai
TXN202600351,ACC1021,6896.1,TRANSFER,2026-08-20 21:32:50,Bangalore
TXN202600352,ACC1015,1934.93,TRANSFER,2026-08-20 21:33:20,Delhi
TXN202600353,ACC1027,45320.75,TRANSFER,2026-08-20 21:33:50,Delhi
TXN202600354,ACC1035,27097.99,TRANSFER,2026-08-20 21:34:20,Hyderabad
TXN202600355,ACC1042,33641.0,TRANSFER,2026-08-20 21:34:50,Chennai
TXN202600356,ACC1000,45658.04,TRANSFER,2026-08-20 21:35:20,Delhi
TXN202600357,ACC1020,22323.47,CREDIT,2026-08-20 21:35:50,Hyderabad
TXN202600358,ACC1021,26915.37,TRANSFER,2026-08-20 21:36:20,Mumbai
TXN202600359,ACC1037,24349.55,DEBIT,2026-08-20 21:36:50,Delhi
TXN202600360,ACC1045,23683.37,CREDIT,2026-08-20 21:37:20,Delhi
TXN202600361,ACC1018,24830.65,CREDIT,2026-08-20 21:37:50,Delhi
TXN202600362,ACC1027,35337.22,CREDIT,2026-08-20 21:38:20,Chennai
TXN202600363,ACC1001,11656.55,CREDIT,2026-08-20 21:38:50,Delhi
TXN202600364,ACC1049,5668.1,TRANSFER,2026-08-20 21:39:20,Hyderabad
TXN202600365,ACC1016,28430.71,TRANSFER,2026-08-20 21:39:50,Delhi
TXN202600366,ACC1007,41672.02,CREDIT,2026-08-20 21:40:20,Delhi
TXN202600367,ACC1020,16680.23,CREDIT,2026-08-20 21:40:50,Delhi
TXN202600368,ACC1035,13727.18,DEBIT,2026-08-20 21:41:20,Bangalore
TXN202600369,ACC1032,11503.4,DEBIT,2026-08-20 21:41:50,Hyderabad
TXN202600370,ACC1025,32598.67,CREDIT,2026-08-20 21:42:20,Chennai
TXN202600371,ACC1012,18462.72,CREDIT,2026-08-20 21:42:50,Delhi
TXN202600372,ACC1015,3364.08,CREDIT,2026-08-20 21:43:20,Chennai
TXN202600373,ACC1041,23170.87,TRANSFER,2026-08-20 21:43:50,Chennai
TXN202600374,ACC1046,806.08,DEBIT,2026-08-20 21:44:20,Bangalore
TXN202600375,ACC1021,31888.64,TRANSFER,2026-08-20 21:44:50,Hyderabad
TXN202600376,ACC1045,18085.38,CREDIT,2026-08-20 21:45:20,Bangalore
TXN202600377,ACC1034,7347.17,CREDIT,2026-08-20 21:45:50,Bangalore
TXN202600378,ACC1011,39333.05,DEBIT,2026-08-20 21:46:20,Hyderabad
TXN202600379,ACC1048,17920.12,CREDIT,2026-08-20 21:46:50,Hyderabad
TXN202600380,ACC1047,48357.62,TRANSFER,2026-08-20 21:47:20,Bangalore
TXN202600381,ACC1016,35159.38,CREDIT,2026-08-20 21:47:50,Bangalore
TXN202600382,ACC1004,4062.92,CREDIT,2026-08-20 21:48:20,Bangalore
TXN202600383,ACC1043,13580.1,CREDIT,2026-08-20 21:48:50,Chennai
TXN202600384,ACC1024,7446.77,CREDIT,2026-08-20 21:49:20,Chennai
TXN202600385,ACC1044,24069.37,CREDIT,2026-08-20 21:49:50,Bangalore
TXN202600386,ACC1036,49413.08,DEBIT,2026-08-20 21:50:20,Mumbai
TXN202600387,ACC1035,22628.07,TRANSFER,2026-08-20 21:50:50,Hyderabad
TXN202600388,ACC1044,32780.23,DEBIT,2026-08-20 21:51:20,Bangalore
TXN202600389,ACC1048,28793.12,CREDIT,2026-08-20 21:51:50,Bangalore
TXN202600390,ACC1011,34269.72,CREDIT,2026-08-20 21:52:20,Bangalore
TXN202600391,ACC1036,7537.83,DEBIT,2026-08-20 21:52:50,Chennai
TXN202600392,ACC1024,9194.04,DEBIT,2026-08-20 21:53:20,Mumbai
TXN202600393,ACC1026,31654.15,DEBIT,2026-08-20 21:53:50,Chennai
TXN202600394,ACC1024,19839.11,CREDIT,2026-08-20 21:54:20,Hyderabad
TXN202600395,ACC1041,34327.49,DEBIT,2026-08-20 21:54:50,Mumbai
TXN202600396,ACC1019,26961.11,CREDIT,2026-08-20 21:55:20,Mumbai
TXN202600397,ACC1008,46247.5,CREDIT,2026-08-20 21:55:50,Delhi
TXN202600398,ACC1025,11766.34,DEBIT,2026-08-20 21:56:20,Mumbai
TXN202600399,ACC1016,31432.78,CREDIT,2026-08-20 21:56:50,Delhi
TXN202600400,ACC1037,21033.03,TRANSFER,2026-08-20 21:57:20,Bangalore
TXN202600401,ACC1046,13287.76,TRANSFER,2026-08-20 21:57:50,Delhi
TXN202600402,ACC1045,20018.61,CREDIT,2026-08-20 21:58:20,Bangalore
TXN202600403,ACC1045,41694.56,DEBIT,2026-08-20 21:58:50,Bangalore
TXN202600404,ACC1012,29063.73,DEBIT,2026-08-20 21:59:20,Mumbai
TXN202600405,ACC1028,33395.02,TRANSFER,2026-08-20 21:59:50,Chennai
TXN202600406,ACC1000,18345.72,CREDIT,2026-08-20 22:00:20,Delhi
TXN202600407,ACC1039,32289.66,DEBIT,2026-08-20 22:00:50,Bangalore
TXN202600408,ACC1035,40720.32,CREDIT,2026-08-20 22:01:20,Hyderabad
TXN202600409,ACC1029,18163.86,TRANSFER,2026-08-20 22:01:50,Mumbai
TXN202600410,ACC1015,17809.35,DEBIT,2026-08-20 22:02:20,Delhi
TXN202600411,ACC1008,25664.31,CREDIT,2026-08-20 22:02:50,Mumbai
TXN202600412,ACC1031,33725.2,DEBIT,2026-08-20 22:03:20,Hyderabad
TXN202600413,ACC1022,32285.61,DEBIT,2026-08-20 22:03:50,Bangalore
TXN202600414,ACC1050,36121.28,DEBIT,2026-08-20 22:04:20,Hyderabad
TXN202600415,ACC1048,48980.11,DEBIT,2026-08-20 22:04:50,Delhi
TXN202600416,ACC1048,17196.71,CREDIT,2026-08-20 22:05:20,Delhi
TXN202600417,ACC1017,34654.72,TRANSFER,2026-08-20 22:05:50,Bangalore
TXN202600418,ACC1026,47227.36,CREDIT,2026-08-20 22:06:20,Chennai
TXN202600419,ACC1038,14050.0,CREDIT,2026-08-20 22:06:50,Delhi
TXN202600420,ACC1043,27439.89,DEBIT,2026-08-20 22:07:20,Bangalore
TXN202600421,ACC1015,43247.98,TRANSFER,2026-08-20 22:07:50,Bangalore
TXN202600422,ACC1029,8265.88,TRANSFER,2026-08-20 22:08:20,Chennai
TXN202600423,ACC1003,29934.81,DEBIT,2026-08-20 22:08:50,Mumbai
TXN202600424,ACC1026,2505.75,DEBIT,2026-08-20 22:09:20,Chennai
TXN202600425,ACC1008,20621.4,CREDIT,2026-08-20 22:09:50,Hyderabad
TXN202600426,ACC1043,36450.68,DEBIT,2026-08-20 22:10:20,Mumbai
TXN202600427,ACC1049,717.23,CREDIT,2026-08-20 22:10:50,Mumbai
TXN202600428,ACC1027,49024.16,CREDIT,2026-08-20 22:11:20,Chennai
TXN202600429,ACC1018,47493.25,DEBIT,2026-08-20 22:11:50,Chennai
TXN202600430,ACC1028,39330.25,DEBIT,2026-08-20 22:12:20,Chennai
TXN202600431,ACC1046,9864.01,CREDIT,2026-08-20 22:12:50,Mumbai
TXN202600432,ACC1029,40437.34,CREDIT,2026-08-20 22:13:20,Hyderabad
TXN202600433,ACC1007,36867.79,DEBIT,2026-08-20 22:13:50,Mumbai
TXN202600434,ACC1032,31715.89,CREDIT,2026-08-20 22:14:20,Mumbai
TXN202600435,ACC1035,47338.28,TRANSFER,2026-08-20 22:14:50,Delhi
TXN202600436,ACC1030,4316.3,CREDIT,2026-08-20 22:15:20,Hyderabad
TXN202600437,ACC1020,18882.61,DEBIT,2026-08-20 22:15:50,Mumbai
TXN202600438,ACC1003,14303.02,TRANSFER,2026-08-20 22:16:20,Bangalore
TXN202600439,ACC1047,37962.59,DEBIT,2026-08-20 22:16:50,Chennai
TXN202600440,ACC1014,1297.53,DEBIT,2026-08-20 22:17:20,Hyderabad
TXN202600441,ACC1016,34372.97,DEBIT,2026-08-20 22:17:50,Chennai
TXN202600442,ACC1005,28219.94,TRANSFER,2026-08-20 22:18:20,Delhi
TXN202600443,ACC1040,9729.43,TRANSFER,2026-08-20 22:18:50,Bangalore
TXN202600444,ACC1004,19475.38,DEBIT,2026-08-20 22:19:20,Chennai
TXN202600445,ACC1003,38244.29,DEBIT,2026-08-20 22:19:50,Bangalore
TXN202600446,ACC1009,22208.94,CREDIT,2026-08-20 22:20:20,Bangalore
TXN202600447,ACC1025,36973.32,CREDIT,2026-08-20 22:20:50,Hyderabad
TXN202600448,ACC1010,25277.96,TRANSFER,2026-08-20 22:21:20,Hyderabad
TXN202600449,ACC1012,1675.85,DEBIT,2026-08-20 22:21:50,Bangalore
TXN202600450,ACC1045,18521.47,DEBIT,2026-08-20 22:22:20,Mumbai
TXN202600451,ACC1010,30151.15,TRANSFER,2026-08-20 22:22:50,Chennai
TXN202600452,ACC1016,37664.46,CREDIT,2026-08-20 22:23:20,Bangalore
TXN202600453,ACC1044,22246.72,TRANSFER,2026-08-20 22:23:50,Mumbai
TXN202600454,ACC1001,44473.35,TRANSFER,2026-08-20 22:24:20,Delhi
TXN202600455,ACC1047,16962.52,CREDIT,2026-08-20 22:24:50,Bangalore
TXN202600456,ACC1011,45797.6,DEBIT,2026-08-20 22:25:20,Bangalore
TXN202600457,ACC1034,42112.15,CREDIT,2026-08-20 22:25:50,Bangalore
TXN202600458,ACC1012,3322.56,TRANSFER,2026-08-20 22:26:20,Bangalore
TXN202600459,ACC1039,38286.8,TRANSFER,2026-08-20 22:26:50,Delhi
TXN202600460,ACC1027,3859.33,TRANSFER,2026-08-20 22:27:20,Delhi
TXN202600461,ACC1037,32219.4,TRANSFER,2026-08-20 22:27:50,Chennai
TXN202600462,ACC1004,48813.59,CREDIT,2026-08-20 22:28:20,Hyderabad
TXN202600463,ACC1039,4783.15,DEBIT,2026-08-20 22:28:50,Hyderabad
TXN202600464,ACC1000,47824.51,DEBIT,2026-08-20 22:29:20,Mumbai
TXN202600465,ACC1020,13327.29,CREDIT,2026-08-20 22:29:50,Bangalore
TXN202600466,ACC1026,6331.66,CREDIT,2026-08-20 22:30:20,Hyderabad
TXN202600467,ACC1036,19884.09,DEBIT,2026-08-20 22:30:50,Mumbai
TXN202600468,ACC1023,20815.68,TRANSFER,2026-08-20 22:31:20,Bangalore
TXN202600469,ACC1045,49070.67,CREDIT,2026-08-20 22:31:50,Hyderabad
TXN202600470,ACC1045,33938.6,TRANSFER,2026-08-20 22:32:20,Chennai
TXN202600471,ACC1017,4650.94,CREDIT,2026-08-20 22:32:50,Mumbai
TXN202600472,ACC1012,18305.11,TRANSFER,2026-08-20 22:33:20,Mumbai
TXN202600473,ACC1046,32199.58,DEBIT,2026-08-20 22:33:50,Bangalore
TXN202600474,ACC1006,20381.91,TRANSFER,2026-08-20 22:34:20,Chennai
TXN202600475,ACC1031,22058.45,DEBIT,2026-08-20 22:34:50,Hyderabad
TXN202600476,ACC1007,28308.16,TRANSFER,2026-08-20 22:35:20,Bangalore
TXN202600477,ACC1027,1846.56,DEBIT,2026-08-20 22:35:50,Chennai
TXN202600478,ACC1021,37396.75,CREDIT,2026-08-20 22:36:20,Bangalore
TXN202600479,ACC1018,34865.16,TRANSFER,2026-08-20 22:36:50,Delhi
TXN202600480,ACC1009,22972.12,TRANSFER,2026-08-20 22:37:20,Bangalore
TXN202600481,ACC1035,9506.79,CREDIT,2026-08-20 22:37:50,Delhi
TXN202600482,ACC1019,12862.07,TRANSFER,2026-08-20 22:38:20,Mumbai
TXN202600483,ACC1034,9918.19,TRANSFER,2026-08-20 22:38:50,Chennai
TXN202600484,ACC1045,17906.25,DEBIT,2026-08-20 22:39:20,Chennai
TXN202600485,ACC1018,25653.7,TRANSFER,2026-08-20 22:39:50,Hyderabad
TXN202600486,ACC1037,11930.49,DEBIT,2026-08-20 22:40:20,Bangalore
TXN202600487,ACC1000,25297.63,CREDIT,2026-08-20 22:40:50,Hyderabad
TXN202600488,ACC1006,22055.0,CREDIT,2026-08-20 22:41:20,Chennai
TXN202600489,ACC1006,32380.14,TRANSFER,2026-08-20 22:41:50,Mumbai
TXN202600490,ACC1003,26937.39,CREDIT,2026-08-20 22:42:20,Hyderabad
TXN202600491,ACC1026,42377.08,DEBIT,2026-08-20 22:42:50,Chennai
TXN202600492,ACC1032,31230.9,DEBIT,2026-08-20 22:43:20,Hyderabad
TXN202600493,ACC1006,40721.62,DEBIT,2026-08-20 22:43:50,Chennai
TXN202600494,ACC1022,16724.72,DEBIT,2026-08-20 22:44:20,Mumbai
TXN202600495,ACC1025,19439.14,DEBIT,2026-08-20 22:44:50,Chennai
TXN202600496,ACC1016,28493.02,CREDIT,2026-08-20 22:45:20,Hyderabad
TXN202600497,ACC1023,4383.8,DEBIT,2026-08-20 22:45:50,Hyderabad
TXN202600498,ACC1021,19065.42,CREDIT,2026-08-20 22:46:20,Hyderabad
TXN202600499,ACC1015,44333.03,DEBIT,2026-08-20 22:46:50,Mumbai
TXN202600500,ACC1000,16262.16,CREDIT,2026-08-20 22:47:20,Hyderabad
TXN202600501,ACC1028,26112.66,TRANSFER,2026-08-20 22:47:50,Hyderabad
TXN202600502,ACC1043,8469.08,DEBIT,2026-08-20 22:48:20,Delhi
TXN202600503,ACC1028,7696.64,DEBIT,2026-08-20 22:48:50,Chennai
TXN202600504,ACC1046,39905.71,TRANSFER,2026-08-20 22:49:20,Chennai
TXN202600505,ACC1019,3004.92,DEBIT,2026-08-20 22:49:50,Hyderabad
TXN202600506,ACC1043,49766.75,CREDIT,2026-08-20 22:50:20,Delhi
TXN202600507,ACC1041,10563.36,CREDIT,2026-08-20 22:50:50,Mumbai
TXN202600508,ACC1029,30594.79,CREDIT,2026-08-20 22:51:20,Mumbai
TXN202600509,ACC1017,31611.04,DEBIT,2026-08-20 22:51:50,Chennai
TXN202600510,ACC1009,39890.67,CREDIT,2026-08-20 22:52:20,Delhi
TXN202600511,ACC1010,44408.94,CREDIT,2026-08-20 22:52:50,Chennai
TXN202600512,ACC1011,19822.36,DEBIT,2026-08-20 22:53:20,Delhi
TXN202600513,ACC1021,21201.75,CREDIT,2026-08-20 22:53:50,Chennai
TXN202600514,ACC1047,33955.6,CREDIT,2026-08-20 22:54:20,Hyderabad
TXN202600515,ACC1009,8724.84,TRANSFER,2026-08-20 22:54:50,Delhi
TXN202600516,ACC1046,31827.02,CREDIT,2026-08-20 22:55:20,Delhi
TXN202600517,ACC1045,32059.33,DEBIT,2026-08-20 22:55:50,Delhi
TXN202600518,ACC1000,2406.9,DEBIT,2026-08-20 22:56:20,Mumbai
TXN202600519,ACC1002,2960.16,DEBIT,2026-08-20 22:56:50,Mumbai
TXN202600520,ACC1028,33907.43,DEBIT,2026-08-20 22:57:20,Mumbai
TXN202600521,ACC1026,30236.47,DEBIT,2026-08-20 22:57:50,Hyderabad
TXN202600522,ACC1023,39032.98,CREDIT,2026-08-20 22:58:20,Chennai
TXN202600523,ACC1037,35238.04,DEBIT,2026-08-20 22:58:50,Chennai
TXN202600524,ACC1035,31580.77,DEBIT,2026-08-20 22:59:20,Bangalore
TXN202600525,ACC1016,31909.35,CREDIT,2026-08-20 22:59:50,Hyderabad
TXN202600526,ACC1022,28269.57,TRANSFER,2026-08-20 23:00:20,Hyderabad
TXN202600527,ACC1003,29616.11,TRANSFER,2026-08-20 23:00:50,Chennai
TXN202600528,ACC1001,32649.92,DEBIT,2026-08-20 23:01:20,Hyderabad
TXN202600529,ACC1046,12462.03,CREDIT,2026-08-20 23:01:50,Bangalore
TXN202600530,ACC1008,9821.03,DEBIT,2026-08-20 23:02:20,Chennai
TXN202600531,ACC1029,20270.25,DEBIT,2026-08-20 23:02:50,Mumbai
TXN202600532,ACC1005,18787.98,TRANSFER,2026-08-20 23:03:20,Chennai
TXN202600533,ACC1005,11729.1,TRANSFER,2026-08-20 23:03:50,Chennai
TXN202600534,ACC1022,40264.72,CREDIT,2026-08-20 23:04:20,Bangalore
TXN202600535,ACC1033,11563.23,CREDIT,2026-08-20 23:04:50,Bangalore
TXN202600536,ACC1013,21809.88,TRANSFER,2026-08-20 23:05:20,Chennai
TXN202600537,ACC1003,12429.94,TRANSFER,2026-08-20 23:05:50,Chennai
TXN202600538,ACC1023,6818.81,TRANSFER,2026-08-20 23:06:20,Hyderabad
TXN202600539,ACC1013,31162.3,CREDIT,2026-08-20 23:06:50,Chennai
TXN202600540,ACC1048,18462.79,DEBIT,2026-08-20 23:07:20,Mumbai
TXN202600541,ACC1037,16554.23,TRANSFER,2026-08-20 23:07:50,Chennai
TXN202600542,ACC1039,5172.0,DEBIT,2026-08-20 23:08:20,Hyderabad
TXN202600543,ACC1034,20668.41,DEBIT,2026-08-20 23:08:50,Hyderabad
TXN202600544,ACC1002,43915.21,CREDIT,2026-08-20 23:09:20,Bangalore
TXN202600545,ACC1010,19081.48,CREDIT,2026-08-20 23:09:50,Hyderabad
TXN202600546,ACC1028,26408.36,DEBIT,2026-08-20 23:10:20,Delhi
TXN202600547,ACC1043,20973.33,TRANSFER,2026-08-20 23:10:50,Mumbai
TXN202600548,ACC1049,13377.49,CREDIT,2026-08-20 23:11:20,Mumbai
TXN202600549,ACC1027,30018.44,DEBIT,2026-08-20 23:11:50,Bangalore
TXN202600550,ACC1028,24858.47,DEBIT,2026-08-20 23:12:20,Bangalore
TXN202600551,ACC1050,17197.43,TRANSFER,2026-08-20 23:12:50,Mumbai
TXN202600552,ACC1038,1343.04,TRANSFER,2026-08-20 23:13:20,Chennai
TXN202600553,ACC1042,23550.77,TRANSFER,2026-08-20 23:13:50,Mumbai
TXN202600554,ACC1010,31692.8,CREDIT,2026-08-20 23:14:20,Delhi
TXN202600555,ACC1004,33389.83,TRANSFER,2026-08-20 23:14:50,Chennai
TXN202600556,ACC1017,1591.76,TRANSFER,2026-08-20 23:15:20,Bangalore
TXN202600557,ACC1011,42123.42,DEBIT,2026-08-20 23:15:50,Hyderabad
TXN202600558,ACC1014,17249.2,DEBIT,2026-08-20 23:16:20,Delhi
TXN202600559,ACC1019,41213.73,DEBIT,2026-08-20 23:16:50,Bangalore
TXN202600560,ACC1007,47330.93,TRANSFER,2026-08-20 23:17:20,Hyderabad
TXN202600561,ACC1018,49537.35,CREDIT,2026-08-20 23:17:50,Hyderabad
TXN202600562,ACC1016,33361.18,TRANSFER,2026-08-20 23:18:20,Delhi
TXN202600563,ACC1025,7943.72,DEBIT,2026-08-20 23:18:50,Chennai
TXN202600564,ACC1043,33346.76,DEBIT,2026-08-20 23:19:20,Bangalore
TXN202600565,ACC1042,49130.69,DEBIT,2026-08-20 23:19:50,Bangalore
TXN202600566,ACC1003,4812.46,TRANSFER,2026-08-20 23:20:20,Mumbai
TXN202600567,ACC1025,31815.4,DEBIT,2026-08-20 23:20:50,Hyderabad
TXN202600568,ACC1023,33703.03,CREDIT,2026-08-20 23:21:20,Chennai
TXN202600569,ACC1000,1395.9,TRANSFER,2026-08-20 23:21:50,Hyderabad
TXN202600570,ACC1032,3759.46,TRANSFER,2026-08-20 23:22:20,Mumbai
TXN202600571,ACC1033,46402.58,TRANSFER,2026-08-20 23:22:50,Delhi
TXN202600572,ACC1031,17120.27,TRANSFER,2026-08-20 23:23:20,Chennai
TXN202600573,ACC1023,15184.64,DEBIT,2026-08-20 23:23:50,Delhi
TXN202600574,ACC1038,9846.79,DEBIT,2026-08-20 23:24:20,Mumbai
TXN202600575,ACC1035,40729.31,DEBIT,2026-08-20 23:24:50,Delhi
TXN202600576,ACC1049,11963.89,DEBIT,2026-08-20 23:25:20,Chennai
TXN202600577,ACC1028,30164.97,CREDIT,2026-08-20 23:25:50,Hyderabad
TXN202600578,ACC1037,14072.96,DEBIT,2026-08-20 23:26:20,Hyderabad
TXN202600579,ACC1050,47260.86,DEBIT,2026-08-20 23:26:50,Bangalore
TXN202600580,ACC1039,30833.13,CREDIT,2026-08-20 23:27:20,Mumbai
TXN202600581,ACC1034,2399.48,DEBIT,2026-08-20 23:27:50,Delhi
TXN202600582,ACC1004,14137.77,DEBIT,2026-08-20 23:28:20,Hyderabad
TXN202600583,ACC1038,48750.15,DEBIT,2026-08-20 23:28:50,Chennai
TXN202600584,ACC1026,34358.63,TRANSFER,2026-08-20 23:29:20,Bangalore
TXN202600585,ACC1030,7869.29,DEBIT,2026-08-20 23:29:50,Mumbai
TXN202600586,ACC1048,8140.0,CREDIT,2026-08-20 23:30:20,Hyderabad
TXN202600587,ACC1039,44320.96,CREDIT,2026-08-20 23:30:50,Mumbai
TXN202600588,ACC1049,5327.45,TRANSFER,2026-08-20 23:31:20,Delhi
TXN202600589,ACC1025,26016.41,DEBIT,2026-08-20 23:31:50,Bangalore
TXN202600590,ACC1042,25170.32,DEBIT,2026-08-20 23:32:20,Delhi
TXN202600591,ACC1017,3133.55,DEBIT,2026-08-20 23:32:50,Mumbai
TXN202600592,ACC1004,25960.65,CREDIT,2026-08-20 23:33:20,Bangalore
TXN202600593,ACC1033,13760.06,TRANSFER,2026-08-20 23:33:50,Bangalore
TXN202600594,ACC1012,37209.43,TRANSFER,2026-08-20 23:34:20,Delhi
TXN202600595,ACC1019,41097.64,CREDIT,2026-08-20 23:34:50,Bangalore
TXN202600596,ACC1050,24166.33,TRANSFER,2026-08-20 23:35:20,Bangalore
TXN202600597,ACC1004,32872.69,DEBIT,2026-08-20 23:35:50,Delhi
TXN202600598,ACC1008,15736.22,TRANSFER,2026-08-20 23:36:20,Bangalore
TXN202600599,ACC1005,7891.2,DEBIT,2026-08-20 23:36:50,Mumbai
TXN202600600,ACC1028,15575.0,CREDIT,2026-08-20 23:37:20,Bangalore
TXN202600601,ACC1017,25276.23,TRANSFER,2026-08-20 23:37:50,Hyderabad
TXN202600602,ACC1023,10120.94,TRANSFER,2026-08-20 23:38:20,Delhi
TXN202600603,ACC1040,22998.12,DEBIT,2026-08-20 23:38:50,Mumbai
TXN202600604,ACC1009,24357.14,CREDIT,2026-08-20 23:39:20,Delhi
TXN202600605,ACC1012,32809.91,DEBIT,2026-08-20 23:39:50,Chennai
TXN202600606,ACC1050,35020.99,DEBIT,2026-08-20 23:40:20,Mumbai
TXN202600607,ACC1020,43827.92,DEBIT,2026-08-20 23:40:50,Mumbai
TXN202600608,ACC1039,46376.06,TRANSFER,2026-08-20 23:41:20,Bangalore
TXN202600609,ACC1050,24977.92,DEBIT,2026-08-20 23:41:50,Mumbai
TXN202600610,ACC1024,34883.82,DEBIT,2026-08-20 23:42:20,Hyderabad
TXN202600611,ACC1012,2599.02,TRANSFER,2026-08-20 23:42:50,Mumbai
TXN202600612,ACC1025,2060.32,CREDIT,2026-08-20 23:43:20,Delhi
TXN202600613,ACC1021,23846.82,TRANSFER,2026-08-20 23:43:50,Mumbai
TXN202600614,ACC1038,48424.49,DEBIT,2026-08-20 23:44:20,Mumbai
TXN202600615,ACC1035,27772.91,TRANSFER,2026-08-20 23:44:50,Chennai
TXN202600616,ACC1007,784.51,CREDIT,2026-08-20 23:45:20,Delhi
TXN202600617,ACC1020,12369.0,CREDIT,2026-08-20 23:45:50,Mumbai
TXN202600618,ACC1025,6049.12,DEBIT,2026-08-20 23:46:20,Hyderabad
TXN202600619,ACC1017,40515.23,DEBIT,2026-08-20 23:46:50,Delhi
TXN202600620,ACC1012,46141.43,DEBIT,2026-08-20 23:47:20,Hyderabad
TXN202600621,ACC1008,21715.79,DEBIT,2026-08-20 23:47:50,Hyderabad
TXN202600622,ACC1047,7489.72,DEBIT,2026-08-20 23:48:20,Mumbai
TXN202600623,ACC1012,18350.31,TRANSFER,2026-08-20 23:48:50,Hyderabad
TXN202600624,ACC1024,37069.44,DEBIT,2026-08-20 23:49:20,Chennai
TXN202600625,ACC1032,26626.63,TRANSFER,2026-08-20 23:49:50,Mumbai
TXN202600626,ACC1045,5708.39,DEBIT,2026-08-20 23:50:20,Delhi
TXN202600627,ACC1024,13842.31,CREDIT,2026-08-20 23:50:50,Chennai
TXN202600628,ACC1006,42147.43,TRANSFER,2026-08-20 23:51:20,Delhi
TXN202600629,ACC1020,18308.42,DEBIT,2026-08-20 23:51:50,Bangalore
TXN202600630,ACC1033,46646.46,CREDIT,2026-08-20 23:52:20,Mumbai
TXN202600631,ACC1041,28561.05,CREDIT,2026-08-20 23:52:50,Hyderabad
TXN202600632,ACC1018,29234.77,CREDIT,2026-08-20 23:53:20,Hyderabad
TXN202600633,ACC1028,30010.99,DEBIT,2026-08-20 23:53:50,Delhi
TXN202600634,ACC1014,12954.49,DEBIT,2026-08-20 23:54:20,Chennai
TXN202600635,ACC1042,48768.26,CREDIT,2026-08-20 23:54:50,Hyderabad
TXN202600636,ACC1010,10676.47,TRANSFER,2026-08-20 23:55:20,Mumbai
TXN202600637,ACC1031,44096.4,TRANSFER,2026-08-20 23:55:50,Hyderabad
TXN202600638,ACC1045,11179.94,CREDIT,2026-08-20 23:56:20,Chennai
TXN202600639,ACC1029,6460.23,TRANSFER,2026-08-20 23:56:50,Bangalore
TXN202600640,ACC1020,32662.88,TRANSFER,2026-08-20 23:57:20,Chennai
TXN202600641,ACC1029,9253.3,TRANSFER,2026-08-20 23:57:50,Delhi
TXN202600642,ACC1029,17636.7,CREDIT,2026-08-20 23:58:20,Chennai
TXN202600643,ACC1011,436.76,CREDIT,2026-08-20 23:58:50,Chennai
TXN202600644,ACC1009,31378.38,DEBIT,2026-08-20 23:59:20,Chennai
TXN202600645,ACC1037,36285.08,TRANSFER,2026-08-20 23:59:50,Hyderabad
TXN202600646,ACC1042,35232.73,CREDIT,2026-08-21 00:00:20,Mumbai
TXN202600647,ACC1019,30224.98,TRANSFER,2026-08-21 00:00:50,Chennai
TXN202600648,ACC1000,32326.23,CREDIT,2026-08-21 00:01:20,Delhi
TXN202600649,ACC1035,26965.57,TRANSFER,2026-08-21 00:01:50,Mumbai
TXN202600650,ACC1044,12275.82,TRANSFER,2026-08-21 00:02:20,Chennai
TXN202600651,ACC1034,40509.66,DEBIT,2026-08-21 00:02:50,Delhi
TXN202600652,ACC1020,3403.21,CREDIT,2026-08-21 00:03:20,Delhi
TXN202600653,ACC1006,38348.58,TRANSFER,2026-08-21 00:03:50,Bangalore
TXN202600654,ACC1022,24316.31,CREDIT,2026-08-21 00:04:20,Hyderabad
TXN202600655,ACC1042,28015.39,CREDIT,2026-08-21 00:04:50,Chennai
TXN202600656,ACC1018,42607.27,DEBIT,2026-08-21 00:05:20,Mumbai
TXN202600657,ACC1040,43702.84,CREDIT,2026-08-21 00:05:50,Chennai
TXN202600658,ACC1001,47580.78,CREDIT,2026-08-21 00:06:20,Delhi
TXN202600659,ACC1034,2978.27,DEBIT,2026-08-21 00:06:50,Bangalore
TXN202600660,ACC1043,40275.12,DEBIT,2026-08-21 00:07:20,Chennai
TXN202600661,ACC1033,19097.43,DEBIT,2026-08-21 00:07:50,Bangalore
TXN202600662,ACC1014,31384.9,TRANSFER,2026-08-21 00:08:20,Chennai
TXN202600663,ACC1014,13588.23,DEBIT,2026-08-21 00:08:50,Mumbai
TXN202600664,ACC1031,13027.9,CREDIT,2026-08-21 00:09:20,Chennai
TXN202600665,ACC1039,2296.12,TRANSFER,2026-08-21 00:09:50,Delhi
TXN202600666,ACC1041,11228.93,CREDIT,2026-08-21 00:10:20,Bangalore
TXN202600667,ACC1008,21466.77,DEBIT,2026-08-21 00:10:50,Delhi
TXN202600668,ACC1044,4165.54,CREDIT,2026-08-21 00:11:20,Bangalore
TXN202600669,ACC1002,16402.81,CREDIT,2026-08-21 00:11:50,Bangalore
TXN202600670,ACC1026,36408.48,TRANSFER,2026-08-21 00:12:20,Hyderabad
TXN202600671,ACC1000,15129.86,DEBIT,2026-08-21 00:12:50,Mumbai
TXN202600672,ACC1030,7765.45,CREDIT,2026-08-21 00:13:20,Delhi
TXN202600673,ACC1029,800.23,CREDIT,2026-08-21 00:13:50,Bangalore
TXN202600674,ACC1038,5417.01,DEBIT,2026-08-21 00:14:20,Hyderabad
TXN202600675,ACC1030,16409.99,TRANSFER,2026-08-21 00:14:50,Mumbai
TXN202600676,ACC1015,12759.88,TRANSFER,2026-08-21 00:15:20,Chennai
TXN202600677,ACC1002,47179.09,CREDIT,2026-08-21 00:15:50,Chennai
TXN202600678,ACC1032,7109.25,TRANSFER,2026-08-21 00:16:20,Hyderabad
TXN202600679,ACC1044,35422.62,DEBIT,2026-08-21 00:16:50,Bangalore
TXN202600680,ACC1012,25833.28,CREDIT,2026-08-21 00:17:20,Hyderabad
TXN202600681,ACC1036,1220.03,TRANSFER,2026-08-21 00:17:50,Delhi
TXN202600682,ACC1026,33312.18,CREDIT,2026-08-21 00:18:20,Mumbai
TXN202600683,ACC1022,11156.45,CREDIT,2026-08-21 00:18:50,Hyderabad
TXN202600684,ACC1006,22677.17,DEBIT,2026-08-21 00:19:20,Bangalore
TXN202600685,ACC1031,38520.24,DEBIT,2026-08-21 00:19:50,Hyderabad
TXN202600686,ACC1013,34665.87,CREDIT,2026-08-21 00:20:20,Mumbai
TXN202600687,ACC1014,40446.01,DEBIT,2026-08-21 00:20:50,Chennai
TXN202600688,ACC1039,4233.93,TRANSFER,2026-08-21 00:21:20,Hyderabad
TXN202600689,ACC1029,30106.53,TRANSFER,2026-08-21 00:21:50,Bangalore
TXN202600690,ACC1018,4645.6,CREDIT,2026-08-21 00:22:20,Bangalore
TXN202600691,ACC1048,37633.28,DEBIT,2026-08-21 00:22:50,Hyderabad
TXN202600692,ACC1011,20252.36,TRANSFER,2026-08-21 00:23:20,Hyderabad
TXN202600693,ACC1044,47470.35,TRANSFER,2026-08-21 00:23:50,Delhi
TXN202600694,ACC1028,16734.85,CREDIT,2026-08-21 00:24:20,Hyderabad
TXN202600695,ACC1033,28580.24,DEBIT,2026-08-21 00:24:50,Bangalore
TXN202600696,ACC1001,12664.0,TRANSFER,2026-08-21 00:25:20,Bangalore
TXN202600697,ACC1005,7666.74,TRANSFER,2026-08-21 00:25:50,Mumbai
TXN202600698,ACC1016,1093.0,DEBIT,2026-08-21 00:26:20,Bangalore
TXN202600699,ACC1044,13620.29,CREDIT,2026-08-21 00:26:50,Delhi
TXN202600700,ACC1019,41402.31,TRANSFER,2026-08-21 00:27:20,Mumbai
TXN202600701,ACC1009,28447.86,DEBIT,2026-08-21 00:27:50,Bangalore
TXN202600702,ACC1027,44705.56,CREDIT,2026-08-21 00:28:20,Hyderabad
TXN202600703,ACC1035,21830.41,DEBIT,2026-08-21 00:28:50,Mumbai
TXN202600704,ACC1023,12048.98,TRANSFER,2026-08-21 00:29:20,Delhi
TXN202600705,ACC1041,41233.97,TRANSFER,2026-08-21 00:29:50,Chennai
TXN202600706,ACC1010,938.02,DEBIT,2026-08-21 00:30:20,Hyderabad
TXN202600707,ACC1035,29286.89,CREDIT,2026-08-21 00:30:50,Chennai
TXN202600708,ACC1003,29863.33,TRANSFER,2026-08-21 00:31:20,Bangalore
TXN202600709,ACC1028,39391.99,CREDIT,2026-08-21 00:31:50,Bangalore
TXN202600710,ACC1047,40901.04,TRANSFER,2026-08-21 00:32:20,Delhi
TXN202600711,ACC1016,9862.78,TRANSFER,2026-08-21 00:32:50,Hyderabad
TXN202600712,ACC1041,12051.89,DEBIT,2026-08-21 00:33:20,Chennai
TXN202600713,ACC1023,6557.59,CREDIT,2026-08-21 00:33:50,Hyderabad
TXN202600714,ACC1015,30530.47,CREDIT,2026-08-21 00:34:20,Chennai
TXN202600715,ACC1031,42292.8,CREDIT,2026-08-21 00:34:50,Hyderabad
TXN202600716,ACC1046,9139.64,TRANSFER,2026-08-21 00:35:20,Chennai
TXN202600717,ACC1046,17520.62,DEBIT,2026-08-21 00:35:50,Delhi
TXN202600718,ACC1014,36643.5,CREDIT,2026-08-21 00:36:20,Bangalore
TXN202600719,ACC1024,16477.4,DEBIT,2026-08-21 00:36:50,Bangalore
TXN202600720,ACC1042,26626.34,CREDIT,2026-08-21 00:37:20,Hyderabad
TXN202600721,ACC1025,32863.97,TRANSFER,2026-08-21 00:37:50,Mumbai
TXN202600722,ACC1043,29190.0,TRANSFER,2026-08-21 00:38:20,Mumbai
TXN202600723,ACC1050,34647.79,DEBIT,2026-08-21 00:38:50,Delhi
TXN202600724,ACC1032,5562.32,TRANSFER,2026-08-21 00:39:20,Chennai
TXN202600725,ACC1020,122.31,CREDIT,2026-08-21 00:39:50,Bangalore
TXN202600726,ACC1032,23365.01,TRANSFER,2026-08-21 00:40:20,Hyderabad
TXN202600727,ACC1010,16445.21,CREDIT,2026-08-21 00:40:50,Hyderabad
TXN202600728,ACC1048,14694.11,TRANSFER,2026-08-21 00:41:20,Delhi
TXN202600729,ACC1025,41702.2,DEBIT,2026-08-21 00:41:50,Mumbai
TXN202600730,ACC1035,42397.9,TRANSFER,2026-08-21 00:42:20,Hyderabad
TXN202600731,ACC1045,36074.46,CREDIT,2026-08-21 00:42:50,Mumbai
TXN202600732,ACC1000,11002.89,TRANSFER,2026-08-21 00:43:20,Hyderabad
TXN202600733,ACC1030,14062.06,CREDIT,2026-08-21 00:43:50,Bangalore
TXN202600734,ACC1005,13184.93,TRANSFER,2026-08-21 00:44:20,Mumbai
TXN202600735,ACC1023,42280.33,TRANSFER,2026-08-21 00:44:50,Mumbai
TXN202600736,ACC1002,9079.35,TRANSFER,2026-08-21 00:45:20,Bangalore
TXN202600737,ACC1037,30599.94,TRANSFER,2026-08-21 00:45:50,Hyderabad
TXN202600738,ACC1030,36036.73,DEBIT,2026-08-21 00:46:20,Bangalore
TXN202600739,ACC1035,10226.82,TRANSFER,2026-08-21 00:46:50,Delhi
TXN202600740,ACC1050,14843.89,DEBIT,2026-08-21 00:47:20,Chennai
TXN202600741,ACC1048,4675.09,CREDIT,2026-08-21 00:47:50,Hyderabad
TXN202600742,ACC1026,47122.46,TRANSFER,2026-08-21 00:48:20,Chennai
TXN202600743,ACC1005,34378.39,TRANSFER,2026-08-21 00:48:50,Delhi
TXN202600744,ACC1004,40069.47,CREDIT,2026-08-21 00:49:20,Delhi
TXN202600745,ACC1016,47206.47,TRANSFER,2026-08-21 00:49:50,Bangalore
TXN202600746,ACC1042,1119.73,TRANSFER,2026-08-21 00:50:20,Chennai
TXN202600747,ACC1048,17853.82,TRANSFER,2026-08-21 00:50:50,Hyderabad
TXN202600748,ACC1043,8836.34,DEBIT,2026-08-21 00:51:20,Mumbai
TXN202600749,ACC1001,22998.57,CREDIT,2026-08-21 00:51:50,Chennai
TXN202600750,ACC1002,43857.76,DEBIT,2026-08-21 00:52:20,Bangalore
TXN202600751,ACC1038,31043.18,CREDIT,2026-08-21 00:52:50,Delhi
TXN202600752,ACC1044,6299.47,DEBIT,2026-08-21 00:53:20,Chennai
TXN202600753,ACC1015,39785.84,DEBIT,2026-08-21 00:53:50,Hyderabad
TXN202600754,ACC1041,24664.55,TRANSFER,2026-08-21 00:54:20,Delhi
TXN202600755,ACC1015,6219.69,TRANSFER,2026-08-21 00:54:50,Bangalore
TXN202600756,ACC1011,47724.64,TRANSFER,2026-08-21 00:55:20,Hyderabad
TXN202600757,ACC1027,1151.69,DEBIT,2026-08-21 00:55:50,Delhi
TXN202600758,ACC1002,22435.65,TRANSFER,2026-08-21 00:56:20,Chennai
TXN202600759,ACC1050,5894.56,TRANSFER,2026-08-21 00:56:50,Bangalore
TXN202600760,ACC1047,21732.5,DEBIT,2026-08-21 00:57:20,Hyderabad
TXN202600761,ACC1005,25604.38,DEBIT,2026-08-21 00:57:50,Hyderabad
TXN202600762,ACC1011,8869.7,DEBIT,2026-08-21 00:58:20,Hyderabad
TXN202600763,ACC1023,22425.99,TRANSFER,2026-08-21 00:58:50,Mumbai
TXN202600764,ACC1001,22558.79,CREDIT,2026-08-21 00:59:20,Mumbai
TXN202600765,ACC1029,4829.6,TRANSFER,2026-08-21 00:59:50,Bangalore
TXN202600766,ACC1033,28915.36,CREDIT,2026-08-21 01:00:20,Bangalore
TXN202600767,ACC1000,17462.52,DEBIT,2026-08-21 01:00:50,Mumbai
TXN202600768,ACC1015,29805.57,DEBIT,2026-08-21 01:01:20,Delhi
TXN202600769,ACC1009,5081.8,TRANSFER,2026-08-21 01:01:50,Hyderabad
TXN202600770,ACC1042,4838.62,CREDIT,2026-08-21 01:02:20,Delhi
TXN202600771,ACC1037,9908.75,DEBIT,2026-08-21 01:02:50,Bangalore
TXN202600772,ACC1034,18525.08,TRANSFER,2026-08-21 01:03:20,Mumbai
TXN202600773,ACC1019,36574.93,TRANSFER,2026-08-21 01:03:50,Delhi
TXN202600774,ACC1009,38257.33,DEBIT,2026-08-21 01:04:20,Chennai
TXN202600775,ACC1006,40295.91,TRANSFER,2026-08-21 01:04:50,Mumbai
TXN202600776,ACC1026,36696.79,DEBIT,2026-08-21 01:05:20,Bangalore
TXN202600777,ACC1028,21759.6,CREDIT,2026-08-21 01:05:50,Delhi
TXN202600778,ACC1005,17358.19,DEBIT,2026-08-21 01:06:20,Bangalore
TXN202600779,ACC1016,24774.76,TRANSFER,2026-08-21 01:06:50,Hyderabad
TXN202600780,ACC1047,25359.44,DEBIT,2026-08-21 01:07:20,Chennai
TXN202600781,ACC1007,44811.8,CREDIT,2026-08-21 01:07:50,Hyderabad
TXN202600782,ACC1044,7129.84,DEBIT,2026-08-21 01:08:20,Mumbai
TXN202600783,ACC1033,34901.52,DEBIT,2026-08-21 01:08:50,Bangalore
TXN202600784,ACC1024,17094.99,TRANSFER,2026-08-21 01:09:20,Chennai
TXN202600785,ACC1026,48679.24,TRANSFER,2026-08-21 01:09:50,Delhi
TXN202600786,ACC1040,12091.15,DEBIT,2026-08-21 01:10:20,Mumbai
TXN202600787,ACC1020,27675.51,DEBIT,2026-08-21 01:10:50,Chennai
TXN202600788,ACC1020,25597.38,DEBIT,2026-08-21 01:11:20,Hyderabad
TXN202600789,ACC1005,44473.21,TRANSFER,2026-08-21 01:11:50,Hyderabad
TXN202600790,ACC1044,26689.05,CREDIT,2026-08-21 01:12:20,Chennai
TXN202600791,ACC1033,44670.93,CREDIT,2026-08-21 01:12:50,Chennai
TXN202600792,ACC1024,21491.72,DEBIT,2026-08-21 01:13:20,Chennai
TXN202600793,ACC1031,38060.39,DEBIT,2026-08-21 01:13:50,Bangalore
TXN202600794,ACC1005,41130.86,TRANSFER,2026-08-21 01:14:20,Bangalore
TXN202600795,ACC1005,43027.45,DEBIT,2026-08-21 01:14:50,Bangalore
TXN202600796,ACC1044,16356.16,CREDIT,2026-08-21 01:15:20,Mumbai
TXN202600797,ACC1019,28815.6,TRANSFER,2026-08-21 01:15:50,Mumbai
TXN202600798,ACC1039,27567.65,TRANSFER,2026-08-21 01:16:20,Delhi
TXN202600799,ACC1016,16643.12,CREDIT,2026-08-21 01:16:50,Chennai
TXN202600800,ACC1010,1469.77,CREDIT,2026-08-21 01:17:20,Bangalore
TXN202600801,ACC1039,16997.21,TRANSFER,2026-08-21 01:17:50,Delhi
TXN202600802,ACC1025,5647.67,TRANSFER,2026-08-21 01:18:20,Bangalore
TXN202600803,ACC1042,7442.57,CREDIT,2026-08-21 01:18:50,Bangalore
TXN202600804,ACC1026,42044.65,DEBIT,2026-08-21 01:19:20,Bangalore
TXN202600805,ACC1045,49352.36,TRANSFER,2026-08-21 01:19:50,Hyderabad
TXN202600806,ACC1021,521.78,DEBIT,2026-08-21 01:20:20,Delhi
TXN202600807,ACC1041,5955.51,CREDIT,2026-08-21 01:20:50,Bangalore
TXN202600808,ACC1002,25207.82,TRANSFER,2026-08-21 01:21:20,Delhi
TXN202600809,ACC1043,21613.77,DEBIT,2026-08-21 01:21:50,Hyderabad
TXN202600810,ACC1016,24461.61,DEBIT,2026-08-21 01:22:20,Mumbai
TXN202600811,ACC1026,9503.82,TRANSFER,2026-08-21 01:22:50,Hyderabad
TXN202600812,ACC1019,11221.1,DEBIT,2026-08-21 01:23:20,Delhi
TXN202600813,ACC1032,31469.3,TRANSFER,2026-08-21 01:23:50,Chennai
TXN202600814,ACC1006,8218.41,TRANSFER,2026-08-21 01:24:20,Mumbai
TXN202600815,ACC1032,690.31,DEBIT,2026-08-21 01:24:50,Delhi
TXN202600816,ACC1021,13724.95,TRANSFER,2026-08-21 01:25:20,Chennai
TXN202600817,ACC1001,44947.42,DEBIT,2026-08-21 01:25:50,Delhi
TXN202600818,ACC1014,48985.33,DEBIT,2026-08-21 01:26:20,Bangalore
TXN202600819,ACC1005,28449.79,CREDIT,2026-08-21 01:26:50,Mumbai
TXN202600820,ACC1027,36897.27,TRANSFER,2026-08-21 01:27:20,Bangalore
TXN202600821,ACC1021,41210.93,TRANSFER,2026-08-21 01:27:50,Mumbai
TXN202600822,ACC1031,30033.57,DEBIT,2026-08-21 01:28:20,Delhi
TXN202600823,ACC1003,10448.1,DEBIT,2026-08-21 01:28:50,Mumbai
TXN202600824,ACC1024,23706.54,CREDIT,2026-08-21 01:29:20,Chennai
TXN202600825,ACC1011,41185.17,TRANSFER,2026-08-21 01:29:50,Delhi
TXN202600826,ACC1020,34487.24,DEBIT,2026-08-21 01:30:20,Bangalore
TXN202600827,ACC1047,11172.43,TRANSFER,2026-08-21 01:30:50,Delhi
TXN202600828,ACC1024,46502.98,TRANSFER,2026-08-21 01:31:20,Hyderabad
TXN202600829,ACC1040,6434.71,DEBIT,2026-08-21 01:31:50,Bangalore
TXN202600830,ACC1026,41391.03,TRANSFER,2026-08-21 01:32:20,Delhi
TXN202600831,ACC1013,26468.97,CREDIT,2026-08-21 01:32:50,Bangalore
TXN202600832,ACC1042,47072.34,TRANSFER,2026-08-21 01:33:20,Mumbai
TXN202600833,ACC1042,43971.06,TRANSFER,2026-08-21 01:33:50,Bangalore
TXN202600834,ACC1029,13200.91,DEBIT,2026-08-21 01:34:20,Delhi
TXN202600835,ACC1049,14864.39,DEBIT,2026-08-21 01:34:50,Delhi
TXN202600836,ACC1029,3193.83,CREDIT,2026-08-21 01:35:20,Delhi
TXN202600837,ACC1006,25670.39,DEBIT,2026-08-21 01:35:50,Chennai
TXN202600838,ACC1012,287.42,CREDIT,2026-08-21 01:36:20,Mumbai
TXN202600839,ACC1049,49145.8,DEBIT,2026-08-21 01:36:50,Delhi
TXN202600840,ACC1002,20848.18,DEBIT,2026-08-21 01:37:20,Delhi
TXN202600841,ACC1037,38789.02,TRANSFER,2026-08-21 01:37:50,Delhi
TXN202600842,ACC1047,47281.9,CREDIT,2026-08-21 01:38:20,Mumbai
TXN202600843,ACC1020,40711.3,DEBIT,2026-08-21 01:38:50,Hyderabad
TXN202600844,ACC1021,42890.79,TRANSFER,2026-08-21 01:39:20,Mumbai
TXN202600845,ACC1046,47630.14,TRANSFER,2026-08-21 01:39:50,Mumbai
TXN202600846,ACC1022,43412.68,CREDIT,2026-08-21 01:40:20,Hyderabad
TXN202600847,ACC1008,24353.93,CREDIT,2026-08-21 01:40:50,Bangalore
TXN202600848,ACC1005,28829.23,CREDIT,2026-08-21 01:41:20,Bangalore
TXN202600849,ACC1018,38540.94,DEBIT,2026-08-21 01:41:50,Hyderabad
TXN202600850,ACC1048,42194.17,CREDIT,2026-08-21 01:42:20,Delhi
TXN202600851,ACC1049,35598.62,CREDIT,2026-08-21 01:42:50,Bangalore
TXN202600852,ACC1034,22765.6,TRANSFER,2026-08-21 01:43:20,Bangalore
TXN202600853,ACC1016,40498.38,CREDIT,2026-08-21 01:43:50,Bangalore
TXN202600854,ACC1034,31196.26,DEBIT,2026-08-21 01:44:20,Mumbai
TXN202600855,ACC1031,24321.22,CREDIT,2026-08-21 01:44:50,Hyderabad
TXN202600856,ACC1021,22494.82,CREDIT,2026-08-21 01:45:20,Delhi
TXN202600857,ACC1024,7134.38,DEBIT,2026-08-21 01:45:50,Delhi
TXN202600858,ACC1031,48829.97,DEBIT,2026-08-21 01:46:20,Bangalore
TXN202600859,ACC1036,17817.55,DEBIT,2026-08-21 01:46:50,Bangalore
TXN202600860,ACC1006,27252.97,CREDIT,2026-08-21 01:47:20,Chennai
TXN202600861,ACC1050,24548.52,DEBIT,2026-08-21 01:47:50,Hyderabad
TXN202600862,ACC1004,25072.93,TRANSFER,2026-08-21 01:48:20,Mumbai
TXN202600863,ACC1047,9390.3,DEBIT,2026-08-21 01:48:50,Bangalore
TXN202600864,ACC1040,46904.54,CREDIT,2026-08-21 01:49:20,Bangalore
TXN202600865,ACC1002,10400.6,TRANSFER,2026-08-21 01:49:50,Bangalore
TXN202600866,ACC1015,25173.12,DEBIT,2026-08-21 01:50:20,Mumbai
TXN202600867,ACC1026,35564.83,TRANSFER,2026-08-21 01:50:50,Delhi
TXN202600868,ACC1042,30513.02,DEBIT,2026-08-21 01:51:20,Bangalore
TXN202600869,ACC1000,8343.69,TRANSFER,2026-08-21 01:51:50,Chennai
TXN202600870,ACC1024,27434.11,DEBIT,2026-08-21 01:52:20,Chennai
TXN202600871,ACC1034,30809.15,CREDIT,2026-08-21 01:52:50,Hyderabad
TXN202600872,ACC1031,9768.03,TRANSFER,2026-08-21 01:53:20,Hyderabad
TXN202600873,ACC1038,28412.15,DEBIT,2026-08-21 01:53:50,Bangalore
TXN202600874,ACC1003,43786.11,TRANSFER,2026-08-21 01:54:20,Bangalore
TXN202600875,ACC1036,33880.33,CREDIT,2026-08-21 01:54:50,Delhi
TXN202600876,ACC1022,47457.75,DEBIT,2026-08-21 01:55:20,Bangalore
TXN202600877,ACC1042,5438.94,TRANSFER,2026-08-21 01:55:50,Chennai
TXN202600878,ACC1014,9061.05,TRANSFER,2026-08-21 01:56:20,Chennai
TXN202600879,ACC1045,37862.3,DEBIT,2026-08-21 01:56:50,Bangalore
TXN202600880,ACC1042,22177.46,DEBIT,2026-08-21 01:57:20,Mumbai
TXN202600881,ACC1017,14057.0,TRANSFER,2026-08-21 01:57:50,Hyderabad
TXN202600882,ACC1017,46541.36,TRANSFER,2026-08-21 01:58:20,Chennai
TXN202600883,ACC1025,33510.16,DEBIT,2026-08-21 01:58:50,Mumbai
TXN202600884,ACC1018,47187.28,TRANSFER,2026-08-21 01:59:20,Delhi
TXN202600885,ACC1015,1033.29,TRANSFER,2026-08-21 01:59:50,Delhi
TXN202600886,ACC1021,1876.68,CREDIT,2026-08-21 02:00:20,Mumbai
TXN202600887,ACC1010,40858.53,CREDIT,2026-08-21 02:00:50,Chennai
TXN202600888,ACC1004,6430.59,CREDIT,2026-08-21 02:01:20,Bangalore
TXN202600889,ACC1046,33835.1,CREDIT,2026-08-21 02:01:50,Mumbai
TXN202600890,ACC1015,45821.78,DEBIT,2026-08-21 02:02:20,Bangalore
TXN202600891,ACC1000,32419.1,TRANSFER,2026-08-21 02:02:50,Hyderabad
TXN202600892,ACC1034,36702.23,CREDIT,2026-08-21 02:03:20,Hyderabad
TXN202600893,ACC1031,1035.11,CREDIT,2026-08-21 02:03:50,Chennai
TXN202600894,ACC1013,44988.4,TRANSFER,2026-08-21 02:04:20,Chennai
TXN202600895,ACC1030,14725.64,DEBIT,2026-08-21 02:04:50,Hyderabad
TXN202600896,ACC1036,37228.49,CREDIT,2026-08-21 02:05:20,Delhi
TXN202600897,ACC1044,13988.72,TRANSFER,2026-08-21 02:05:50,Delhi
TXN202600898,ACC1018,42900.36,CREDIT,2026-08-21 02:06:20,Bangalore
TXN202600899,ACC1019,38073.0,CREDIT,2026-08-21 02:06:50,Bangalore
TXN202600900,ACC1016,3688.23,DEBIT,2026-08-21 02:07:20,Bangalore
TXN202600901,ACC1012,36566.53,DEBIT,2026-08-21 02:07:50,Delhi
TXN202600902,ACC1050,6996.73,CREDIT,2026-08-21 02:08:20,Delhi
TXN202600903,ACC1026,10632.33,TRANSFER,2026-08-21 02:08:50,Mumbai
TXN202600904,ACC1048,23193.13,TRANSFER,2026-08-21 02:09:20,Bangalore
TXN202600905,ACC1047,2021.97,TRANSFER,2026-08-21 02:09:50,Mumbai
TXN202600906,ACC1005,5266.27,TRANSFER,2026-08-21 02:10:20,Mumbai
TXN202600907,ACC1032,40504.6,CREDIT,2026-08-21 02:10:50,Bangalore
TXN202600908,ACC1001,24752.02,CREDIT,2026-08-21 02:11:20,Delhi
TXN202600909,ACC1035,23327.48,TRANSFER,2026-08-21 02:11:50,Mumbai
TXN202600910,ACC1047,37915.0,CREDIT,2026-08-21 02:12:20,Chennai
TXN202600911,ACC1037,35794.96,CREDIT,2026-08-21 02:12:50,Mumbai
TXN202600912,ACC1050,17859.11,TRANSFER,2026-08-21 02:13:20,Mumbai
TXN202600913,ACC1000,41578.4,DEBIT,2026-08-21 02:13:50,Hyderabad
TXN202600914,ACC1024,16657.57,TRANSFER,2026-08-21 02:14:20,Bangalore
TXN202600915,ACC1033,16804.68,TRANSFER,2026-08-21 02:14:50,Delhi
TXN202600916,ACC1013,40349.6,DEBIT,2026-08-21 02:15:20,Chennai
TXN202600917,ACC1004,10265.44,TRANSFER,2026-08-21 02:15:50,Bangalore
TXN202600918,ACC1014,8466.16,CREDIT,2026-08-21 02:16:20,Mumbai
TXN202600919,ACC1015,14560.87,DEBIT,2026-08-21 02:16:50,Hyderabad
TXN202600920,ACC1033,34367.28,DEBIT,2026-08-21 02:17:20,Delhi
TXN202600921,ACC1041,21098.35,DEBIT,2026-08-21 02:17:50,Delhi
TXN202600922,ACC1027,43126.4,DEBIT,2026-08-21 02:18:20,Delhi
TXN202600923,ACC1002,10415.0,DEBIT,2026-08-21 02:18:50,Delhi
TXN202600924,ACC1026,8491.82,TRANSFER,2026-08-21 02:19:20,Bangalore
TXN202600925,ACC1008,28837.51,TRANSFER,2026-08-21 02:19:50,Delhi
TXN202600926,ACC1019,2361.27,CREDIT,2026-08-21 02:20:20,Delhi
TXN202600927,ACC1018,20733.84,DEBIT,2026-08-21 02:20:50,Hyderabad
TXN202600928,ACC1043,34671.69,TRANSFER,2026-08-21 02:21:20,Bangalore
TXN202600929,ACC1007,5738.13,CREDIT,2026-08-21 02:21:50,Mumbai
TXN202600930,ACC1044,29160.4,TRANSFER,2026-08-21 02:22:20,Bangalore
TXN202600931,ACC1004,42294.03,DEBIT,2026-08-21 02:22:50,Hyderabad
TXN202600932,ACC1009,12248.28,DEBIT,2026-08-21 02:23:20,Delhi
TXN202600933,ACC1048,16426.57,CREDIT,2026-08-21 02:23:50,Bangalore
TXN202600934,ACC1022,14370.24,TRANSFER,2026-08-21 02:24:20,Bangalore
TXN202600935,ACC1032,27147.85,TRANSFER,2026-08-21 02:24:50,Hyderabad
TXN202600936,ACC1031,27386.15,TRANSFER,2026-08-21 02:25:20,Mumbai
TXN202600937,ACC1039,10361.06,TRANSFER,2026-08-21 02:25:50,Hyderabad
TXN202600938,ACC1041,5239.54,TRANSFER,2026-08-21 02:26:20,Chennai
TXN202600939,ACC1042,6133.93,DEBIT,2026-08-21 02:26:50,Delhi
TXN202600940,ACC1003,41662.51,DEBIT,2026-08-21 02:27:20,Mumbai
TXN202600941,ACC1049,49595.9,TRANSFER,2026-08-21 02:27:50,Chennai
TXN202600942,ACC1048,34327.76,DEBIT,2026-08-21 02:28:20,Delhi
TXN202600943,ACC1010,29527.04,CREDIT,2026-08-21 02:28:50,Chennai
TXN202600944,ACC1037,41029.45,DEBIT,2026-08-21 02:29:20,Delhi
TXN202600945,ACC1016,22757.7,TRANSFER,2026-08-21 02:29:50,Mumbai
TXN202600946,ACC1046,14159.87,DEBIT,2026-08-21 02:30:20,Delhi
TXN202600947,ACC1018,32816.01,TRANSFER,2026-08-21 02:30:50,Mumbai
TXN202600948,ACC1041,14241.8,CREDIT,2026-08-21 02:31:20,Mumbai
TXN202600949,ACC1018,674.49,TRANSFER,2026-08-21 02:31:50,Hyderabad
TXN202600950,ACC1011,6207.01,CREDIT,2026-08-21 02:32:20,Bangalore
TXN202600951,ACC1048,22846.46,DEBIT,2026-08-21 02:32:50,Mumbai
TXN202600952,ACC1045,8586.16,DEBIT,2026-08-21 02:33:20,Delhi
TXN202600953,ACC1037,16135.27,CREDIT,2026-08-21 02:33:50,Chennai
TXN202600954,ACC1027,31643.96,CREDIT,2026-08-21 02:34:20,Chennai
TXN202600955,ACC1046,15635.86,TRANSFER,2026-08-21 02:34:50,Bangalore
TXN202600956,ACC1027,43898.15,DEBIT,2026-08-21 02:35:20,Hyderabad
TXN202600957,ACC1040,38554.61,TRANSFER,2026-08-21 02:35:50,Hyderabad
TXN202600958,ACC1024,22789.81,TRANSFER,2026-08-21 02:36:20,Delhi
TXN202600959,ACC1002,21347.16,TRANSFER,2026-08-21 02:36:50,Chennai
TXN202600960,ACC1019,36648.6,CREDIT,2026-08-21 02:37:20,Hyderabad
TXN202600961,ACC1002,25284.47,CREDIT,2026-08-21 02:37:50,Mumbai
TXN202600962,ACC1038,35184.9,CREDIT,2026-08-21 02:38:20,Delhi
TXN202600963,ACC1049,14941.03,CREDIT,2026-08-21 02:38:50,Hyderabad
TXN202600964,ACC1003,29699.36,DEBIT,2026-08-21 02:39:20,Delhi
TXN202600965,ACC1003,42540.53,TRANSFER,2026-08-21 02:39:50,Chennai
TXN202600966,ACC1003,11039.57,TRANSFER,2026-08-21 02:40:20,Hyderabad
TXN202600967,ACC1037,12976.97,TRANSFER,2026-08-21 02:40:50,Bangalore
TXN202600968,ACC1049,45476.38,CREDIT,2026-08-21 02:41:20,Delhi
TXN202600969,ACC1034,11995.02,DEBIT,2026-08-21 02:41:50,Bangalore
TXN202600970,ACC1020,25106.95,TRANSFER,2026-08-21 02:42:20,Bangalore
TXN202600971,ACC1023,959.85,TRANSFER,2026-08-21 02:42:50,Mumbai
TXN202600972,ACC1011,35196.87,TRANSFER,2026-08-21 02:43:20,Hyderabad
TXN202600973,ACC1001,1062.19,TRANSFER,2026-08-21 02:43:50,Hyderabad
TXN202600974,ACC1028,27473.67,CREDIT,2026-08-21 02:44:20,Mumbai
TXN202600975,ACC1002,911.48,DEBIT,2026-08-21 02:44:50,Mumbai
TXN202600976,ACC1009,6106.24,CREDIT,2026-08-21 02:45:20,Chennai
TXN202600977,ACC1015,2990.31,TRANSFER,2026-08-21 02:45:50,Bangalore
TXN202600978,ACC1049,44571.32,CREDIT,2026-08-21 02:46:20,Mumbai
TXN202600979,ACC1009,12380.85,CREDIT,2026-08-21 02:46:50,Bangalore
TXN202600980,ACC1005,18125.23,DEBIT,2026-08-21 02:47:20,Hyderabad
TXN202600981,ACC1016,6535.22,CREDIT,2026-08-21 02:47:50,Bangalore
TXN202600982,ACC1015,7153.39,CREDIT,2026-08-21 02:48:20,Delhi
TXN202600983,ACC1007,36050.31,DEBIT,2026-08-21 02:48:50,Chennai
TXN202600984,ACC1032,23806.3,TRANSFER,2026-08-21 02:49:20,Mumbai
TXN202600985,ACC1020,44562.36,DEBIT,2026-08-21 02:49:50,Delhi
TXN202600986,ACC1043,16480.83,CREDIT,2026-08-21 02:50:20,Chennai
TXN202600987,ACC1005,11689.53,DEBIT,2026-08-21 02:50:50,Bangalore
TXN202600988,ACC1047,31456.11,CREDIT,2026-08-21 02:51:20,Bangalore
TXN202600989,ACC1037,36471.84,TRANSFER,2026-08-21 02:51:50,Hyderabad
TXN202600990,ACC1026,39828.74,CREDIT,2026-08-21 02:52:20,Hyderabad
TXN202600991,ACC1043,18021.28,TRANSFER,2026-08-21 02:52:50,Mumbai
TXN202600992,ACC1006,32992.76,CREDIT,2026-08-21 02:53:20,Chennai
TXN202600993,ACC1039,44483.93,DEBIT,2026-08-21 02:53:50,Bangalore
TXN202600994,ACC1013,49336.86,TRANSFER,2026-08-21 02:54:20,Chennai
TXN202600995,ACC1017,5752.02,DEBIT,2026-08-21 02:54:50,Mumbai
TXN202600996,ACC1009,38689.77,TRANSFER,2026-08-21 02:55:20,Chennai
TXN202600997,ACC1030,49180.56,TRANSFER,2026-08-21 02:55:50,Hyderabad
TXN202600998,ACC1043,24326.78,CREDIT,2026-08-21 02:56:20,Mumbai
TXN202600999,ACC1015,718.29,CREDIT,2026-08-21 02:56:50,Delhi
TXN202601000,ACC1021,36343.66,CREDIT,2026-08-21 02:57:20,Chennai
TXN202601001,ACC1017,22986.14,TRANSFER,2026-08-21 02:57:50,Chennai
TXN202601002,ACC1031,33640.53,CREDIT,2026-08-21 02:58:20,Chennai
TXN202601003,ACC1001,48386.87,CREDIT,2026-08-21 02:58:50,Hyderabad
TXN202601004,ACC1026,1427.9,DEBIT,2026-08-21 02:59:20,Hyderabad
TXN202601005,ACC1003,19863.91,CREDIT,2026-08-21 02:59:50,Chennai
TXN202601006,ACC1031,40016.45,TRANSFER,2026-08-21 03:00:20,Delhi
TXN202601007,ACC1023,12096.52,DEBIT,2026-08-21 03:00:50,Hyderabad
TXN202601008,ACC1047,28514.68,CREDIT,2026-08-21 03:01:20,Hyderabad
TXN202601009,ACC1036,26554.86,CREDIT,2026-08-21 03:01:50,Chennai
TXN202601010,ACC1002,4437.67,DEBIT,2026-08-21 03:02:20,Bangalore
TXN202601011,ACC1036,8639.53,DEBIT,2026-08-21 03:02:50,Chennai
TXN202601012,ACC1020,45932.33,CREDIT,2026-08-21 03:03:20,Chennai
TXN202601013,ACC1047,47618.93,CREDIT,2026-08-21 03:03:50,Mumbai
TXN202601014,ACC1050,33322.23,DEBIT,2026-08-21 03:04:20,Delhi
TXN202601015,ACC1023,48286.69,TRANSFER,2026-08-21 03:04:50,Hyderabad
TXN202601016,ACC1042,13062.59,DEBIT,2026-08-21 03:05:20,Delhi
TXN202601017,ACC1013,31821.8,DEBIT,2026-08-21 03:05:50,Chennai
TXN202601018,ACC1014,46108.44,CREDIT,2026-08-21 03:06:20,Delhi
TXN202601019,ACC1043,8693.1,CREDIT,2026-08-21 03:06:50,Bangalore
TXN202601020,ACC1047,45647.39,CREDIT,2026-08-21 03:07:20,Hyderabad
TXN202601021,ACC1025,24343.49,DEBIT,2026-08-21 03:07:50,Chennai
TXN202601022,ACC1043,38221.02,TRANSFER,2026-08-21 03:08:20,Mumbai
TXN202601023,ACC1045,18840.86,CREDIT,2026-08-21 03:08:50,Delhi
TXN202601024,ACC1014,12119.23,TRANSFER,2026-08-21 03:09:20,Hyderabad
TXN202601025,ACC1012,8625.6,DEBIT,2026-08-21 03:09:50,Mumbai
TXN202601026,ACC1036,32912.65,CREDIT,2026-08-21 03:10:20,Delhi
TXN202601027,ACC1022,32906.27,CREDIT,2026-08-21 03:10:50,Mumbai
TXN202601028,ACC1037,47115.05,TRANSFER,2026-08-21 03:11:20,Bangalore
TXN202601029,ACC1038,5354.09,TRANSFER,2026-08-21 03:11:50,Mumbai
TXN202601030,ACC1048,47850.68,TRANSFER,2026-08-21 03:12:20,Bangalore
TXN202601031,ACC1033,21646.54,DEBIT,2026-08-21 03:12:50,Mumbai
TXN202601032,ACC1013,8463.77,TRANSFER,2026-08-21 03:13:20,Delhi
TXN202601033,ACC1000,45062.2,TRANSFER,2026-08-21 03:13:50,Delhi
TXN202601034,ACC1037,5438.51,CREDIT,2026-08-21 03:14:20,Hyderabad
TXN202601035,ACC1031,45540.6,DEBIT,2026-08-21 03:14:50,Delhi
TXN202601036,ACC1010,46920.13,CREDIT,2026-08-21 03:15:20,Mumbai
TXN202601037,ACC1001,4330.62,CREDIT,2026-08-21 03:15:50,Hyderabad
TXN202601038,ACC1005,22658.1,TRANSFER,2026-08-21 03:16:20,Delhi
TXN202601039,ACC1000,32379.9,TRANSFER,2026-08-21 03:16:50,Hyderabad
TXN202601040,ACC1023,8858.33,CREDIT,2026-08-21 03:17:20,Mumbai
TXN202601041,ACC1043,46393.89,CREDIT,2026-08-21 03:17:50,Hyderabad
TXN202601042,ACC1040,46940.52,TRANSFER,2026-08-21 03:18:20,Hyderabad
TXN202601043,ACC1004,18918.48,TRANSFER,2026-08-21 03:18:50,Bangalore
TXN202601044,ACC1014,44889.65,TRANSFER,2026-08-21 03:19:20,Hyderabad
TXN202601045,ACC1043,16325.68,TRANSFER,2026-08-21 03:19:50,Hyderabad
TXN202601046,ACC1044,30909.11,CREDIT,2026-08-21 03:20:20,Hyderabad
TXN202601047,ACC1027,998.01,TRANSFER,2026-08-21 03:20:50,Mumbai
TXN202601048,ACC1031,1579.94,CREDIT,2026-08-21 03:21:20,Bangalore
TXN202601049,ACC1019,12484.76,DEBIT,2026-08-21 03:21:50,Mumbai
TXN202601050,ACC1008,46412.57,TRANSFER,2026-08-21 03:22:20,Chennai
TXN202601051,ACC1010,47348.98,DEBIT,2026-08-21 03:22:50,Hyderabad
TXN202601052,ACC1030,19921.74,TRANSFER,2026-08-21 03:23:20,Bangalore
TXN202601053,ACC1024,4132.51,TRANSFER,2026-08-21 03:23:50,Hyderabad
TXN202601054,ACC1016,2022.94,DEBIT,2026-08-21 03:24:20,Delhi
TXN202601055,ACC1000,45156.14,TRANSFER,2026-08-21 03:24:50,Chennai
TXN202601056,ACC1026,25701.27,DEBIT,2026-08-21 03:25:20,Mumbai
TXN202601057,ACC1026,42760.51,TRANSFER,2026-08-21 03:25:50,Delhi
TXN202601058,ACC1033,10685.58,TRANSFER,2026-08-21 03:26:20,Delhi
TXN202601059,ACC1023,49003.68,DEBIT,2026-08-21 03:26:50,Mumbai
TXN202601060,ACC1031,6762.63,DEBIT,2026-08-21 03:27:20,Delhi
TXN202601061,ACC1033,20375.95,TRANSFER,2026-08-21 03:27:50,Mumbai
TXN202601062,ACC1036,9277.88,CREDIT,2026-08-21 03:28:20,Mumbai
TXN202601063,ACC1001,29300.98,CREDIT,2026-08-21 03:28:50,Mumbai
TXN202601064,ACC1032,36822.72,TRANSFER,2026-08-21 03:29:20,Delhi
TXN202601065,ACC1022,38844.92,DEBIT,2026-08-21 03:29:50,Bangalore
TXN202601066,ACC1007,18779.18,CREDIT,2026-08-21 03:30:20,Mumbai
TXN202601067,ACC1018,33916.85,DEBIT,2026-08-21 03:30:50,Hyderabad
TXN202601068,ACC1031,48910.52,DEBIT,2026-08-21 03:31:20,Chennai
TXN202601069,ACC1021,26767.71,DEBIT,2026-08-21 03:31:50,Delhi
TXN202601070,ACC1000,36479.23,CREDIT,2026-08-21 03:32:20,Chennai
TXN202601071,ACC1028,47828.41,CREDIT,2026-08-21 03:32:50,Bangalore
TXN202601072,ACC1046,45857.21,DEBIT,2026-08-21 03:33:20,Hyderabad
TXN202601073,ACC1043,27475.54,DEBIT,2026-08-21 03:33:50,Hyderabad
TXN202601074,ACC1004,12643.16,DEBIT,2026-08-21 03:34:20,Chennai
TXN202601075,ACC1002,42206.38,DEBIT,2026-08-21 03:34:50,Delhi
TXN202601076,ACC1046,20202.11,TRANSFER,2026-08-21 03:35:20,Hyderabad
TXN202601077,ACC1008,28480.18,CREDIT,2026-08-21 03:35:50,Chennai
TXN202601078,ACC1048,35833.98,DEBIT,2026-08-21 03:36:20,Chennai
TXN202601079,ACC1010,5820.92,CREDIT,2026-08-21 03:36:50,Chennai
TXN202601080,ACC1017,9394.32,CREDIT,2026-08-21 03:37:20,Delhi
TXN202601081,ACC1021,27680.39,DEBIT,2026-08-21 03:37:50,Chennai
TXN202601082,ACC1043,41972.39,TRANSFER,2026-08-21 03:38:20,Mumbai
TXN202601083,ACC1040,17959.99,TRANSFER,2026-08-21 03:38:50,Mumbai
TXN202601084,ACC1030,48120.42,CREDIT,2026-08-21 03:39:20,Mumbai
TXN202601085,ACC1042,32264.64,TRANSFER,2026-08-21 03:39:50,Bangalore
TXN202601086,ACC1015,47379.42,DEBIT,2026-08-21 03:40:20,Delhi
TXN202601087,ACC1001,1746.78,TRANSFER,2026-08-21 03:40:50,Delhi
TXN202601088,ACC1044,35885.29,DEBIT,2026-08-21 03:41:20,Bangalore
TXN202601089,ACC1033,19423.56,DEBIT,2026-08-21 03:41:50,Delhi
TXN202601090,ACC1036,27689.62,TRANSFER,2026-08-21 03:42:20,Chennai
TXN202601091,ACC1001,10352.33,DEBIT,2026-08-21 03:42:50,Bangalore
TXN202601092,ACC1001,48741.94,DEBIT,2026-08-21 03:43:20,Chennai
TXN202601093,ACC1037,12714.94,CREDIT,2026-08-21 03:43:50,Hyderabad
TXN202601094,ACC1000,41098.44,DEBIT,2026-08-21 03:44:20,Chennai
TXN202601095,ACC1029,19285.2,TRANSFER,2026-08-21 03:44:50,Delhi
TXN202601096,ACC1033,29144.79,DEBIT,2026-08-21 03:45:20,Hyderabad
TXN202601097,ACC1028,18732.58,DEBIT,2026-08-21 03:45:50,Mumbai
TXN202601098,ACC1018,29594.85,TRANSFER,2026-08-21 03:46:20,Mumbai
TXN202601099,ACC1027,18741.99,DEBIT,2026-08-21 03:46:50,Bangalore
TXN202601100,ACC1035,113.18,DEBIT,2026-08-21 03:47:20,Hyderabad
TXN202601101,ACC1009,18829.17,TRANSFER,2026-08-21 03:47:50,Delhi
TXN202601102,ACC1046,2166.52,TRANSFER,2026-08-21 03:48:20,Bangalore
TXN202601103,ACC1038,33725.64,DEBIT,2026-08-21 03:48:50,Hyderabad
TXN202601104,ACC1046,49379.59,TRANSFER,2026-08-21 03:49:20,Delhi
TXN202601105,ACC1005,8054.83,DEBIT,2026-08-21 03:49:50,Delhi
TXN202601106,ACC1020,3270.49,DEBIT,2026-08-21 03:50:20,Bangalore
TXN202601107,ACC1024,24829.26,TRANSFER,2026-08-21 03:50:50,Mumbai
TXN202601108,ACC1032,30240.26,TRANSFER,2026-08-21 03:51:20,Hyderabad
TXN202601109,ACC1027,47697.08,DEBIT,2026-08-21 03:51:50,Mumbai
TXN202601110,ACC1015,19706.67,TRANSFER,2026-08-21 03:52:20,Bangalore
TXN202601111,ACC1049,23260.67,CREDIT,2026-08-21 03:52:50,Mumbai
TXN202601112,ACC1038,7054.1,TRANSFER,2026-08-21 03:53:20,Bangalore
TXN202601113,ACC1028,22444.14,DEBIT,2026-08-21 03:53:50,Bangalore
TXN202601114,ACC1024,17518.01,DEBIT,2026-08-21 03:54:20,Hyderabad
TXN202601115,ACC1025,21494.81,DEBIT,2026-08-21 03:54:50,Delhi
TXN202601116,ACC1024,9659.88,DEBIT,2026-08-21 03:55:20,Chennai
TXN202601117,ACC1004,11439.77,TRANSFER,2026-08-21 03:55:50,Chennai
TXN202601118,ACC1043,5416.8,DEBIT,2026-08-21 03:56:20,Delhi
TXN202601119,ACC1032,44878.92,DEBIT,2026-08-21 03:56:50,Bangalore
TXN202601120,ACC1036,469.62,DEBIT,2026-08-21 03:57:20,Mumbai
TXN202601121,ACC1047,9366.97,DEBIT,2026-08-21 03:57:50,Chennai
TXN202601122,ACC1000,33801.92,DEBIT,2026-08-21 03:58:20,Mumbai
TXN202601123,ACC1031,44202.86,TRANSFER,2026-08-21 03:58:50,Hyderabad
TXN202601124,ACC1026,31211.49,CREDIT,2026-08-21 03:59:20,Chennai
TXN202601125,ACC1037,39540.82,DEBIT,2026-08-21 03:59:50,Delhi
TXN202601126,ACC1032,46347.45,DEBIT,2026-08-21 04:00:20,Delhi
TXN202601127,ACC1000,8019.48,TRANSFER,2026-08-21 04:00:50,Mumbai
TXN202601128,ACC1050,10912.7,TRANSFER,2026-08-21 04:01:20,Chennai
TXN202601129,ACC1041,47864.74,TRANSFER,2026-08-21 04:01:50,Delhi
TXN202601130,ACC1020,19625.69,DEBIT,2026-08-21 04:02:20,Chennai
TXN202601131,ACC1038,33472.62,CREDIT,2026-08-21 04:02:50,Chennai
TXN202601132,ACC1037,35163.15,CREDIT,2026-08-21 04:03:20,Chennai
TXN202601133,ACC1010,12704.94,CREDIT,2026-08-21 04:03:50,Hyderabad
TXN202601134,ACC1006,31500.03,TRANSFER,2026-08-21 04:04:20,Chennai
TXN202601135,ACC1012,30097.71,CREDIT,2026-08-21 04:04:50,Delhi
TXN202601136,ACC1014,11589.23,DEBIT,2026-08-21 04:05:20,Hyderabad
TXN202601137,ACC1044,34458.7,TRANSFER,2026-08-21 04:05:50,Mumbai
TXN202601138,ACC1012,39445.27,CREDIT,2026-08-21 04:06:20,Delhi
TXN202601139,ACC1014,3970.06,DEBIT,2026-08-21 04:06:50,Mumbai
TXN202601140,ACC1027,19375.72,CREDIT,2026-08-21 04:07:20,Chennai
TXN202601141,ACC1047,10087.82,TRANSFER,2026-08-21 04:07:50,Hyderabad
TXN202601142,ACC1045,41269.09,DEBIT,2026-08-21 04:08:20,Bangalore
TXN202601143,ACC1012,16996.7,CREDIT,2026-08-21 04:08:50,Bangalore
TXN202601144,ACC1042,2599.56,CREDIT,2026-08-21 04:09:20,Bangalore
TXN202601145,ACC1042,5707.59,DEBIT,2026-08-21 04:09:50,Delhi
TXN202601146,ACC1026,20363.29,DEBIT,2026-08-21 04:10:20,Hyderabad
TXN202601147,ACC1013,49638.95,CREDIT,2026-08-21 04:10:50,Mumbai
TXN202601148,ACC1035,32451.61,DEBIT,2026-08-21 04:11:20,Chennai
TXN202601149,ACC1048,26342.96,DEBIT,2026-08-21 04:11:50,Mumbai
TXN202601150,ACC1014,14312.55,TRANSFER,2026-08-21 04:12:20,Chennai
TXN202601151,ACC1013,47323.79,DEBIT,2026-08-21 04:12:50,Hyderabad
TXN202601152,ACC1035,777.29,DEBIT,2026-08-21 04:13:20,Delhi
TXN202601153,ACC1049,10127.5,CREDIT,2026-08-21 04:13:50,Hyderabad
TXN202601154,ACC1006,10294.02,CREDIT,2026-08-21 04:14:20,Delhi
TXN202601155,ACC1049,5995.12,CREDIT,2026-08-21 04:14:50,Hyderabad
TXN202601156,ACC1041,34608.45,DEBIT,2026-08-21 04:15:20,Hyderabad
TXN202601157,ACC1016,38595.29,TRANSFER,2026-08-21 04:15:50,Hyderabad
TXN202601158,ACC1050,37281.28,TRANSFER,2026-08-21 04:16:20,Bangalore
TXN202601159,ACC1007,1158.87,DEBIT,2026-08-21 04:16:50,Mumbai
TXN202601160,ACC1031,5323.49,TRANSFER,2026-08-21 04:17:20,Delhi
TXN202601161,ACC1019,24123.75,DEBIT,2026-08-21 04:17:50,Mumbai
TXN202601162,ACC1044,22571.7,DEBIT,2026-08-21 04:18:20,Hyderabad
TXN202601163,ACC1044,42683.84,TRANSFER,2026-08-21 04:18:50,Delhi
TXN202601164,ACC1006,6048.18,TRANSFER,2026-08-21 04:19:20,Bangalore
TXN202601165,ACC1003,45963.64,DEBIT,2026-08-21 04:19:50,Delhi
TXN202601166,ACC1002,25339.83,CREDIT,2026-08-21 04:20:20,Delhi
TXN202601167,ACC1005,15234.81,CREDIT,2026-08-21 04:20:50,Chennai
TXN202601168,ACC1013,43945.41,CREDIT,2026-08-21 04:21:20,Bangalore
TXN202601169,ACC1034,36288.19,TRANSFER,2026-08-21 04:21:50,Hyderabad
TXN202601170,ACC1040,48265.26,DEBIT,2026-08-21 04:22:20,Mumbai
TXN202601171,ACC1014,22978.28,TRANSFER,2026-08-21 04:22:50,Bangalore
TXN202601172,ACC1046,26810.63,CREDIT,2026-08-21 04:23:20,Hyderabad
TXN202601173,ACC1010,48734.06,CREDIT,2026-08-21 04:23:50,Bangalore
TXN202601174,ACC1026,27246.02,CREDIT,2026-08-21 04:24:20,Mumbai
TXN202601175,ACC1019,34019.96,CREDIT,2026-08-21 04:24:50,Bangalore
TXN202601176,ACC1003,10818.39,TRANSFER,2026-08-21 04:25:20,Hyderabad
TXN202601177,ACC1026,45127.84,CREDIT,2026-08-21 04:25:50,Chennai
TXN202601178,ACC1046,9351.87,CREDIT,2026-08-21 04:26:20,Chennai
TXN202601179,ACC1048,47242.15,CREDIT,2026-08-21 04:26:50,Delhi
TXN202601180,ACC1004,2684.03,TRANSFER,2026-08-21 04:27:20,Mumbai
TXN202601181,ACC1029,11449.55,DEBIT,2026-08-21 04:27:50,Chennai
TXN202601182,ACC1027,12263.51,DEBIT,2026-08-21 04:28:20,Bangalore
TXN202601183,ACC1048,26734.34,CREDIT,2026-08-21 04:28:50,Hyderabad
TXN202601184,ACC1045,11767.41,DEBIT,2026-08-21 04:29:20,Bangalore
TXN202601185,ACC1038,35445.2,DEBIT,2026-08-21 04:29:50,Hyderabad
TXN202601186,ACC1023,49746.7,DEBIT,2026-08-21 04:30:20,Chennai
TXN202601187,ACC1043,5799.6,DEBIT,2026-08-21 04:30:50,Mumbai
TXN202601188,ACC1030,30287.98,DEBIT,2026-08-21 04:31:20,Chennai
TXN202601189,ACC1038,47988.2,DEBIT,2026-08-21 04:31:50,Delhi
TXN202601190,ACC1046,15373.2,TRANSFER,2026-08-21 04:32:20,Hyderabad
TXN202601191,ACC1034,19229.47,CREDIT,2026-08-21 04:32:50,Bangalore
TXN202601192,ACC1020,45304.14,CREDIT,2026-08-21 04:33:20,Hyderabad
TXN202601193,ACC1032,38723.21,DEBIT,2026-08-21 04:33:50,Mumbai
TXN202601194,ACC1003,46674.29,CREDIT,2026-08-21 04:34:20,Chennai
TXN202601195,ACC1017,12734.84,DEBIT,2026-08-21 04:34:50,Bangalore
TXN202601196,ACC1009,4973.85,DEBIT,2026-08-21 04:35:20,Mumbai
TXN202601197,ACC1005,41901.85,DEBIT,2026-08-21 04:35:50,Hyderabad
TXN202601198,ACC1049,8493.45,TRANSFER,2026-08-21 04:36:20,Hyderabad
TXN202601199,ACC1046,1322.78,CREDIT,2026-08-21 04:36:50,Hyderabad
TXN202601200,ACC1011,1092.73,CREDIT,2026-08-21 04:37:20,Hyderabad
TXN202601201,ACC1014,17773.92,DEBIT,2026-08-21 04:37:50,Mumbai
TXN202601202,ACC1021,20588.6,TRANSFER,2026-08-21 04:38:20,Hyderabad
TXN202601203,ACC1022,35200.53,TRANSFER,2026-08-21 04:38:50,Bangalore
TXN202601204,ACC1015,40595.21,CREDIT,2026-08-21 04:39:20,Mumbai
TXN202601205,ACC1031,44760.41,CREDIT,2026-08-21 04:39:50,Hyderabad
TXN202601206,ACC1023,35174.52,DEBIT,2026-08-21 04:40:20,Chennai
TXN202601207,ACC1024,48561.73,TRANSFER,2026-08-21 04:40:50,Mumbai
TXN202601208,ACC1016,41374.49,TRANSFER,2026-08-21 04:41:20,Chennai
TXN202601209,ACC1025,34094.41,TRANSFER,2026-08-21 04:41:50,Chennai
TXN202601210,ACC1013,26420.05,DEBIT,2026-08-21 04:42:20,Mumbai
TXN202601211,ACC1039,11507.19,TRANSFER,2026-08-21 04:42:50,Bangalore
TXN202601212,ACC1008,38398.34,CREDIT,2026-08-21 04:43:20,Bangalore
TXN202601213,ACC1041,41777.24,CREDIT,2026-08-21 04:43:50,Mumbai
TXN202601214,ACC1046,33110.13,CREDIT,2026-08-21 04:44:20,Hyderabad
TXN202601215,ACC1019,9278.2,DEBIT,2026-08-21 04:44:50,Delhi
TXN202601216,ACC1050,44922.18,DEBIT,2026-08-21 04:45:20,Mumbai
TXN202601217,ACC1017,3890.06,TRANSFER,2026-08-21 04:45:50,Mumbai
TXN202601218,ACC1050,34047.03,DEBIT,2026-08-21 04:46:20,Hyderabad
TXN202601219,ACC1046,43092.15,CREDIT,2026-08-21 04:46:50,Mumbai
TXN202601220,ACC1036,28475.31,TRANSFER,2026-08-21 04:47:20,Hyderabad
TXN202601221,ACC1047,17438.24,DEBIT,2026-08-21 04:47:50,Bangalore
TXN202601222,ACC1007,10466.63,DEBIT,2026-08-21 04:48:20,Hyderabad
TXN202601223,ACC1007,47259.93,CREDIT,2026-08-21 04:48:50,Delhi
TXN202601224,ACC1037,44176.65,CREDIT,2026-08-21 04:49:20,Bangalore
TXN202601225,ACC1000,41771.04,TRANSFER,2026-08-21 04:49:50,Bangalore
TXN202601226,ACC1019,34081.76,TRANSFER,2026-08-21 04:50:20,Hyderabad
TXN202601227,ACC1022,20812.7,DEBIT,2026-08-21 04:50:50,Bangalore
TXN202601228,ACC1006,28869.31,DEBIT,2026-08-21 04:51:20,Mumbai
TXN202601229,ACC1035,47100.73,DEBIT,2026-08-21 04:51:50,Mumbai
TXN202601230,ACC1023,43144.78,DEBIT,2026-08-21 04:52:20,Chennai
TXN202601231,ACC1039,30214.38,CREDIT,2026-08-21 04:52:50,Delhi
TXN202601232,ACC1027,16792.89,TRANSFER,2026-08-21 04:53:20,Bangalore
TXN202601233,ACC1005,15953.43,TRANSFER,2026-08-21 04:53:50,Delhi
TXN202601234,ACC1047,2556.62,CREDIT,2026-08-21 04:54:20,Delhi
TXN202601235,ACC1022,49348.91,CREDIT,2026-08-21 04:54:50,Bangalore
TXN202601236,ACC1026,30403.2,DEBIT,2026-08-21 04:55:20,Bangalore
TXN202601237,ACC1040,28705.6,TRANSFER,2026-08-21 04:55:50,Hyderabad
TXN202601238,ACC1027,2173.85,DEBIT,2026-08-21 04:56:20,Bangalore
TXN202601239,ACC1040,45753.39,CREDIT,2026-08-21 04:56:50,Delhi
TXN202601240,ACC1023,15162.83,TRANSFER,2026-08-21 04:57:20,Delhi
TXN202601241,ACC1043,28118.54,TRANSFER,2026-08-21 04:57:50,Delhi
TXN202601242,ACC1033,3670.99,CREDIT,2026-08-21 04:58:20,Chennai
TXN202601243,ACC1010,39619.61,TRANSFER,2026-08-21 04:58:50,Chennai
TXN202601244,ACC1037,41080.45,TRANSFER,2026-08-21 04:59:20,Chennai
TXN202601245,ACC1047,23466.26,CREDIT,2026-08-21 04:59:50,Bangalore
TXN202601246,ACC1008,15793.34,TRANSFER,2026-08-21 05:00:20,Bangalore
TXN202601247,ACC1047,10226.65,CREDIT,2026-08-21 05:00:50,Hyderabad
TXN202601248,ACC1000,26793.31,TRANSFER,2026-08-21 05:01:20,Bangalore
TXN202601249,ACC1043,44211.67,DEBIT,2026-08-21 05:01:50,Chennai
TXN202601250,ACC1034,1214.33,DEBIT,2026-08-21 05:02:20,Hyderabad
TXN202601251,ACC1045,24595.26,TRANSFER,2026-08-21 05:02:50,Bangalore
TXN202601252,ACC1025,34242.21,CREDIT,2026-08-21 05:03:20,Chennai
TXN202601253,ACC1043,27399.13,TRANSFER,2026-08-21 05:03:50,Mumbai
TXN202601254,ACC1021,48417.78,DEBIT,2026-08-21 05:04:20,Mumbai
TXN202601255,ACC1036,31649.33,DEBIT,2026-08-21 05:04:50,Chennai
TXN202601256,ACC1028,1258.12,DEBIT,2026-08-21 05:05:20,Delhi
TXN202601257,ACC1007,26588.73,CREDIT,2026-08-21 05:05:50,Mumbai
TXN202601258,ACC1046,47900.99,TRANSFER,2026-08-21 05:06:20,Delhi
TXN202601259,ACC1004,24185.54,TRANSFER,2026-08-21 05:06:50,Delhi
TXN202601260,ACC1038,2280.0,TRANSFER,2026-08-21 05:07:20,Chennai
TXN202601261,ACC1048,11041.59,DEBIT,2026-08-21 05:07:50,Hyderabad
TXN202601262,ACC1048,30721.9,TRANSFER,2026-08-21 05:08:20,Bangalore
TXN202601263,ACC1048,36928.52,DEBIT,2026-08-21 05:08:50,Hyderabad
TXN202601264,ACC1014,37006.86,CREDIT,2026-08-21 05:09:20,Bangalore
TXN202601265,ACC1048,5593.75,DEBIT,2026-08-21 05:09:50,Mumbai
TXN202601266,ACC1035,32659.8,CREDIT,2026-08-21 05:10:20,Mumbai
TXN202601267,ACC1037,20748.35,DEBIT,2026-08-21 05:10:50,Mumbai
TXN202601268,ACC1036,48711.52,TRANSFER,2026-08-21 05:11:20,Bangalore
TXN202601269,ACC1016,17536.06,TRANSFER,2026-08-21 05:11:50,Hyderabad
TXN202601270,ACC1019,37486.36,DEBIT,2026-08-21 05:12:20,Hyderabad
TXN202601271,ACC1047,39733.83,DEBIT,2026-08-21 05:12:50,Hyderabad
TXN202601272,ACC1004,18660.75,TRANSFER,2026-08-21 05:13:20,Delhi
TXN202601273,ACC1049,10238.01,CREDIT,2026-08-21 05:13:50,Mumbai
TXN202601274,ACC1009,33530.34,CREDIT,2026-08-21 05:14:20,Hyderabad
TXN202601275,ACC1010,46048.47,DEBIT,2026-08-21 05:14:50,Hyderabad
TXN202601276,ACC1045,19889.21,DEBIT,2026-08-21 05:15:20,Bangalore
TXN202601277,ACC1014,5825.28,CREDIT,2026-08-21 05:15:50,Mumbai
TXN202601278,ACC1029,31044.63,DEBIT,2026-08-21 05:16:20,Mumbai
TXN202601279,ACC1027,21502.78,CREDIT,2026-08-21 05:16:50,Delhi
TXN202601280,ACC1031,38698.68,CREDIT,2026-08-21 05:17:20,Bangalore
TXN202601281,ACC1011,37292.56,DEBIT,2026-08-21 05:17:50,Delhi
TXN202601282,ACC1010,11102.16,TRANSFER,2026-08-21 05:18:20,Mumbai
TXN202601283,ACC1027,22411.78,CREDIT,2026-08-21 05:18:50,Mumbai
TXN202601284,ACC1008,38109.13,TRANSFER,2026-08-21 05:19:20,Mumbai
TXN202601285,ACC1050,21371.49,TRANSFER,2026-08-21 05:19:50,Hyderabad
TXN202601286,ACC1018,16193.78,TRANSFER,2026-08-21 05:20:20,Bangalore
TXN202601287,ACC1018,31492.64,DEBIT,2026-08-21 05:20:50,Bangalore
TXN202601288,ACC1009,17550.71,DEBIT,2026-08-21 05:21:20,Bangalore
TXN202601289,ACC1009,32269.9,TRANSFER,2026-08-21 05:21:50,Chennai
TXN202601290,ACC1024,13403.67,DEBIT,2026-08-21 05:22:20,Hyderabad
TXN202601291,ACC1032,44375.57,CREDIT,2026-08-21 05:22:50,Bangalore
TXN202601292,ACC1017,38611.05,TRANSFER,2026-08-21 05:23:20,Bangalore
TXN202601293,ACC1017,13756.67,DEBIT,2026-08-21 05:23:50,Chennai
TXN202601294,ACC1009,48701.57,TRANSFER,2026-08-21 05:24:20,Chennai
TXN202601295,ACC1019,6782.1,DEBIT,2026-08-21 05:24:50,Bangalore
TXN202601296,ACC1002,7769.38,CREDIT,2026-08-21 05:25:20,Mumbai
TXN202601297,ACC1043,33004.53,CREDIT,2026-08-21 05:25:50,Bangalore
TXN202601298,ACC1021,997.1,DEBIT,2026-08-21 05:26:20,Bangalore
TXN202601299,ACC1002,8504.78,CREDIT,2026-08-21 05:26:50,Delhi
TXN202601300,ACC1014,5633.71,DEBIT,2026-08-21 05:27:20,Delhi
TXN202601301,ACC1045,40453.29,DEBIT,2026-08-21 05:27:50,Hyderabad
TXN202601302,ACC1000,22575.85,DEBIT,2026-08-21 05:28:20,Hyderabad
TXN202601303,ACC1035,34850.37,TRANSFER,2026-08-21 05:28:50,Mumbai
TXN202601304,ACC1017,46204.05,DEBIT,2026-08-21 05:29:20,Mumbai
TXN202601305,ACC1028,13491.3,TRANSFER,2026-08-21 05:29:50,Delhi
TXN202601306,ACC1005,30542.0,DEBIT,2026-08-21 05:30:20,Bangalore
TXN202601307,ACC1019,25576.14,CREDIT,2026-08-21 05:30:50,Hyderabad
TXN202601308,ACC1007,29437.73,DEBIT,2026-08-21 05:31:20,Chennai
TXN202601309,ACC1003,4763.11,TRANSFER,2026-08-21 05:31:50,Bangalore
TXN202601310,ACC1002,12866.44,TRANSFER,2026-08-21 05:32:20,Hyderabad
TXN202601311,ACC1025,25900.26,CREDIT,2026-08-21 05:32:50,Hyderabad
TXN202601312,ACC1015,19398.04,CREDIT,2026-08-21 05:33:20,Delhi
TXN202601313,ACC1031,12510.51,TRANSFER,2026-08-21 05:33:50,Mumbai
TXN202601314,ACC1008,14319.61,CREDIT,2026-08-21 05:34:20,Mumbai
TXN202601315,ACC1049,2352.51,DEBIT,2026-08-21 05:34:50,Mumbai
TXN202601316,ACC1035,23272.45,CREDIT,2026-08-21 05:35:20,Mumbai
TXN202601317,ACC1034,16891.41,TRANSFER,2026-08-21 05:35:50,Chennai
TXN202601318,ACC1046,1950.29,CREDIT,2026-08-21 05:36:20,Delhi
TXN202601319,ACC1037,26892.45,TRANSFER,2026-08-21 05:36:50,Hyderabad
TXN202601320,ACC1024,32988.97,CREDIT,2026-08-21 05:37:20,Bangalore
TXN202601321,ACC1027,40013.28,TRANSFER,2026-08-21 05:37:50,Bangalore
TXN202601322,ACC1049,9440.84,TRANSFER,2026-08-21 05:38:20,Chennai
TXN202601323,ACC1025,2294.98,TRANSFER,2026-08-21 05:38:50,Bangalore
TXN202601324,ACC1001,24191.38,TRANSFER,2026-08-21 05:39:20,Hyderabad
TXN202601325,ACC1046,7151.8,CREDIT,2026-08-21 05:39:50,Chennai
TXN202601326,ACC1047,15172.82,CREDIT,2026-08-21 05:40:20,Chennai
TXN202601327,ACC1020,46583.72,TRANSFER,2026-08-21 05:40:50,Bangalore
TXN202601328,ACC1049,48488.82,DEBIT,2026-08-21 05:41:20,Mumbai
TXN202601329,ACC1027,2710.25,DEBIT,2026-08-21 05:41:50,Mumbai
TXN202601330,ACC1017,18654.38,DEBIT,2026-08-21 05:42:20,Chennai
TXN202601331,ACC1029,44413.68,TRANSFER,2026-08-21 05:42:50,Hyderabad
TXN202601332,ACC1001,4202.06,DEBIT,2026-08-21 05:43:20,Bangalore
TXN202601333,ACC1003,34711.24,TRANSFER,2026-08-21 05:43:50,Delhi
TXN202601334,ACC1034,8331.52,TRANSFER,2026-08-21 05:44:20,Bangalore
TXN202601335,ACC1019,22906.03,CREDIT,2026-08-21 05:44:50,Chennai
TXN202601336,ACC1020,26525.94,TRANSFER,2026-08-21 05:45:20,Mumbai
TXN202601337,ACC1015,40133.55,DEBIT,2026-08-21 05:45:50,Mumbai
TXN202601338,ACC1022,23522.73,TRANSFER,2026-08-21 05:46:20,Delhi
TXN202601339,ACC1044,11581.26,TRANSFER,2026-08-21 05:46:50,Mumbai
TXN202601340,ACC1021,19224.89,TRANSFER,2026-08-21 05:47:20,Delhi
TXN202601341,ACC1017,34480.05,CREDIT,2026-08-21 05:47:50,Hyderabad
TXN202601342,ACC1050,8288.14,DEBIT,2026-08-21 05:48:20,Delhi
TXN202601343,ACC1027,4093.59,CREDIT,2026-08-21 05:48:50,Hyderabad
TXN202601344,ACC1039,15996.06,TRANSFER,2026-08-21 05:49:20,Mumbai
TXN202601345,ACC1001,14459.78,CREDIT,2026-08-21 05:49:50,Bangalore
TXN202601346,ACC1016,29723.35,TRANSFER,2026-08-21 05:50:20,Delhi
TXN202601347,ACC1024,5958.55,TRANSFER,2026-08-21 05:50:50,Hyderabad
TXN202601348,ACC1027,36795.06,CREDIT,2026-08-21 05:51:20,Chennai
TXN202601349,ACC1019,13922.18,CREDIT,2026-08-21 05:51:50,Delhi
TXN202601350,ACC1046,4441.14,CREDIT,2026-08-21 05:52:20,Chennai
TXN202601351,ACC1017,36444.07,CREDIT,2026-08-21 05:52:50,Bangalore
TXN202601352,ACC1032,4413.25,CREDIT,2026-08-21 05:53:20,Mumbai
TXN202601353,ACC1018,7117.53,TRANSFER,2026-08-21 05:53:50,Delhi
TXN202601354,ACC1050,31022.77,TRANSFER,2026-08-21 05:54:20,Chennai
TXN202601355,ACC1024,5905.54,TRANSFER,2026-08-21 05:54:50,Mumbai
TXN202601356,ACC1020,17545.93,TRANSFER,2026-08-21 05:55:20,Chennai
TXN202601357,ACC1000,1290.7,DEBIT,2026-08-21 05:55:50,Chennai
TXN202601358,ACC1003,9987.88,DEBIT,2026-08-21 05:56:20,Mumbai
TXN202601359,ACC1021,30484.74,TRANSFER,2026-08-21 05:56:50,Hyderabad
TXN202601360,ACC1021,14195.12,CREDIT,2026-08-21 05:57:20,Mumbai
TXN202601361,ACC1031,30283.04,DEBIT,2026-08-21 05:57:50,Hyderabad
TXN202601362,ACC1040,22466.74,TRANSFER,2026-08-21 05:58:20,Mumbai
TXN202601363,ACC1025,15463.26,CREDIT,2026-08-21 05:58:50,Bangalore
TXN202601364,ACC1001,9896.14,DEBIT,2026-08-21 05:59:20,Delhi
TXN202601365,ACC1010,6112.65,CREDIT,2026-08-21 05:59:50,Delhi
TXN202601366,ACC1033,49946.72,CREDIT,2026-08-21 06:00:20,Hyderabad
TXN202601367,ACC1012,41473.42,CREDIT,2026-08-21 06:00:50,Chennai
TXN202601368,ACC1048,40971.55,CREDIT,2026-08-21 06:01:20,Hyderabad
TXN202601369,ACC1021,31769.61,CREDIT,2026-08-21 06:01:50,Bangalore
TXN202601370,ACC1003,27910.66,TRANSFER,2026-08-21 06:02:20,Delhi
TXN202601371,ACC1034,28414.85,TRANSFER,2026-08-21 06:02:50,Chennai
TXN202601372,ACC1029,7640.5,DEBIT,2026-08-21 06:03:20,Bangalore
TXN202601373,ACC1015,34222.5,CREDIT,2026-08-21 06:03:50,Mumbai
TXN202601374,ACC1046,24589.85,TRANSFER,2026-08-21 06:04:20,Bangalore
TXN202601375,ACC1003,26997.2,CREDIT,2026-08-21 06:04:50,Chennai
TXN202601376,ACC1027,6494.56,TRANSFER,2026-08-21 06:05:20,Hyderabad
TXN202601377,ACC1029,38021.73,TRANSFER,2026-08-21 06:05:50,Bangalore
TXN202601378,ACC1021,19029.73,TRANSFER,2026-08-21 06:06:20,Delhi
TXN202601379,ACC1012,49460.41,CREDIT,2026-08-21 06:06:50,Chennai
TXN202601380,ACC1026,46469.47,DEBIT,2026-08-21 06:07:20,Hyderabad
TXN202601381,ACC1004,11367.31,DEBIT,2026-08-21 06:07:50,Mumbai
TXN202601382,ACC1037,25941.63,CREDIT,2026-08-21 06:08:20,Hyderabad
TXN202601383,ACC1014,1475.66,DEBIT,2026-08-21 06:08:50,Chennai
TXN202601384,ACC1050,28395.78,TRANSFER,2026-08-21 06:09:20,Chennai
TXN202601385,ACC1024,1317.48,CREDIT,2026-08-21 06:09:50,Delhi
TXN202601386,ACC1019,926.41,CREDIT,2026-08-21 06:10:20,Hyderabad
TXN202601387,ACC1038,42232.44,TRANSFER,2026-08-21 06:10:50,Chennai
TXN202601388,ACC1026,770.89,CREDIT,2026-08-21 06:11:20,Delhi
TXN202601389,ACC1047,35058.4,TRANSFER,2026-08-21 06:11:50,Delhi
TXN202601390,ACC1028,11498.71,CREDIT,2026-08-21 06:12:20,Delhi
TXN202601391,ACC1024,14767.42,TRANSFER,2026-08-21 06:12:50,Hyderabad
TXN202601392,ACC1029,48207.72,TRANSFER,2026-08-21 06:13:20,Bangalore
TXN202601393,ACC1029,37105.7,TRANSFER,2026-08-21 06:13:50,Bangalore
TXN202601394,ACC1008,4610.44,TRANSFER,2026-08-21 06:14:20,Chennai
TXN202601395,ACC1006,22521.69,DEBIT,2026-08-21 06:14:50,Hyderabad
TXN202601396,ACC1020,27218.45,DEBIT,2026-08-21 06:15:20,Bangalore
TXN202601397,ACC1036,12148.69,DEBIT,2026-08-21 06:15:50,Chennai
TXN202601398,ACC1002,40378.57,CREDIT,2026-08-21 06:16:20,Chennai
TXN202601399,ACC1026,10701.63,TRANSFER,2026-08-21 06:16:50,Chennai
TXN202601400,ACC1008,31416.99,TRANSFER,2026-08-21 06:17:20,Bangalore
TXN202601401,ACC1029,47715.01,TRANSFER,2026-08-21 06:17:50,Mumbai
TXN202601402,ACC1028,12545.91,DEBIT,2026-08-21 06:18:20,Hyderabad
TXN202601403,ACC1028,6143.08,DEBIT,2026-08-21 06:18:50,Mumbai
TXN202601404,ACC1019,45478.91,TRANSFER,2026-08-21 06:19:20,Delhi
TXN202601405,ACC1036,42016.19,DEBIT,2026-08-21 06:19:50,Hyderabad
TXN202601406,ACC1014,5617.53,CREDIT,2026-08-21 06:20:20,Delhi
TXN202601407,ACC1020,7724.01,DEBIT,2026-08-21 06:20:50,Delhi
TXN202601408,ACC1025,3981.28,TRANSFER,2026-08-21 06:21:20,Hyderabad
TXN202601409,ACC1012,24548.72,DEBIT,2026-08-21 06:21:50,Chennai
TXN202601410,ACC1021,31934.24,TRANSFER,2026-08-21 06:22:20,Chennai
TXN202601411,ACC1047,15367.88,CREDIT,2026-08-21 06:22:50,Delhi
TXN202601412,ACC1003,7297.79,TRANSFER,2026-08-21 06:23:20,Chennai
TXN202601413,ACC1021,33895.65,TRANSFER,2026-08-21 06:23:50,Hyderabad
TXN202601414,ACC1024,34343.13,DEBIT,2026-08-21 06:24:20,Bangalore
TXN202601415,ACC1028,46136.63,CREDIT,2026-08-21 06:24:50,Delhi
TXN202601416,ACC1007,5691.2,DEBIT,2026-08-21 06:25:20,Hyderabad
TXN202601417,ACC1033,10546.49,DEBIT,2026-08-21 06:25:50,Mumbai
TXN202601418,ACC1006,22294.93,DEBIT,2026-08-21 06:26:20,Hyderabad
TXN202601419,ACC1026,41984.65,TRANSFER,2026-08-21 06:26:50,Bangalore
TXN202601420,ACC1026,8374.91,DEBIT,2026-08-21 06:27:20,Bangalore
TXN202601421,ACC1042,2609.43,CREDIT,2026-08-21 06:27:50,Chennai
TXN202601422,ACC1031,49173.63,TRANSFER,2026-08-21 06:28:20,Hyderabad
TXN202601423,ACC1014,43226.02,TRANSFER,2026-08-21 06:28:50,Hyderabad
TXN202601424,ACC1009,7560.4,CREDIT,2026-08-21 06:29:20,Mumbai
TXN202601425,ACC1021,27369.2,TRANSFER,2026-08-21 06:29:50,Hyderabad
TXN202601426,ACC1040,20437.37,CREDIT,2026-08-21 06:30:20,Mumbai
TXN202601427,ACC1030,29486.23,CREDIT,2026-08-21 06:30:50,Bangalore
TXN202601428,ACC1021,27074.42,DEBIT,2026-08-21 06:31:20,Bangalore
TXN202601429,ACC1042,5136.85,DEBIT,2026-08-21 06:31:50,Hyderabad
TXN202601430,ACC1011,27119.51,CREDIT,2026-08-21 06:32:20,Delhi
TXN202601431,ACC1012,27508.58,TRANSFER,2026-08-21 06:32:50,Mumbai
TXN202601432,ACC1034,41233.16,CREDIT,2026-08-21 06:33:20,Bangalore
TXN202601433,ACC1030,48049.67,TRANSFER,2026-08-21 06:33:50,Delhi
TXN202601434,ACC1036,43342.41,TRANSFER,2026-08-21 06:34:20,Hyderabad
TXN202601435,ACC1014,7654.44,TRANSFER,2026-08-21 06:34:50,Mumbai
TXN202601436,ACC1028,26376.49,DEBIT,2026-08-21 06:35:20,Bangalore
TXN202601437,ACC1001,8961.65,CREDIT,2026-08-21 06:35:50,Hyderabad
TXN202601438,ACC1020,8215.6,CREDIT,2026-08-21 06:36:20,Chennai
TXN202601439,ACC1049,3651.07,CREDIT,2026-08-21 06:36:50,Delhi
TXN202601440,ACC1032,43659.92,TRANSFER,2026-08-21 06:37:20,Mumbai
TXN202601441,ACC1008,41192.75,CREDIT,2026-08-21 06:37:50,Delhi
TXN202601442,ACC1045,7874.36,DEBIT,2026-08-21 06:38:20,Mumbai
TXN202601443,ACC1038,25416.87,DEBIT,2026-08-21 06:38:50,Bangalore
TXN202601444,ACC1045,620.22,DEBIT,2026-08-21 06:39:20,Delhi
TXN202601445,ACC1049,23680.45,CREDIT,2026-08-21 06:39:50,Bangalore
TXN202601446,ACC1048,17096.26,TRANSFER,2026-08-21 06:40:20,Bangalore
TXN202601447,ACC1029,45407.8,DEBIT,2026-08-21 06:40:50,Delhi
TXN202601448,ACC1005,42197.69,TRANSFER,2026-08-21 06:41:20,Mumbai
TXN202601449,ACC1050,8280.25,DEBIT,2026-08-21 06:41:50,Delhi
TXN202601450,ACC1000,32426.48,TRANSFER,2026-08-21 06:42:20,Hyderabad
TXN202601451,ACC1000,27445.69,CREDIT,2026-08-21 06:42:50,Bangalore
TXN202601452,ACC1001,44913.89,DEBIT,2026-08-21 06:43:20,Chennai
TXN202601453,ACC1041,17308.02,CREDIT,2026-08-21 06:43:50,Chennai
TXN202601454,ACC1038,33095.03,CREDIT,2026-08-21 06:44:20,Mumbai
TXN202601455,ACC1038,25412.11,TRANSFER,2026-08-21 06:44:50,Mumbai
TXN202601456,ACC1040,29183.86,TRANSFER,2026-08-21 06:45:20,Mumbai
TXN202601457,ACC1042,41826.27,CREDIT,2026-08-21 06:45:50,Bangalore
TXN202601458,ACC1006,19267.39,DEBIT,2026-08-21 06:46:20,Mumbai
TXN202601459,ACC1029,21714.89,CREDIT,2026-08-21 06:46:50,Chennai
TXN202601460,ACC1030,24489.97,TRANSFER,2026-08-21 06:47:20,Delhi
TXN202601461,ACC1034,41127.21,DEBIT,2026-08-21 06:47:50,Delhi
TXN202601462,ACC1041,34698.77,DEBIT,2026-08-21 06:48:20,Delhi
TXN202601463,ACC1013,46864.94,CREDIT,2026-08-21 06:48:50,Hyderabad
TXN202601464,ACC1047,24721.5,DEBIT,2026-08-21 06:49:20,Mumbai
TXN202601465,ACC1032,10864.04,TRANSFER,2026-08-21 06:49:50,Bangalore
TXN202601466,ACC1016,47744.27,DEBIT,2026-08-21 06:50:20,Hyderabad
TXN202601467,ACC1034,19418.15,DEBIT,2026-08-21 06:50:50,Chennai
TXN202601468,ACC1019,12422.59,DEBIT,2026-08-21 06:51:20,Hyderabad
TXN202601469,ACC1029,29726.99,CREDIT,2026-08-21 06:51:50,Hyderabad
TXN202601470,ACC1019,5337.92,TRANSFER,2026-08-21 06:52:20,Hyderabad
TXN202601471,ACC1026,17836.96,TRANSFER,2026-08-21 06:52:50,Bangalore
TXN202601472,ACC1009,41578.74,DEBIT,2026-08-21 06:53:20,Chennai
TXN202601473,ACC1042,27654.37,DEBIT,2026-08-21 06:53:50,Bangalore
TXN202601474,ACC1016,5451.26,TRANSFER,2026-08-21 06:54:20,Mumbai
TXN202601475,ACC1044,19628.45,TRANSFER,2026-08-21 06:54:50,Mumbai
TXN202601476,ACC1046,22641.32,DEBIT,2026-08-21 06:55:20,Delhi
TXN202601477,ACC1018,44813.18,CREDIT,2026-08-21 06:55:50,Delhi
TXN202601478,ACC1026,32256.0,CREDIT,2026-08-21 06:56:20,Hyderabad
TXN202601479,ACC1006,31881.64,CREDIT,2026-08-21 06:56:50,Delhi
TXN202601480,ACC1048,10223.82,CREDIT,2026-08-21 06:57:20,Chennai
TXN202601481,ACC1019,20935.92,DEBIT,2026-08-21 06:57:50,Bangalore
TXN202601482,ACC1004,44824.78,DEBIT,2026-08-21 06:58:20,Bangalore
TXN202601483,ACC1030,44868.6,TRANSFER,2026-08-21 06:58:50,Bangalore
TXN202601484,ACC1045,38432.08,DEBIT,2026-08-21 06:59:20,Chennai
TXN202601485,ACC1024,42547.91,DEBIT,2026-08-21 06:59:50,Bangalore
TXN202601486,ACC1010,34972.51,TRANSFER,2026-08-21 07:00:20,Hyderabad
TXN202601487,ACC1047,18115.63,DEBIT,2026-08-21 07:00:50,Chennai
TXN202601488,ACC1049,629.42,CREDIT,2026-08-21 07:01:20,Hyderabad
TXN202601489,ACC1043,26186.9,TRANSFER,2026-08-21 07:01:50,Hyderabad
TXN202601490,ACC1004,1631.85,DEBIT,2026-08-21 07:02:20,Delhi
TXN202601491,ACC1009,27613.67,TRANSFER,2026-08-21 07:02:50,Hyderabad
TXN202601492,ACC1002,32808.07,DEBIT,2026-08-21 07:03:20,Delhi
TXN202601493,ACC1022,28550.69,CREDIT,2026-08-21 07:03:50,Hyderabad
TXN202601494,ACC1042,2584.73,CREDIT,2026-08-21 07:04:20,Delhi
TXN202601495,ACC1020,27444.35,CREDIT,2026-08-21 07:04:50,Chennai
TXN202601496,ACC1005,40365.52,TRANSFER,2026-08-21 07:05:20,Chennai
TXN202601497,ACC1034,2790.04,DEBIT,2026-08-21 07:05:50,Bangalore
TXN202601498,ACC1035,6935.33,TRANSFER,2026-08-21 07:06:20,Chennai
TXN202601499,ACC1010,29634.54,DEBIT,2026-08-21 07:06:50,Mumbai
TXN202601500,ACC1034,2412.76,TRANSFER,2026-08-21 07:07:20,Delhi
TXN202601501,ACC1045,39792.82,DEBIT,2026-08-21 07:07:50,Delhi
TXN202601502,ACC1041,28182.93,TRANSFER,2026-08-21 07:08:20,Mumbai
TXN202601503,ACC1047,7645.06,CREDIT,2026-08-21 07:08:50,Chennai
TXN202601504,ACC1010,21209.51,TRANSFER,2026-08-21 07:09:20,Mumbai
TXN202601505,ACC1015,32657.01,TRANSFER,2026-08-21 07:09:50,Bangalore
TXN202601506,ACC1035,33419.33,CREDIT,2026-08-21 07:10:20,Bangalore
TXN202601507,ACC1025,5543.23,DEBIT,2026-08-21 07:10:50,Delhi
TXN202601508,ACC1025,16673.69,CREDIT,2026-08-21 07:11:20,Delhi
TXN202601509,ACC1014,39724.2,CREDIT,2026-08-21 07:11:50,Bangalore
TXN202601510,ACC1039,25017.62,DEBIT,2026-08-21 07:12:20,Bangalore
TXN202601511,ACC1009,14232.2,TRANSFER,2026-08-21 07:12:50,Chennai
TXN202601512,ACC1012,21395.2,TRANSFER,2026-08-21 07:13:20,Hyderabad
TXN202601513,ACC1042,10711.52,DEBIT,2026-08-21 07:13:50,Delhi
TXN202601514,ACC1017,9852.15,TRANSFER,2026-08-21 07:14:20,Hyderabad
TXN202601515,ACC1011,7416.01,CREDIT,2026-08-21 07:14:50,Hyderabad
TXN202601516,ACC1050,38766.95,CREDIT,2026-08-21 07:15:20,Bangalore
TXN202601517,ACC1038,4284.54,DEBIT,2026-08-21 07:15:50,Delhi
TXN202601518,ACC1020,35374.74,CREDIT,2026-08-21 07:16:20,Bangalore
TXN202601519,ACC1041,15452.48,CREDIT,2026-08-21 07:16:50,Mumbai
TXN202601520,ACC1048,16394.15,CREDIT,2026-08-21 07:17:20,Hyderabad
TXN202601521,ACC1042,29333.72,DEBIT,2026-08-21 07:17:50,Mumbai
TXN202601522,ACC1030,24627.67,DEBIT,2026-08-21 07:18:20,Delhi
TXN202601523,ACC1013,9479.87,TRANSFER,2026-08-21 07:18:50,Bangalore
TXN202601524,ACC1017,23757.21,CREDIT,2026-08-21 07:19:20,Hyderabad
TXN202601525,ACC1003,25702.14,CREDIT,2026-08-21 07:19:50,Delhi
TXN202601526,ACC1023,26907.84,CREDIT,2026-08-21 07:20:20,Delhi
TXN202601527,ACC1047,28444.39,CREDIT,2026-08-21 07:20:50,Chennai
TXN202601528,ACC1000,46499.98,TRANSFER,2026-08-21 07:21:20,Bangalore
TXN202601529,ACC1019,25207.14,TRANSFER,2026-08-21 07:21:50,Mumbai
TXN202601530,ACC1038,39620.75,TRANSFER,2026-08-21 07:22:20,Delhi
TXN202601531,ACC1023,42182.17,CREDIT,2026-08-21 07:22:50,Delhi
TXN202601532,ACC1037,58.44,TRANSFER,2026-08-21 07:23:20,Delhi
TXN202601533,ACC1030,7531.43,CREDIT,2026-08-21 07:23:50,Bangalore
TXN202601534,ACC1032,28263.11,DEBIT,2026-08-21 07:24:20,Delhi
TXN202601535,ACC1050,30882.82,TRANSFER,2026-08-21 07:24:50,Mumbai
TXN202601536,ACC1026,3514.24,CREDIT,2026-08-21 07:25:20,Hyderabad
TXN202601537,ACC1032,41325.01,DEBIT,2026-08-21 07:25:50,Mumbai
TXN202601538,ACC1000,11823.63,CREDIT,2026-08-21 07:26:20,Bangalore
TXN202601539,ACC1011,23160.4,DEBIT,2026-08-21 07:26:50,Mumbai
TXN202601540,ACC1025,22289.92,DEBIT,2026-08-21 07:27:20,Delhi
TXN202601541,ACC1015,3242.65,CREDIT,2026-08-21 07:27:50,Hyderabad
TXN202601542,ACC1039,20869.79,CREDIT,2026-08-21 07:28:20,Delhi
TXN202601543,ACC1037,17052.9,CREDIT,2026-08-21 07:28:50,Chennai
TXN202601544,ACC1001,31685.32,CREDIT,2026-08-21 07:29:20,Mumbai
TXN202601545,ACC1047,37520.34,CREDIT,2026-08-21 07:29:50,Delhi
TXN202601546,ACC1050,34475.02,CREDIT,2026-08-21 07:30:20,Hyderabad
TXN202601547,ACC1035,14252.63,DEBIT,2026-08-21 07:30:50,Hyderabad
TXN202601548,ACC1000,8596.95,TRANSFER,2026-08-21 07:31:20,Hyderabad
TXN202601549,ACC1001,44722.92,CREDIT,2026-08-21 07:31:50,Bangalore
TXN202601550,ACC1008,24725.11,DEBIT,2026-08-21 07:32:20,Delhi
TXN202601551,ACC1011,30217.23,TRANSFER,2026-08-21 07:32:50,Bangalore
TXN202601552,ACC1001,29716.8,TRANSFER,2026-08-21 07:33:20,Chennai
TXN202601553,ACC1032,43001.54,CREDIT,2026-08-21 07:33:50,Hyderabad
TXN202601554,ACC1027,35846.78,CREDIT,2026-08-21 07:34:20,Hyderabad
TXN202601555,ACC1032,26676.97,TRANSFER,2026-08-21 07:34:50,Delhi
TXN202601556,ACC1036,45773.33,DEBIT,2026-08-21 07:35:20,Chennai
TXN202601557,ACC1018,36585.65,DEBIT,2026-08-21 07:35:50,Hyderabad
TXN202601558,ACC1030,20294.35,CREDIT,2026-08-21 07:36:20,Hyderabad
TXN202601559,ACC1016,16813.42,CREDIT,2026-08-21 07:36:50,Chennai
TXN202601560,ACC1038,29487.86,CREDIT,2026-08-21 07:37:20,Bangalore
TXN202601561,ACC1042,33488.76,CREDIT,2026-08-21 07:37:50,Mumbai
TXN202601562,ACC1043,14818.32,TRANSFER,2026-08-21 07:38:20,Hyderabad
TXN202601563,ACC1011,5479.09,DEBIT,2026-08-21 07:38:50,Bangalore
TXN202601564,ACC1024,27140.79,TRANSFER,2026-08-21 07:39:20,Hyderabad
TXN202601565,ACC1000,2294.0,TRANSFER,2026-08-21 07:39:50,Hyderabad
TXN202601566,ACC1039,14350.04,TRANSFER,2026-08-21 07:40:20,Bangalore
TXN202601567,ACC1045,9445.8,TRANSFER,2026-08-21 07:40:50,Hyderabad
TXN202601568,ACC1046,7938.38,CREDIT,2026-08-21 07:41:20,Delhi
TXN202601569,ACC1022,19313.17,TRANSFER,2026-08-21 07:41:50,Bangalore
TXN202601570,ACC1036,38504.23,TRANSFER,2026-08-21 07:42:20,Mumbai
TXN202601571,ACC1030,20097.92,TRANSFER,2026-08-21 07:42:50,Delhi
TXN202601572,ACC1007,30177.23,DEBIT,2026-08-21 07:43:20,Hyderabad
TXN202601573,ACC1019,23163.62,DEBIT,2026-08-21 07:43:50,Chennai
TXN202601574,ACC1001,846.53,DEBIT,2026-08-21 07:44:20,Mumbai
TXN202601575,ACC1006,25543.91,CREDIT,2026-08-21 07:44:50,Bangalore
TXN202601576,ACC1036,10073.71,DEBIT,2026-08-21 07:45:20,Bangalore
TXN202601577,ACC1032,2770.31,TRANSFER,2026-08-21 07:45:50,Mumbai
TXN202601578,ACC1012,36116.87,TRANSFER,2026-08-21 07:46:20,Hyderabad
TXN202601579,ACC1037,35724.28,TRANSFER,2026-08-21 07:46:50,Delhi
TXN202601580,ACC1021,19620.17,CREDIT,2026-08-21 07:47:20,Bangalore
TXN202601581,ACC1006,9431.78,DEBIT,2026-08-21 07:47:50,Hyderabad
TXN202601582,ACC1016,15223.82,DEBIT,2026-08-21 07:48:20,Hyderabad
TXN202601583,ACC1017,11036.99,DEBIT,2026-08-21 07:48:50,Bangalore
TXN202601584,ACC1024,9234.58,TRANSFER,2026-08-21 07:49:20,Delhi
TXN202601585,ACC1040,31530.01,TRANSFER,2026-08-21 07:49:50,Bangalore
TXN202601586,ACC1027,6446.05,CREDIT,2026-08-21 07:50:20,Hyderabad
TXN202601587,ACC1041,37265.96,CREDIT,2026-08-21 07:50:50,Delhi
TXN202601588,ACC1048,49387.75,DEBIT,2026-08-21 07:51:20,Mumbai
TXN202601589,ACC1044,29521.25,DEBIT,2026-08-21 07:51:50,Bangalore
TXN202601590,ACC1045,25975.05,CREDIT,2026-08-21 07:52:20,Hyderabad
TXN202601591,ACC1035,29707.1,TRANSFER,2026-08-21 07:52:50,Mumbai
TXN202601592,ACC1022,28992.07,DEBIT,2026-08-21 07:53:20,Chennai
TXN202601593,ACC1032,15724.83,DEBIT,2026-08-21 07:53:50,Delhi
TXN202601594,ACC1041,23444.25,DEBIT,2026-08-21 07:54:20,Delhi
TXN202601595,ACC1016,17574.2,TRANSFER,2026-08-21 07:54:50,Chennai
TXN202601596,ACC1010,18698.69,TRANSFER,2026-08-21 07:55:20,Hyderabad
TXN202601597,ACC1023,12360.64,CREDIT,2026-08-21 07:55:50,Hyderabad
TXN202601598,ACC1001,27725.91,TRANSFER,2026-08-21 07:56:20,Hyderabad
TXN202601599,ACC1034,36341.74,CREDIT,2026-08-21 07:56:50,Hyderabad
TXN202601600,ACC1003,16654.76,CREDIT,2026-08-21 07:57:20,Bangalore
TXN202601601,ACC1015,40787.78,DEBIT,2026-08-21 07:57:50,Hyderabad
TXN202601602,ACC1048,5025.91,CREDIT,2026-08-21 07:58:20,Delhi
TXN202601603,ACC1044,42379.51,TRANSFER,2026-08-21 07:58:50,Mumbai
TXN202601604,ACC1022,26246.22,CREDIT,2026-08-21 07:59:20,Bangalore
TXN202601605,ACC1016,13814.43,TRANSFER,2026-08-21 07:59:50,Chennai
TXN202601606,ACC1017,23571.87,TRANSFER,2026-08-21 08:00:20,Mumbai
TXN202601607,ACC1035,2280.2,DEBIT,2026-08-21 08:00:50,Chennai
TXN202601608,ACC1021,44700.74,CREDIT,2026-08-21 08:01:20,Mumbai
TXN202601609,ACC1032,27564.37,DEBIT,2026-08-21 08:01:50,Chennai
TXN202601610,ACC1015,46958.82,TRANSFER,2026-08-21 08:02:20,Delhi
TXN202601611,ACC1044,7423.63,DEBIT,2026-08-21 08:02:50,Mumbai
TXN202601612,ACC1043,17253.53,DEBIT,2026-08-21 08:03:20,Bangalore
TXN202601613,ACC1043,48989.13,CREDIT,2026-08-21 08:03:50,Hyderabad
TXN202601614,ACC1023,8890.98,CREDIT,2026-08-21 08:04:20,Bangalore
TXN202601615,ACC1004,45577.49,TRANSFER,2026-08-21 08:04:50,Mumbai
TXN202601616,ACC1046,47525.79,CREDIT,2026-08-21 08:05:20,Chennai
TXN202601617,ACC1012,44224.04,DEBIT,2026-08-21 08:05:50,Chennai
TXN202601618,ACC1039,40182.93,TRANSFER,2026-08-21 08:06:20,Bangalore
TXN202601619,ACC1028,31488.99,TRANSFER,2026-08-21 08:06:50,Bangalore
TXN202601620,ACC1023,12992.88,TRANSFER,2026-08-21 08:07:20,Delhi
TXN202601621,ACC1004,42878.57,TRANSFER,2026-08-21 08:07:50,Hyderabad
TXN202601622,ACC1050,32866.11,TRANSFER,2026-08-21 08:08:20,Mumbai
TXN202601623,ACC1029,46633.89,DEBIT,2026-08-21 08:08:50,Hyderabad
TXN202601624,ACC1037,30005.29,CREDIT,2026-08-21 08:09:20,Mumbai
TXN202601625,ACC1035,23740.06,DEBIT,2026-08-21 08:09:50,Bangalore
TXN202601626,ACC1025,20327.47,TRANSFER,2026-08-21 08:10:20,Bangalore
TXN202601627,ACC1038,27065.79,TRANSFER,2026-08-21 08:10:50,Chennai
TXN202601628,ACC1033,39731.86,TRANSFER,2026-08-21 08:11:20,Mumbai
TXN202601629,ACC1012,25986.65,TRANSFER,2026-08-21 08:11:50,Bangalore
TXN202601630,ACC1037,40370.53,TRANSFER,2026-08-21 08:12:20,Chennai
TXN202601631,ACC1011,15909.33,CREDIT,2026-08-21 08:12:50,Bangalore
TXN202601632,ACC1048,6533.14,DEBIT,2026-08-21 08:13:20,Mumbai
TXN202601633,ACC1019,11757.38,CREDIT,2026-08-21 08:13:50,Hyderabad
TXN202601634,ACC1033,6585.76,CREDIT,2026-08-21 08:14:20,Bangalore
TXN202601635,ACC1042,6330.14,TRANSFER,2026-08-21 08:14:50,Chennai
TXN202601636,ACC1000,15178.07,DEBIT,2026-08-21 08:15:20,Bangalore
TXN202601637,ACC1048,13328.71,TRANSFER,2026-08-21 08:15:50,Bangalore
TXN202601638,ACC1011,44824.97,TRANSFER,2026-08-21 08:16:20,Chennai
TXN202601639,ACC1010,18163.6,CREDIT,2026-08-21 08:16:50,Delhi
TXN202601640,ACC1014,41642.73,TRANSFER,2026-08-21 08:17:20,Chennai
TXN202601641,ACC1033,4998.49,TRANSFER,2026-08-21 08:17:50,Delhi
TXN202601642,ACC1017,17263.99,TRANSFER,2026-08-21 08:18:20,Chennai
TXN202601643,ACC1035,43471.04,TRANSFER,2026-08-21 08:18:50,Mumbai
TXN202601644,ACC1042,36552.24,CREDIT,2026-08-21 08:19:20,Bangalore
TXN202601645,ACC1002,42954.65,DEBIT,2026-08-21 08:19:50,Delhi
TXN202601646,ACC1018,31006.79,CREDIT,2026-08-21 08:20:20,Delhi
TXN202601647,ACC1050,45945.42,CREDIT,2026-08-21 08:20:50,Mumbai
TXN202601648,ACC1022,10750.29,DEBIT,2026-08-21 08:21:20,Mumbai
TXN202601649,ACC1037,20579.45,DEBIT,2026-08-21 08:21:50,Delhi
TXN202601650,ACC1024,37267.55,TRANSFER,2026-08-21 08:22:20,Bangalore
TXN202601651,ACC1034,16661.22,DEBIT,2026-08-21 08:22:50,Chennai
TXN202601652,ACC1025,38671.88,TRANSFER,2026-08-21 08:23:20,Delhi
TXN202601653,ACC1026,17448.01,DEBIT,2026-08-21 08:23:50,Chennai
TXN202601654,ACC1040,40385.0,DEBIT,2026-08-21 08:24:20,Hyderabad
TXN202601655,ACC1037,32465.79,CREDIT,2026-08-21 08:24:50,Hyderabad
TXN202601656,ACC1041,20865.71,TRANSFER,2026-08-21 08:25:20,Mumbai
TXN202601657,ACC1031,45455.1,TRANSFER,2026-08-21 08:25:50,Hyderabad
TXN202601658,ACC1021,37499.99,DEBIT,2026-08-21 08:26:20,Chennai
TXN202601659,ACC1030,32219.91,DEBIT,2026-08-21 08:26:50,Hyderabad
TXN202601660,ACC1007,40531.26,CREDIT,2026-08-21 08:27:20,Delhi
TXN202601661,ACC1021,41902.96,TRANSFER,2026-08-21 08:27:50,Delhi
TXN202601662,ACC1041,14.7,TRANSFER,2026-08-21 08:28:20,Chennai
TXN202601663,ACC1029,849.9,TRANSFER,2026-08-21 08:28:50,Hyderabad
TXN202601664,ACC1038,32061.69,CREDIT,2026-08-21 08:29:20,Bangalore
TXN202601665,ACC1035,15672.03,CREDIT,2026-08-21 08:29:50,Hyderabad
TXN202601666,ACC1023,30908.88,CREDIT,2026-08-21 08:30:20,Hyderabad
TXN202601667,ACC1046,9406.72,TRANSFER,2026-08-21 08:30:50,Chennai
TXN202601668,ACC1027,39595.19,CREDIT,2026-08-21 08:31:20,Hyderabad
TXN202601669,ACC1044,15308.65,TRANSFER,2026-08-21 08:31:50,Bangalore
TXN202601670,ACC1031,31853.63,TRANSFER,2026-08-21 08:32:20,Delhi
TXN202601671,ACC1007,39065.99,CREDIT,2026-08-21 08:32:50,Bangalore
TXN202601672,ACC1008,23607.12,DEBIT,2026-08-21 08:33:20,Mumbai
TXN202601673,ACC1027,24893.11,CREDIT,2026-08-21 08:33:50,Bangalore
TXN202601674,ACC1029,20442.06,TRANSFER,2026-08-21 08:34:20,Bangalore
TXN202601675,ACC1028,8165.2,CREDIT,2026-08-21 08:34:50,Mumbai
TXN202601676,ACC1043,29417.51,TRANSFER,2026-08-21 08:35:20,Bangalore
TXN202601677,ACC1012,35330.64,DEBIT,2026-08-21 08:35:50,Bangalore
TXN202601678,ACC1025,45003.0,DEBIT,2026-08-21 08:36:20,Hyderabad
TXN202601679,ACC1008,17941.17,DEBIT,2026-08-21 08:36:50,Chennai
TXN202601680,ACC1026,41295.89,CREDIT,2026-08-21 08:37:20,Mumbai
TXN202601681,ACC1013,25381.65,TRANSFER,2026-08-21 08:37:50,Delhi
TXN202601682,ACC1009,33851.11,CREDIT,2026-08-21 08:38:20,Bangalore
TXN202601683,ACC1042,23334.5,TRANSFER,2026-08-21 08:38:50,Delhi
TXN202601684,ACC1046,4847.38,TRANSFER,2026-08-21 08:39:20,Chennai
TXN202601685,ACC1029,14714.45,DEBIT,2026-08-21 08:39:50,Bangalore
TXN202601686,ACC1019,10617.91,DEBIT,2026-08-21 08:40:20,Delhi
TXN202601687,ACC1049,654.57,TRANSFER,2026-08-21 08:40:50,Chennai
TXN202601688,ACC1040,30573.0,CREDIT,2026-08-21 08:41:20,Hyderabad
TXN202601689,ACC1037,9461.5,TRANSFER,2026-08-21 08:41:50,Hyderabad
TXN202601690,ACC1019,21139.21,DEBIT,2026-08-21 08:42:20,Delhi
TXN202601691,ACC1006,9302.36,CREDIT,2026-08-21 08:42:50,Hyderabad
TXN202601692,ACC1013,14524.13,CREDIT,2026-08-21 08:43:20,Bangalore
TXN202601693,ACC1033,33800.41,CREDIT,2026-08-21 08:43:50,Bangalore
TXN202601694,ACC1029,7956.59,CREDIT,2026-08-21 08:44:20,Mumbai
TXN202601695,ACC1009,43676.67,CREDIT,2026-08-21 08:44:50,Hyderabad
TXN202601696,ACC1044,14521.16,TRANSFER,2026-08-21 08:45:20,Bangalore
TXN202601697,ACC1005,29796.71,CREDIT,2026-08-21 08:45:50,Bangalore
TXN202601698,ACC1016,20583.16,TRANSFER,2026-08-21 08:46:20,Chennai
TXN202601699,ACC1000,2411.63,TRANSFER,2026-08-21 08:46:50,Bangalore
TXN202601700,ACC1030,40152.21,CREDIT,2026-08-21 08:47:20,Mumbai
TXN202601701,ACC1026,44943.16,TRANSFER,2026-08-21 08:47:50,Chennai
TXN202601702,ACC1022,44163.78,CREDIT,2026-08-21 08:48:20,Chennai
TXN202601703,ACC1015,34014.09,CREDIT,2026-08-21 08:48:50,Mumbai
TXN202601704,ACC1011,30947.79,TRANSFER,2026-08-21 08:49:20,Bangalore
TXN202601705,ACC1045,47637.51,CREDIT,2026-08-21 08:49:50,Bangalore
TXN202601706,ACC1036,25279.57,DEBIT,2026-08-21 08:50:20,Chennai
TXN202601707,ACC1000,3074.63,DEBIT,2026-08-21 08:50:50,Bangalore
TXN202601708,ACC1024,39182.2,DEBIT,2026-08-21 08:51:20,Delhi
TXN202601709,ACC1036,2547.66,DEBIT,2026-08-21 08:51:50,Hyderabad
TXN202601710,ACC1012,32889.01,CREDIT,2026-08-21 08:52:20,Mumbai
TXN202601711,ACC1015,2990.91,DEBIT,2026-08-21 08:52:50,Hyderabad
TXN202601712,ACC1029,29629.4,CREDIT,2026-08-21 08:53:20,Chennai
TXN202601713,ACC1047,1831.35,CREDIT,2026-08-21 08:53:50,Chennai
TXN202601714,ACC1016,42880.06,DEBIT,2026-08-21 08:54:20,Bangalore
TXN202601715,ACC1024,36617.71,CREDIT,2026-08-21 08:54:50,Mumbai
TXN202601716,ACC1046,25808.55,TRANSFER,2026-08-21 08:55:20,Mumbai
TXN202601717,ACC1049,41733.26,TRANSFER,2026-08-21 08:55:50,Mumbai
TXN202601718,ACC1042,2192.03,CREDIT,2026-08-21 08:56:20,Delhi
TXN202601719,ACC1039,17573.61,TRANSFER,2026-08-21 08:56:50,Hyderabad
TXN202601720,ACC1037,17793.91,DEBIT,2026-08-21 08:57:20,Delhi
TXN202601721,ACC1037,28734.92,TRANSFER,2026-08-21 08:57:50,Hyderabad
TXN202601722,ACC1043,40710.18,TRANSFER,2026-08-21 08:58:20,Mumbai
TXN202601723,ACC1017,6372.6,CREDIT,2026-08-21 08:58:50,Delhi
TXN202601724,ACC1043,3581.41,DEBIT,2026-08-21 08:59:20,Mumbai
TXN202601725,ACC1007,14806.6,CREDIT,2026-08-21 08:59:50,Delhi
TXN202601726,ACC1040,20217.61,CREDIT,2026-08-21 09:00:20,Hyderabad
TXN202601727,ACC1015,43501.5,DEBIT,2026-08-21 09:00:50,Chennai
TXN202601728,ACC1019,40504.97,CREDIT,2026-08-21 09:01:20,Chennai
TXN202601729,ACC1039,35290.33,TRANSFER,2026-08-21 09:01:50,Delhi
TXN202601730,ACC1020,13074.01,CREDIT,2026-08-21 09:02:20,Mumbai
TXN202601731,ACC1023,34712.51,DEBIT,2026-08-21 09:02:50,Chennai
TXN202601732,ACC1004,47666.86,TRANSFER,2026-08-21 09:03:20,Bangalore
TXN202601733,ACC1035,35289.99,TRANSFER,2026-08-21 09:03:50,Chennai
TXN202601734,ACC1013,3412.47,CREDIT,2026-08-21 09:04:20,Bangalore
TXN202601735,ACC1021,10008.02,DEBIT,2026-08-21 09:04:50,Mumbai
TXN202601736,ACC1046,14903.2,DEBIT,2026-08-21 09:05:20,Chennai
TXN202601737,ACC1035,1932.32,CREDIT,2026-08-21 09:05:50,Chennai
TXN202601738,ACC1047,10996.74,CREDIT,2026-08-21 09:06:20,Mumbai
TXN202601739,ACC1032,4315.09,TRANSFER,2026-08-21 09:06:50,Chennai
TXN202601740,ACC1032,27549.21,TRANSFER,2026-08-21 09:07:20,Mumbai
TXN202601741,ACC1015,43583.27,CREDIT,2026-08-21 09:07:50,Chennai
TXN202601742,ACC1040,13894.71,TRANSFER,2026-08-21 09:08:20,Delhi
TXN202601743,ACC1038,39779.79,TRANSFER,2026-08-21 09:08:50,Hyderabad
TXN202601744,ACC1035,24057.87,TRANSFER,2026-08-21 09:09:20,Chennai
TXN202601745,ACC1012,33417.59,CREDIT,2026-08-21 09:09:50,Delhi
TXN202601746,ACC1031,24387.48,CREDIT,2026-08-21 09:10:20,Hyderabad
TXN202601747,ACC1029,48134.7,CREDIT,2026-08-21 09:10:50,Hyderabad
TXN202601748,ACC1049,31411.84,CREDIT,2026-08-21 09:11:20,Bangalore
TXN202601749,ACC1039,14907.11,DEBIT,2026-08-21 09:11:50,Mumbai
TXN202601750,ACC1006,23361.68,CREDIT,2026-08-21 09:12:20,Hyderabad
TXN202601751,ACC1034,1331.43,CREDIT,2026-08-21 09:12:50,Chennai
TXN202601752,ACC1012,23575.33,TRANSFER,2026-08-21 09:13:20,Mumbai
TXN202601753,ACC1014,13196.95,DEBIT,2026-08-21 09:13:50,Bangalore
TXN202601754,ACC1017,23903.37,CREDIT,2026-08-21 09:14:20,Hyderabad
TXN202601755,ACC1029,41447.63,DEBIT,2026-08-21 09:14:50,Hyderabad
TXN202601756,ACC1046,16564.36,CREDIT,2026-08-21 09:15:20,Bangalore
TXN202601757,ACC1042,16996.49,CREDIT,2026-08-21 09:15:50,Mumbai
TXN202601758,ACC1028,32810.95,DEBIT,2026-08-21 09:16:20,Hyderabad
TXN202601759,ACC1045,34859.3,DEBIT,2026-08-21 09:16:50,Delhi
TXN202601760,ACC1049,5927.33,DEBIT,2026-08-21 09:17:20,Delhi
TXN202601761,ACC1034,27962.5,CREDIT,2026-08-21 09:17:50,Chennai
TXN202601762,ACC1037,36707.1,DEBIT,2026-08-21 09:18:20,Hyderabad
TXN202601763,ACC1002,5867.01,DEBIT,2026-08-21 09:18:50,Bangalore
TXN202601764,ACC1042,43151.65,TRANSFER,2026-08-21 09:19:20,Hyderabad
TXN202601765,ACC1030,1363.94,TRANSFER,2026-08-21 09:19:50,Bangalore
TXN202601766,ACC1015,40284.37,TRANSFER,2026-08-21 09:20:20,Hyderabad
TXN202601767,ACC1013,24862.98,DEBIT,2026-08-21 09:20:50,Chennai
TXN202601768,ACC1050,37651.2,CREDIT,2026-08-21 09:21:20,Mumbai
TXN202601769,ACC1024,5482.87,CREDIT,2026-08-21 09:21:50,Hyderabad
TXN202601770,ACC1046,30420.07,DEBIT,2026-08-21 09:22:20,Delhi
TXN202601771,ACC1021,4140.16,DEBIT,2026-08-21 09:22:50,Bangalore
TXN202601772,ACC1003,25546.9,DEBIT,2026-08-21 09:23:20,Hyderabad
TXN202601773,ACC1031,2858.33,TRANSFER,2026-08-21 09:23:50,Hyderabad
TXN202601774,ACC1013,40016.2,CREDIT,2026-08-21 09:24:20,Bangalore
TXN202601775,ACC1037,40215.58,DEBIT,2026-08-21 09:24:50,Mumbai
TXN202601776,ACC1039,7879.48,CREDIT,2026-08-21 09:25:20,Chennai
TXN202601777,ACC1039,44712.33,DEBIT,2026-08-21 09:25:50,Delhi
TXN202601778,ACC1031,17298.98,TRANSFER,2026-08-21 09:26:20,Delhi
TXN202601779,ACC1015,11566.35,DEBIT,2026-08-21 09:26:50,Delhi
TXN202601780,ACC1027,2359.2,DEBIT,2026-08-21 09:27:20,Chennai
TXN202601781,ACC1050,38330.45,CREDIT,2026-08-21 09:27:50,Bangalore
TXN202601782,ACC1025,48627.75,DEBIT,2026-08-21 09:28:20,Delhi
TXN202601783,ACC1011,12807.19,CREDIT,2026-08-21 09:28:50,Delhi
TXN202601784,ACC1025,33521.6,CREDIT,2026-08-21 09:29:20,Mumbai
TXN202601785,ACC1000,25859.76,TRANSFER,2026-08-21 09:29:50,Hyderabad
TXN202601786,ACC1033,34099.72,TRANSFER,2026-08-21 09:30:20,Delhi
TXN202601787,ACC1006,6800.7,TRANSFER,2026-08-21 09:30:50,Hyderabad
TXN202601788,ACC1012,43679.52,TRANSFER,2026-08-21 09:31:20,Chennai
TXN202601789,ACC1019,37155.26,CREDIT,2026-08-21 09:31:50,Chennai
TXN202601790,ACC1042,49192.32,TRANSFER,2026-08-21 09:32:20,Mumbai
TXN202601791,ACC1045,35335.87,CREDIT,2026-08-21 09:32:50,Delhi
TXN202601792,ACC1032,42658.97,CREDIT,2026-08-21 09:33:20,Delhi
TXN202601793,ACC1013,9017.34,DEBIT,2026-08-21 09:33:50,Bangalore
TXN202601794,ACC1031,34905.79,DEBIT,2026-08-21 09:34:20,Hyderabad
TXN202601795,ACC1020,25579.86,TRANSFER,2026-08-21 09:34:50,Delhi
TXN202601796,ACC1032,36186.47,DEBIT,2026-08-21 09:35:20,Chennai
TXN202601797,ACC1021,49776.65,CREDIT,2026-08-21 09:35:50,Hyderabad
TXN202601798,ACC1019,13368.87,CREDIT,2026-08-21 09:36:20,Chennai
TXN202601799,ACC1045,18938.79,DEBIT,2026-08-21 09:36:50,Bangalore
TXN202601800,ACC1040,46932.69,DEBIT,2026-08-21 09:37:20,Delhi
TXN202601801,ACC1009,39188.98,DEBIT,2026-08-21 09:37:50,Bangalore
TXN202601802,ACC1003,18405.73,TRANSFER,2026-08-21 09:38:20,Bangalore
TXN202601803,ACC1001,22716.82,TRANSFER,2026-08-21 09:38:50,Mumbai
TXN202601804,ACC1046,8236.9,DEBIT,2026-08-21 09:39:20,Mumbai
TXN202601805,ACC1018,2905.13,DEBIT,2026-08-21 09:39:50,Chennai
TXN202601806,ACC1011,224.43,TRANSFER,2026-08-21 09:40:20,Hyderabad
TXN202601807,ACC1015,14645.11,CREDIT,2026-08-21 09:40:50,Chennai
TXN202601808,ACC1029,2642.38,TRANSFER,2026-08-21 09:41:20,Bangalore
TXN202601809,ACC1008,41077.41,CREDIT,2026-08-21 09:41:50,Chennai
TXN202601810,ACC1036,20637.79,TRANSFER,2026-08-21 09:42:20,Hyderabad
TXN202601811,ACC1047,19704.72,TRANSFER,2026-08-21 09:42:50,Mumbai
TXN202601812,ACC1004,11409.7,TRANSFER,2026-08-21 09:43:20,Mumbai
TXN202601813,ACC1043,37438.45,CREDIT,2026-08-21 09:43:50,Mumbai
TXN202601814,ACC1048,26801.49,CREDIT,2026-08-21 09:44:20,Chennai
TXN202601815,ACC1020,15776.52,DEBIT,2026-08-21 09:44:50,Bangalore
TXN202601816,ACC1047,1424.08,TRANSFER,2026-08-21 09:45:20,Bangalore
TXN202601817,ACC1014,38443.41,CREDIT,2026-08-21 09:45:50,Delhi
TXN202601818,ACC1036,45500.86,TRANSFER,2026-08-21 09:46:20,Hyderabad
TXN202601819,ACC1022,7369.69,TRANSFER,2026-08-21 09:46:50,Hyderabad
TXN202601820,ACC1032,10318.48,CREDIT,2026-08-21 09:47:20,Mumbai
TXN202601821,ACC1027,41062.84,DEBIT,2026-08-21 09:47:50,Chennai
TXN202601822,ACC1022,3641.09,TRANSFER,2026-08-21 09:48:20,Mumbai
TXN202601823,ACC1020,33235.27,TRANSFER,2026-08-21 09:48:50,Mumbai
TXN202601824,ACC1031,18142.77,CREDIT,2026-08-21 09:49:20,Bangalore
TXN202601825,ACC1021,29509.52,TRANSFER,2026-08-21 09:49:50,Chennai
TXN202601826,ACC1016,28522.13,DEBIT,2026-08-21 09:50:20,Chennai
TXN202601827,ACC1049,12432.63,CREDIT,2026-08-21 09:50:50,Delhi
TXN202601828,ACC1028,284.91,TRANSFER,2026-08-21 09:51:20,Hyderabad
TXN202601829,ACC1001,2607.64,DEBIT,2026-08-21 09:51:50,Hyderabad
TXN202601830,ACC1029,1510.76,DEBIT,2026-08-21 09:52:20,Bangalore
TXN202601831,ACC1020,26170.2,DEBIT,2026-08-21 09:52:50,Bangalore
TXN202601832,ACC1048,42038.92,DEBIT,2026-08-21 09:53:20,Chennai
TXN202601833,ACC1022,47321.46,CREDIT,2026-08-21 09:53:50,Delhi
TXN202601834,ACC1007,22117.5,DEBIT,2026-08-21 09:54:20,Mumbai
TXN202601835,ACC1003,48532.35,DEBIT,2026-08-21 09:54:50,Bangalore
TXN202601836,ACC1037,12306.39,CREDIT,2026-08-21 09:55:20,Delhi
TXN202601837,ACC1014,39191.27,TRANSFER,2026-08-21 09:55:50,Delhi
TXN202601838,ACC1050,16485.36,DEBIT,2026-08-21 09:56:20,Hyderabad
TXN202601839,ACC1041,32135.42,TRANSFER,2026-08-21 09:56:50,Chennai
TXN202601840,ACC1042,6083.79,CREDIT,2026-08-21 09:57:20,Chennai
TXN202601841,ACC1003,47766.35,DEBIT,2026-08-21 09:57:50,Bangalore
TXN202601842,ACC1033,4175.19,DEBIT,2026-08-21 09:58:20,Mumbai
TXN202601843,ACC1021,13006.23,TRANSFER,2026-08-21 09:58:50,Chennai
TXN202601844,ACC1038,22601.09,DEBIT,2026-08-21 09:59:20,Bangalore
TXN202601845,ACC1008,23583.72,CREDIT,2026-08-21 09:59:50,Bangalore
TXN202601846,ACC1012,48287.44,TRANSFER,2026-08-21 10:00:20,Bangalore
TXN202601847,ACC1022,801.35,CREDIT,2026-08-21 10:00:50,Bangalore
TXN202601848,ACC1041,38502.51,CREDIT,2026-08-21 10:01:20,Chennai
TXN202601849,ACC1045,45827.47,TRANSFER,2026-08-21 10:01:50,Chennai
TXN202601850,ACC1040,31612.34,CREDIT,2026-08-21 10:02:20,Hyderabad
TXN202601851,ACC1001,25003.12,CREDIT,2026-08-21 10:02:50,Mumbai
TXN202601852,ACC1035,28438.71,DEBIT,2026-08-21 10:03:20,Mumbai
TXN202601853,ACC1002,31760.24,CREDIT,2026-08-21 10:03:50,Delhi
TXN202601854,ACC1025,29957.68,TRANSFER,2026-08-21 10:04:20,Chennai
TXN202601855,ACC1042,12073.68,CREDIT,2026-08-21 10:04:50,Bangalore
TXN202601856,ACC1012,25075.35,DEBIT,2026-08-21 10:05:20,Mumbai
TXN202601857,ACC1045,967.41,CREDIT,2026-08-21 10:05:50,Chennai
TXN202601858,ACC1031,47442.43,DEBIT,2026-08-21 10:06:20,Bangalore
TXN202601859,ACC1006,6291.28,TRANSFER,2026-08-21 10:06:50,Chennai
TXN202601860,ACC1018,48642.96,CREDIT,2026-08-21 10:07:20,Bangalore
TXN202601861,ACC1023,49142.0,TRANSFER,2026-08-21 10:07:50,Bangalore
TXN202601862,ACC1034,3116.08,DEBIT,2026-08-21 10:08:20,Hyderabad
TXN202601863,ACC1021,20178.49,TRANSFER,2026-08-21 10:08:50,Bangalore
TXN202601864,ACC1032,48745.48,TRANSFER,2026-08-21 10:09:20,Delhi
TXN202601865,ACC1036,11197.18,CREDIT,2026-08-21 10:09:50,Mumbai
TXN202601866,ACC1024,22781.32,CREDIT,2026-08-21 10:10:20,Hyderabad
TXN202601867,ACC1026,10114.85,DEBIT,2026-08-21 10:10:50,Bangalore
TXN202601868,ACC1018,10734.87,TRANSFER,2026-08-21 10:11:20,Hyderabad
TXN202601869,ACC1026,47003.47,CREDIT,2026-08-21 10:11:50,Delhi
TXN202601870,ACC1000,18932.92,TRANSFER,2026-08-21 10:12:20,Mumbai
TXN202601871,ACC1026,38529.23,CREDIT,2026-08-21 10:12:50,Bangalore
TXN202601872,ACC1012,19856.23,DEBIT,2026-08-21 10:13:20,Hyderabad
TXN202601873,ACC1044,33076.84,DEBIT,2026-08-21 10:13:50,Hyderabad
TXN202601874,ACC1042,34594.76,TRANSFER,2026-08-21 10:14:20,Delhi
TXN202601875,ACC1045,43608.08,DEBIT,2026-08-21 10:14:50,Delhi
TXN202601876,ACC1000,1514.55,DEBIT,2026-08-21 10:15:20,Hyderabad
TXN202601877,ACC1016,45599.09,CREDIT,2026-08-21 10:15:50,Chennai
TXN202601878,ACC1041,13754.13,TRANSFER,2026-08-21 10:16:20,Mumbai
TXN202601879,ACC1049,39419.14,TRANSFER,2026-08-21 10:16:50,Mumbai
TXN202601880,ACC1014,37429.93,DEBIT,2026-08-21 10:17:20,Bangalore
TXN202601881,ACC1049,14059.18,DEBIT,2026-08-21 10:17:50,Bangalore
TXN202601882,ACC1025,48167.95,CREDIT,2026-08-21 10:18:20,Delhi
TXN202601883,ACC1035,41443.1,TRANSFER,2026-08-21 10:18:50,Mumbai
TXN202601884,ACC1027,43632.36,TRANSFER,2026-08-21 10:19:20,Chennai
TXN202601885,ACC1021,14689.57,DEBIT,2026-08-21 10:19:50,Bangalore
TXN202601886,ACC1031,7104.99,DEBIT,2026-08-21 10:20:20,Mumbai
TXN202601887,ACC1018,28937.73,TRANSFER,2026-08-21 10:20:50,Bangalore
TXN202601888,ACC1031,21726.55,DEBIT,2026-08-21 10:21:20,Chennai
TXN202601889,ACC1009,17975.77,DEBIT,2026-08-21 10:21:50,Hyderabad
TXN202601890,ACC1035,2981.78,DEBIT,2026-08-21 10:22:20,Chennai
TXN202601891,ACC1002,11642.86,TRANSFER,2026-08-21 10:22:50,Mumbai
TXN202601892,ACC1039,10988.45,TRANSFER,2026-08-21 10:23:20,Chennai
TXN202601893,ACC1026,26855.36,DEBIT,2026-08-21 10:23:50,Bangalore
TXN202601894,ACC1000,34008.69,TRANSFER,2026-08-21 10:24:20,Delhi
TXN202601895,ACC1016,3574.52,DEBIT,2026-08-21 10:24:50,Chennai
TXN202601896,ACC1037,34337.96,TRANSFER,2026-08-21 10:25:20,Hyderabad
TXN202601897,ACC1012,28611.53,DEBIT,2026-08-21 10:25:50,Chennai
TXN202601898,ACC1047,22004.45,DEBIT,2026-08-21 10:26:20,Mumbai
TXN202601899,ACC1020,10108.2,CREDIT,2026-08-21 10:26:50,Mumbai
TXN202601900,ACC1041,46031.83,CREDIT,2026-08-21 10:27:20,Bangalore
TXN202601901,ACC1008,32467.11,DEBIT,2026-08-21 10:27:50,Mumbai
TXN202601902,ACC1004,33258.16,TRANSFER,2026-08-21 10:28:20,Bangalore
TXN202601903,ACC1034,24172.13,TRANSFER,2026-08-21 10:28:50,Bangalore
TXN202601904,ACC1018,19222.9,TRANSFER,2026-08-21 10:29:20,Hyderabad
TXN202601905,ACC1007,36328.11,CREDIT,2026-08-21 10:29:50,Delhi
TXN202601906,ACC1031,2849.45,DEBIT,2026-08-21 10:30:20,Bangalore
TXN202601907,ACC1004,20286.1,TRANSFER,2026-08-21 10:30:50,Delhi
TXN202601908,ACC1002,15970.54,TRANSFER,2026-08-21 10:31:20,Chennai
TXN202601909,ACC1000,24281.89,CREDIT,2026-08-21 10:31:50,Delhi
TXN202601910,ACC1047,18550.81,DEBIT,2026-08-21 10:32:20,Mumbai
TXN202601911,ACC1030,11974.89,CREDIT,2026-08-21 10:32:50,Bangalore
TXN202601912,ACC1004,31817.58,DEBIT,2026-08-21 10:33:20,Hyderabad
TXN202601913,ACC1018,10476.54,TRANSFER,2026-08-21 10:33:50,Mumbai
TXN202601914,ACC1022,3412.36,DEBIT,2026-08-21 10:34:20,Chennai
TXN202601915,ACC1035,13743.76,DEBIT,2026-08-21 10:34:50,Hyderabad
TXN202601916,ACC1028,4430.91,TRANSFER,2026-08-21 10:35:20,Bangalore
TXN202601917,ACC1050,46776.06,TRANSFER,2026-08-21 10:35:50,Chennai
TXN202601918,ACC1007,18865.03,TRANSFER,2026-08-21 10:36:20,Hyderabad
TXN202601919,ACC1014,39137.1,DEBIT,2026-08-21 10:36:50,Hyderabad
TXN202601920,ACC1025,35943.98,CREDIT,2026-08-21 10:37:20,Chennai
TXN202601921,ACC1031,44478.42,DEBIT,2026-08-21 10:37:50,Delhi
TXN202601922,ACC1004,33519.64,CREDIT,2026-08-21 10:38:20,Delhi
TXN202601923,ACC1005,11981.34,TRANSFER,2026-08-21 10:38:50,Mumbai
TXN202601924,ACC1009,46604.07,TRANSFER,2026-08-21 10:39:20,Mumbai
TXN202601925,ACC1010,49723.95,TRANSFER,2026-08-21 10:39:50,Delhi
TXN202601926,ACC1004,49404.4,TRANSFER,2026-08-21 10:40:20,Chennai
TXN202601927,ACC1041,24901.53,CREDIT,2026-08-21 10:40:50,Bangalore
TXN202601928,ACC1039,3600.51,TRANSFER,2026-08-21 10:41:20,Mumbai
TXN202601929,ACC1015,22379.74,CREDIT,2026-08-21 10:41:50,Mumbai
TXN202601930,ACC1046,1800.95,DEBIT,2026-08-21 10:42:20,Hyderabad
TXN202601931,ACC1049,27547.96,CREDIT,2026-08-21 10:42:50,Delhi
TXN202601932,ACC1027,30924.44,CREDIT,2026-08-21 10:43:20,Delhi
TXN202601933,ACC1002,31040.44,CREDIT,2026-08-21 10:43:50,Bangalore
TXN202601934,ACC1035,22269.46,CREDIT,2026-08-21 10:44:20,Hyderabad
TXN202601935,ACC1047,31114.08,CREDIT,2026-08-21 10:44:50,Mumbai
TXN202601936,ACC1004,6786.41,DEBIT,2026-08-21 10:45:20,Chennai
TXN202601937,ACC1015,14381.16,CREDIT,2026-08-21 10:45:50,Chennai
TXN202601938,ACC1045,34235.46,DEBIT,2026-08-21 10:46:20,Bangalore
TXN202601939,ACC1037,47298.8,TRANSFER,2026-08-21 10:46:50,Bangalore
TXN202601940,ACC1030,17778.02,CREDIT,2026-08-21 10:47:20,Chennai
TXN202601941,ACC1038,48338.82,TRANSFER,2026-08-21 10:47:50,Hyderabad
TXN202601942,ACC1036,24619.2,CREDIT,2026-08-21 10:48:20,Mumbai
TXN202601943,ACC1009,38508.28,CREDIT,2026-08-21 10:48:50,Mumbai
TXN202601944,ACC1037,7499.88,TRANSFER,2026-08-21 10:49:20,Hyderabad
TXN202601945,ACC1040,47070.75,TRANSFER,2026-08-21 10:49:50,Chennai
TXN202601946,ACC1035,46403.38,CREDIT,2026-08-21 10:50:20,Bangalore
TXN202601947,ACC1021,21137.45,TRANSFER,2026-08-21 10:50:50,Hyderabad
TXN202601948,ACC1045,23293.86,DEBIT,2026-08-21 10:51:20,Mumbai
TXN202601949,ACC1035,16158.44,TRANSFER,2026-08-21 10:51:50,Mumbai
TXN202601950,ACC1026,49318.75,TRANSFER,2026-08-21 10:52:20,Delhi
TXN202601951,ACC1027,8673.49,DEBIT,2026-08-21 10:52:50,Delhi
TXN202601952,ACC1014,21091.61,CREDIT,2026-08-21 10:53:20,Bangalore
TXN202601953,ACC1038,35878.46,DEBIT,2026-08-21 10:53:50,Mumbai
TXN202601954,ACC1012,7964.73,DEBIT,2026-08-21 10:54:20,Delhi
TXN202601955,ACC1020,41306.67,TRANSFER,2026-08-21 10:54:50,Delhi
TXN202601956,ACC1004,15197.0,CREDIT,2026-08-21 10:55:20,Bangalore
TXN202601957,ACC1014,42796.62,CREDIT,2026-08-21 10:55:50,Mumbai
TXN202601958,ACC1040,28568.87,CREDIT,2026-08-21 10:56:20,Hyderabad
TXN202601959,ACC1042,3173.9,TRANSFER,2026-08-21 10:56:50,Delhi
TXN202601960,ACC1045,27495.16,TRANSFER,2026-08-21 10:57:20,Mumbai
TXN202601961,ACC1029,29183.34,DEBIT,2026-08-21 10:57:50,Bangalore
TXN202601962,ACC1040,11039.0,CREDIT,2026-08-21 10:58:20,Mumbai
TXN202601963,ACC1019,34139.84,CREDIT,2026-08-21 10:58:50,Mumbai
TXN202601964,ACC1010,34777.72,DEBIT,2026-08-21 10:59:20,Mumbai
TXN202601965,ACC1033,35067.66,DEBIT,2026-08-21 10:59:50,Bangalore
TXN202601966,ACC1039,3765.09,TRANSFER,2026-08-21 11:00:20,Hyderabad
TXN202601967,ACC1027,35936.34,TRANSFER,2026-08-21 11:00:50,Mumbai
TXN202601968,ACC1004,35656.56,TRANSFER,2026-08-21 11:01:20,Bangalore
TXN202601969,ACC1039,39326.89,TRANSFER,2026-08-21 11:01:50,Delhi
TXN202601970,ACC1031,28134.37,CREDIT,2026-08-21 11:02:20,Bangalore
TXN202601971,ACC1009,27687.58,TRANSFER,2026-08-21 11:02:50,Delhi
TXN202601972,ACC1013,33936.84,TRANSFER,2026-08-21 11:03:20,Hyderabad
TXN202601973,ACC1047,40911.49,TRANSFER,2026-08-21 11:03:50,Chennai
TXN202601974,ACC1018,27335.14,DEBIT,2026-08-21 11:04:20,Delhi
TXN202601975,ACC1032,39672.85,TRANSFER,2026-08-21 11:04:50,Bangalore
TXN202601976,ACC1025,47273.26,CREDIT,2026-08-21 11:05:20,Delhi
TXN202601977,ACC1039,41226.93,DEBIT,2026-08-21 11:05:50,Hyderabad
TXN202601978,ACC1033,34672.93,CREDIT,2026-08-21 11:06:20,Delhi
TXN202601979,ACC1050,37561.88,TRANSFER,2026-08-21 11:06:50,Delhi
TXN202601980,ACC1010,2414.42,TRANSFER,2026-08-21 11:07:20,Chennai
TXN202601981,ACC1044,1731.92,TRANSFER,2026-08-21 11:07:50,Chennai
TXN202601982,ACC1047,14828.74,TRANSFER,2026-08-21 11:08:20,Chennai
TXN202601983,ACC1047,44800.2,DEBIT,2026-08-21 11:08:50,Delhi
TXN202601984,ACC1010,16133.61,TRANSFER,2026-08-21 11:09:20,Chennai
TXN202601985,ACC1013,45789.33,TRANSFER,2026-08-21 11:09:50,Hyderabad
TXN202601986,ACC1049,14258.36,CREDIT,2026-08-21 11:10:20,Delhi
TXN202601987,ACC1039,46952.47,DEBIT,2026-08-21 11:10:50,Chennai
TXN202601988,ACC1033,14942.97,DEBIT,2026-08-21 11:11:20,Hyderabad
TXN202601989,ACC1029,47271.81,CREDIT,2026-08-21 11:11:50,Delhi
TXN202601990,ACC1046,45246.08,DEBIT,2026-08-21 11:12:20,Hyderabad
TXN202601991,ACC1028,49789.87,DEBIT,2026-08-21 11:12:50,Bangalore
TXN202601992,ACC1044,37744.52,CREDIT,2026-08-21 11:13:20,Bangalore
TXN202601993,ACC1034,43608.57,TRANSFER,2026-08-21 11:13:50,Hyderabad
TXN202601994,ACC1039,47986.08,CREDIT,2026-08-21 11:14:20,Bangalore
TXN202601995,ACC1013,35261.02,CREDIT,2026-08-21 11:14:50,Mumbai
TXN202601996,ACC1037,34517.67,CREDIT,2026-08-21 11:15:20,Chennai
TXN202601997,ACC1009,39243.88,DEBIT,2026-08-21 11:15:50,Mumbai
TXN202601998,ACC1021,16864.28,TRANSFER,2026-08-21 11:16:20,Mumbai
TXN202601999,ACC1000,39634.37,DEBIT,2026-08-21 11:16:50,Mumbai
TXN202602000,ACC1010,24803.96,DEBIT,2026-08-21 11:17:20,Bangalore
TXN202602001,ACC1033,17708.7,TRANSFER,2026-08-21 11:17:50,Bangalore
TXN202602002,ACC1042,37063.78,DEBIT,2026-08-21 11:18:20,Delhi
TXN202602003,ACC1015,27979.48,TRANSFER,2026-08-21 11:18:50,Hyderabad
TXN202602004,ACC1034,35408.95,DEBIT,2026-08-21 11:19:20,Chennai
TXN202602005,ACC1012,11353.47,CREDIT,2026-08-21 11:19:50,Mumbai
TXN202602006,ACC1028,39910.64,TRANSFER,2026-08-21 11:20:20,Mumbai
TXN202602007,ACC1018,38476.57,DEBIT,2026-08-21 11:20:50,Bangalore
TXN202602008,ACC1047,40838.03,CREDIT,2026-08-21 11:21:20,Mumbai
TXN202602009,ACC1008,12251.63,DEBIT,2026-08-21 11:21:50,Hyderabad
TXN202602010,ACC1043,15005.37,DEBIT,2026-08-21 11:22:20,Mumbai
TXN202602011,ACC1014,32050.72,DEBIT,2026-08-21 11:22:50,Mumbai
TXN202602012,ACC1019,25246.71,CREDIT,2026-08-21 11:23:20,Hyderabad
TXN202602013,ACC1010,37769.75,CREDIT,2026-08-21 11:23:50,Chennai
TXN202602014,ACC1012,23627.2,TRANSFER,2026-08-21 11:24:20,Chennai
TXN202602015,ACC1032,39605.86,CREDIT,2026-08-21 11:24:50,Bangalore
TXN202602016,ACC1040,2859.88,DEBIT,2026-08-21 11:25:20,Delhi
TXN202602017,ACC1024,12017.74,CREDIT,2026-08-21 11:25:50,Bangalore
TXN202602018,ACC1036,29746.74,TRANSFER,2026-08-21 11:26:20,Delhi
TXN202602019,ACC1011,24645.86,CREDIT,2026-08-21 11:26:50,Mumbai
TXN202602020,ACC1044,29751.94,TRANSFER,2026-08-21 11:27:20,Bangalore
TXN202602021,ACC1028,41282.1,TRANSFER,2026-08-21 11:27:50,Chennai
TXN202602022,ACC1037,33571.9,CREDIT,2026-08-21 11:28:20,Mumbai
TXN202602023,ACC1048,12175.76,TRANSFER,2026-08-21 11:28:50,Bangalore
TXN202602024,ACC1035,21171.02,DEBIT,2026-08-21 11:29:20,Delhi
TXN202602025,ACC1022,7623.96,TRANSFER,2026-08-21 11:29:50,Chennai
TXN202602026,ACC1031,35574.35,CREDIT,2026-08-21 11:30:20,Delhi
TXN202602027,ACC1004,7891.6,CREDIT,2026-08-21 11:30:50,Mumbai
TXN202602028,ACC1017,31679.72,DEBIT,2026-08-21 11:31:20,Hyderabad
TXN202602029,ACC1044,14780.34,TRANSFER,2026-08-21 11:31:50,Bangalore
TXN202602030,ACC1002,49488.0,DEBIT,2026-08-21 11:32:20,Mumbai
TXN202602031,ACC1028,1580.7,CREDIT,2026-08-21 11:32:50,Hyderabad
TXN202602032,ACC1024,43191.86,DEBIT,2026-08-21 11:33:20,Mumbai
TXN202602033,ACC1050,44107.07,DEBIT,2026-08-21 11:33:50,Chennai
TXN202602034,ACC1003,35598.78,CREDIT,2026-08-21 11:34:20,Bangalore
TXN202602035,ACC1040,18961.05,CREDIT,2026-08-21 11:34:50,Bangalore
TXN202602036,ACC1036,42641.67,DEBIT,2026-08-21 11:35:20,Hyderabad
TXN202602037,ACC1019,12088.01,TRANSFER,2026-08-21 11:35:50,Delhi
TXN202602038,ACC1025,42686.11,CREDIT,2026-08-21 11:36:20,Hyderabad
TXN202602039,ACC1028,9943.58,DEBIT,2026-08-21 11:36:50,Hyderabad
TXN202602040,ACC1005,964.68,CREDIT,2026-08-21 11:37:20,Hyderabad
TXN202602041,ACC1045,25167.12,TRANSFER,2026-08-21 11:37:50,Delhi
TXN202602042,ACC1047,17646.25,TRANSFER,2026-08-21 11:38:20,Bangalore
TXN202602043,ACC1035,47.41,CREDIT,2026-08-21 11:38:50,Mumbai
TXN202602044,ACC1011,21494.75,TRANSFER,2026-08-21 11:39:20,Hyderabad
TXN202602045,ACC1002,6151.88,TRANSFER,2026-08-21 11:39:50,Mumbai
TXN202602046,ACC1033,37177.95,DEBIT,2026-08-21 11:40:20,Bangalore
TXN202602047,ACC1020,8342.65,CREDIT,2026-08-21 11:40:50,Hyderabad
TXN202602048,ACC1010,1509.09,CREDIT,2026-08-21 11:41:20,Delhi
TXN202602049,ACC1042,12429.42,CREDIT,2026-08-21 11:41:50,Bangalore
TXN202602050,ACC1035,31461.12,TRANSFER,2026-08-21 11:42:20,Delhi
TXN202602051,ACC1021,23919.96,CREDIT,2026-08-21 11:42:50,Delhi
TXN202602052,ACC1041,18400.83,DEBIT,2026-08-21 11:43:20,Bangalore
TXN202602053,ACC1016,40586.81,TRANSFER,2026-08-21 11:43:50,Bangalore
TXN202602054,ACC1005,44253.38,DEBIT,2026-08-21 11:44:20,Bangalore
TXN202602055,ACC1001,47951.81,CREDIT,2026-08-21 11:44:50,Chennai
TXN202602056,ACC1038,7624.24,DEBIT,2026-08-21 11:45:20,Bangalore
TXN202602057,ACC1011,35969.32,CREDIT,2026-08-21 11:45:50,Mumbai
TXN202602058,ACC1007,9622.33,CREDIT,2026-08-21 11:46:20,Chennai
TXN202602059,ACC1038,3212.19,CREDIT,2026-08-21 11:46:50,Mumbai
TXN202602060,ACC1046,47482.03,TRANSFER,2026-08-21 11:47:20,Hyderabad
TXN202602061,ACC1035,2825.53,TRANSFER,2026-08-21 11:47:50,Mumbai
TXN202602062,ACC1000,35669.9,CREDIT,2026-08-21 11:48:20,Mumbai
TXN202602063,ACC1016,47887.12,TRANSFER,2026-08-21 11:48:50,Hyderabad
TXN202602064,ACC1026,34328.16,DEBIT,2026-08-21 11:49:20,Delhi
TXN202602065,ACC1017,35427.22,TRANSFER,2026-08-21 11:49:50,Delhi
TXN202602066,ACC1016,31177.26,TRANSFER,2026-08-21 11:50:20,Mumbai
TXN202602067,ACC1010,45307.33,DEBIT,2026-08-21 11:50:50,Delhi
TXN202602068,ACC1039,39052.18,DEBIT,2026-08-21 11:51:20,Hyderabad
TXN202602069,ACC1037,48944.05,CREDIT,2026-08-21 11:51:50,Hyderabad
TXN202602070,ACC1013,24528.71,TRANSFER,2026-08-21 11:52:20,Chennai
TXN202602071,ACC1002,41568.79,CREDIT,2026-08-21 11:52:50,Mumbai
TXN202602072,ACC1045,25633.17,TRANSFER,2026-08-21 11:53:20,Mumbai
TXN202602073,ACC1026,19731.42,CREDIT,2026-08-21 11:53:50,Mumbai
TXN202602074,ACC1030,5977.59,DEBIT,2026-08-21 11:54:20,Mumbai
TXN202602075,ACC1041,22195.27,TRANSFER,2026-08-21 11:54:50,Delhi
TXN202602076,ACC1027,43082.14,DEBIT,2026-08-21 11:55:20,Delhi
TXN202602077,ACC1049,21803.83,DEBIT,2026-08-21 11:55:50,Hyderabad
TXN202602078,ACC1020,36565.71,TRANSFER,2026-08-21 11:56:20,Mumbai
TXN202602079,ACC1021,23523.86,CREDIT,2026-08-21 11:56:50,Mumbai
TXN202602080,ACC1003,27500.14,CREDIT,2026-08-21 11:57:20,Delhi
TXN202602081,ACC1014,26818.35,DEBIT,2026-08-21 11:57:50,Delhi
TXN202602082,ACC1007,22693.13,CREDIT,2026-08-21 11:58:20,Bangalore
TXN202602083,ACC1017,11021.74,DEBIT,2026-08-21 11:58:50,Chennai
TXN202602084,ACC1025,35368.02,DEBIT,2026-08-21 11:59:20,Delhi
TXN202602085,ACC1002,11766.22,CREDIT,2026-08-21 11:59:50,Bangalore
TXN202602086,ACC1049,49124.72,CREDIT,2026-08-21 12:00:20,Mumbai
TXN202602087,ACC1038,26466.35,TRANSFER,2026-08-21 12:00:50,Chennai
TXN202602088,ACC1015,35342.01,CREDIT,2026-08-21 12:01:20,Hyderabad
TXN202602089,ACC1033,25884.44,TRANSFER,2026-08-21 12:01:50,Hyderabad
TXN202602090,ACC1029,2123.22,DEBIT,2026-08-21 12:02:20,Mumbai
TXN202602091,ACC1029,43192.61,CREDIT,2026-08-21 12:02:50,Mumbai
TXN202602092,ACC1042,13253.46,TRANSFER,2026-08-21 12:03:20,Bangalore
TXN202602093,ACC1047,37365.15,CREDIT,2026-08-21 12:03:50,Mumbai
TXN202602094,ACC1009,16509.82,CREDIT,2026-08-21 12:04:20,Chennai
TXN202602095,ACC1038,37885.12,DEBIT,2026-08-21 12:04:50,Mumbai
TXN202602096,ACC1021,10073.88,TRANSFER,2026-08-21 12:05:20,Delhi
TXN202602097,ACC1029,47781.2,TRANSFER,2026-08-21 12:05:50,Bangalore
TXN202602098,ACC1012,45825.72,CREDIT,2026-08-21 12:06:20,Chennai
TXN202602099,ACC1036,8941.07,TRANSFER,2026-08-21 12:06:50,Delhi
TXN202602100,ACC1024,23765.5,TRANSFER,2026-08-21 12:07:20,Chennai
TXN202602101,ACC1029,15976.09,CREDIT,2026-08-21 12:07:50,Mumbai
TXN202602102,ACC1032,29330.72,CREDIT,2026-08-21 12:08:20,Hyderabad
TXN202602103,ACC1030,20455.3,DEBIT,2026-08-21 12:08:50,Delhi
TXN202602104,ACC1046,8989.28,CREDIT,2026-08-21 12:09:20,Mumbai
TXN202602105,ACC1034,32498.67,DEBIT,2026-08-21 12:09:50,Hyderabad
TXN202602106,ACC1043,771.37,CREDIT,2026-08-21 12:10:20,Mumbai
TXN202602107,ACC1016,45066.78,CREDIT,2026-08-21 12:10:50,Chennai
TXN202602108,ACC1046,46787.19,DEBIT,2026-08-21 12:11:20,Bangalore
TXN202602109,ACC1033,5819.15,CREDIT,2026-08-21 12:11:50,Chennai
TXN202602110,ACC1003,20931.73,DEBIT,2026-08-21 12:12:20,Delhi
TXN202602111,ACC1027,42354.05,TRANSFER,2026-08-21 12:12:50,Chennai
TXN202602112,ACC1044,48581.78,DEBIT,2026-08-21 12:13:20,Chennai
TXN202602113,ACC1003,1654.49,TRANSFER,2026-08-21 12:13:50,Bangalore
TXN202602114,ACC1027,2040.42,DEBIT,2026-08-21 12:14:20,Bangalore
TXN202602115,ACC1012,33535.29,TRANSFER,2026-08-21 12:14:50,Hyderabad
TXN202602116,ACC1043,38594.15,DEBIT,2026-08-21 12:15:20,Chennai
TXN202602117,ACC1004,4384.7,DEBIT,2026-08-21 12:15:50,Hyderabad
TXN202602118,ACC1013,40374.33,DEBIT,2026-08-21 12:16:20,Delhi
TXN202602119,ACC1002,39388.87,DEBIT,2026-08-21 12:16:50,Chennai
TXN202602120,ACC1038,32561.99,CREDIT,2026-08-21 12:17:20,Chennai
TXN202602121,ACC1011,23107.73,TRANSFER,2026-08-21 12:17:50,Delhi
TXN202602122,ACC1030,41181.05,TRANSFER,2026-08-21 12:18:20,Chennai
TXN202602123,ACC1020,29390.46,TRANSFER,2026-08-21 12:18:50,Mumbai
TXN202602124,ACC1040,1466.73,CREDIT,2026-08-21 12:19:20,Delhi
TXN202602125,ACC1014,31109.1,CREDIT,2026-08-21 12:19:50,Delhi
TXN202602126,ACC1005,15797.97,TRANSFER,2026-08-21 12:20:20,Delhi
TXN202602127,ACC1035,42333.98,DEBIT,2026-08-21 12:20:50,Bangalore
TXN202602128,ACC1011,22580.59,TRANSFER,2026-08-21 12:21:20,Chennai
TXN202602129,ACC1024,659.95,DEBIT,2026-08-21 12:21:50,Mumbai
TXN202602130,ACC1038,37693.9,TRANSFER,2026-08-21 12:22:20,Chennai
TXN202602131,ACC1007,17788.63,TRANSFER,2026-08-21 12:22:50,Hyderabad
TXN202602132,ACC1045,33201.55,DEBIT,2026-08-21 12:23:20,Mumbai
TXN202602133,ACC1049,6186.92,DEBIT,2026-08-21 12:23:50,Mumbai
TXN202602134,ACC1016,47179.2,CREDIT,2026-08-21 12:24:20,Hyderabad
TXN202602135,ACC1047,13324.59,DEBIT,2026-08-21 12:24:50,Hyderabad
TXN202602136,ACC1023,33714.36,DEBIT,2026-08-21 12:25:20,Hyderabad
TXN202602137,ACC1042,36675.94,CREDIT,2026-08-21 12:25:50,Bangalore
TXN202602138,ACC1033,28270.07,DEBIT,2026-08-21 12:26:20,Delhi
TXN202602139,ACC1004,19115.78,TRANSFER,2026-08-21 12:26:50,Mumbai
TXN202602140,ACC1019,44409.9,CREDIT,2026-08-21 12:27:20,Bangalore
TXN202602141,ACC1036,46601.13,TRANSFER,2026-08-21 12:27:50,Delhi
TXN202602142,ACC1047,11723.37,DEBIT,2026-08-21 12:28:20,Bangalore
TXN202602143,ACC1019,39364.79,TRANSFER,2026-08-21 12:28:50,Mumbai
TXN202602144,ACC1018,7095.66,CREDIT,2026-08-21 12:29:20,Chennai
TXN202602145,ACC1030,1788.03,TRANSFER,2026-08-21 12:29:50,Bangalore
TXN202602146,ACC1047,12059.96,CREDIT,2026-08-21 12:30:20,Chennai
TXN202602147,ACC1015,45461.73,TRANSFER,2026-08-21 12:30:50,Bangalore
TXN202602148,ACC1003,26843.4,DEBIT,2026-08-21 12:31:20,Chennai
TXN202602149,ACC1024,9032.09,CREDIT,2026-08-21 12:31:50,Chennai
TXN202602150,ACC1008,49520.8,DEBIT,2026-08-21 12:32:20,Chennai
TXN202602151,ACC1031,15710.25,TRANSFER,2026-08-21 12:32:50,Bangalore
TXN202602152,ACC1004,35607.52,TRANSFER,2026-08-21 12:33:20,Mumbai
TXN202602153,ACC1032,42106.5,CREDIT,2026-08-21 12:33:50,Delhi
TXN202602154,ACC1030,16768.61,DEBIT,2026-08-21 12:34:20,Chennai
TXN202602155,ACC1000,4509.97,CREDIT,2026-08-21 12:34:50,Hyderabad
TXN202602156,ACC1006,28167.47,CREDIT,2026-08-21 12:35:20,Hyderabad
TXN202602157,ACC1041,43407.97,DEBIT,2026-08-21 12:35:50,Chennai
TXN202602158,ACC1038,32212.34,DEBIT,2026-08-21 12:36:20,Bangalore
TXN202602159,ACC1045,33008.94,DEBIT,2026-08-21 12:36:50,Chennai
TXN202602160,ACC1034,33729.8,DEBIT,2026-08-21 12:37:20,Hyderabad
TXN202602161,ACC1033,31751.95,DEBIT,2026-08-21 12:37:50,Bangalore
TXN202602162,ACC1024,5839.34,CREDIT,2026-08-21 12:38:20,Delhi
TXN202602163,ACC1027,14790.93,DEBIT,2026-08-21 12:38:50,Hyderabad
TXN202602164,ACC1012,28921.75,DEBIT,2026-08-21 12:39:20,Delhi
TXN202602165,ACC1001,32630.04,TRANSFER,2026-08-21 12:39:50,Chennai
TXN202602166,ACC1028,14340.35,TRANSFER,2026-08-21 12:40:20,Bangalore
TXN202602167,ACC1024,21548.12,CREDIT,2026-08-21 12:40:50,Chennai
TXN202602168,ACC1012,29415.12,CREDIT,2026-08-21 12:41:20,Bangalore
TXN202602169,ACC1040,21221.15,DEBIT,2026-08-21 12:41:50,Delhi
TXN202602170,ACC1043,35604.03,DEBIT,2026-08-21 12:42:20,Bangalore
TXN202602171,ACC1050,27593.45,CREDIT,2026-08-21 12:42:50,Chennai
TXN202602172,ACC1039,11186.65,CREDIT,2026-08-21 12:43:20,Hyderabad
TXN202602173,ACC1041,3414.44,TRANSFER,2026-08-21 12:43:50,Bangalore
TXN202602174,ACC1003,4612.67,TRANSFER,2026-08-21 12:44:20,Bangalore
TXN202602175,ACC1021,45020.65,CREDIT,2026-08-21 12:44:50,Delhi
TXN202602176,ACC1031,42654.43,TRANSFER,2026-08-21 12:45:20,Mumbai
TXN202602177,ACC1047,1824.08,CREDIT,2026-08-21 12:45:50,Delhi
TXN202602178,ACC1017,16984.49,DEBIT,2026-08-21 12:46:20,Bangalore
TXN202602179,ACC1011,13769.45,CREDIT,2026-08-21 12:46:50,Bangalore
TXN202602180,ACC1033,1350.08,CREDIT,2026-08-21 12:47:20,Mumbai
TXN202602181,ACC1000,36884.19,CREDIT,2026-08-21 12:47:50,Mumbai
TXN202602182,ACC1002,15129.2,DEBIT,2026-08-21 12:48:20,Delhi
TXN202602183,ACC1003,825.71,TRANSFER,2026-08-21 12:48:50,Hyderabad
TXN202602184,ACC1038,23804.36,DEBIT,2026-08-21 12:49:20,Chennai
TXN202602185,ACC1015,46416.8,TRANSFER,2026-08-21 12:49:50,Mumbai
TXN202602186,ACC1049,24813.83,CREDIT,2026-08-21 12:50:20,Hyderabad
TXN202602187,ACC1020,22755.22,DEBIT,2026-08-21 12:50:50,Delhi
TXN202602188,ACC1038,46366.05,TRANSFER,2026-08-21 12:51:20,Hyderabad
TXN202602189,ACC1011,17787.45,DEBIT,2026-08-21 12:51:50,Chennai
TXN202602190,ACC1042,45602.47,CREDIT,2026-08-21 12:52:20,Delhi
TXN202602191,ACC1012,46800.51,TRANSFER,2026-08-21 12:52:50,Mumbai
TXN202602192,ACC1025,12905.42,CREDIT,2026-08-21 12:53:20,Chennai
TXN202602193,ACC1024,39677.67,CREDIT,2026-08-21 12:53:50,Bangalore
TXN202602194,ACC1029,17170.75,TRANSFER,2026-08-21 12:54:20,Hyderabad
TXN202602195,ACC1010,14273.43,TRANSFER,2026-08-21 12:54:50,Hyderabad
TXN202602196,ACC1035,37637.84,TRANSFER,2026-08-21 12:55:20,Chennai
TXN202602197,ACC1036,32588.49,CREDIT,2026-08-21 12:55:50,Bangalore
TXN202602198,ACC1035,39613.3,DEBIT,2026-08-21 12:56:20,Mumbai
TXN202602199,ACC1002,17478.8,TRANSFER,2026-08-21 12:56:50,Mumbai
TXN202602200,ACC1028,13520.06,TRANSFER,2026-08-21 12:57:20,Chennai
TXN202602201,ACC1018,29905.3,CREDIT,2026-08-21 12:57:50,Mumbai
TXN202602202,ACC1007,15241.6,TRANSFER,2026-08-21 12:58:20,Chennai
TXN202602203,ACC1041,11743.31,TRANSFER,2026-08-21 12:58:50,Hyderabad
TXN202602204,ACC1016,13796.01,DEBIT,2026-08-21 12:59:20,Hyderabad
TXN202602205,ACC1044,21815.73,DEBIT,2026-08-21 12:59:50,Delhi
TXN202602206,ACC1035,15948.95,TRANSFER,2026-08-21 13:00:20,Bangalore
TXN202602207,ACC1043,42833.3,CREDIT,2026-08-21 13:00:50,Hyderabad
TXN202602208,ACC1024,13862.16,TRANSFER,2026-08-21 13:01:20,Delhi
TXN202602209,ACC1043,4810.2,TRANSFER,2026-08-21 13:01:50,Chennai
TXN202602210,ACC1041,18267.25,TRANSFER,2026-08-21 13:02:20,Hyderabad
TXN202602211,ACC1008,4831.66,TRANSFER,2026-08-21 13:02:50,Hyderabad
TXN202602212,ACC1018,45651.09,DEBIT,2026-08-21 13:03:20,Mumbai
TXN202602213,ACC1011,28379.25,DEBIT,2026-08-21 13:03:50,Delhi
TXN202602214,ACC1025,16004.48,TRANSFER,2026-08-21 13:04:20,Hyderabad
TXN202602215,ACC1006,27076.04,DEBIT,2026-08-21 13:04:50,Bangalore
TXN202602216,ACC1046,48321.43,CREDIT,2026-08-21 13:05:20,Bangalore
TXN202602217,ACC1008,6886.98,TRANSFER,2026-08-21 13:05:50,Chennai
TXN202602218,ACC1042,40696.85,TRANSFER,2026-08-21 13:06:20,Delhi
TXN202602219,ACC1026,22864.02,DEBIT,2026-08-21 13:06:50,Bangalore
TXN202602220,ACC1042,12599.44,DEBIT,2026-08-21 13:07:20,Mumbai
TXN202602221,ACC1022,5611.97,DEBIT,2026-08-21 13:07:50,Delhi
TXN202602222,ACC1035,24386.1,TRANSFER,2026-08-21 13:08:20,Hyderabad
TXN202602223,ACC1020,27541.19,DEBIT,2026-08-21 13:08:50,Chennai
TXN202602224,ACC1006,6269.42,CREDIT,2026-08-21 13:09:20,Mumbai
TXN202602225,ACC1016,14194.61,DEBIT,2026-08-21 13:09:50,Hyderabad
TXN202602226,ACC1033,15141.69,TRANSFER,2026-08-21 13:10:20,Hyderabad
TXN202602227,ACC1021,2885.18,TRANSFER,2026-08-21 13:10:50,Chennai
TXN202602228,ACC1041,4115.88,DEBIT,2026-08-21 13:11:20,Bangalore
TXN202602229,ACC1005,3904.39,CREDIT,2026-08-21 13:11:50,Bangalore
TXN202602230,ACC1021,49392.24,DEBIT,2026-08-21 13:12:20,Chennai
TXN202602231,ACC1022,4870.4,DEBIT,2026-08-21 13:12:50,Delhi
TXN202602232,ACC1044,43177.63,TRANSFER,2026-08-21 13:13:20,Bangalore
TXN202602233,ACC1002,16012.49,TRANSFER,2026-08-21 13:13:50,Chennai
TXN202602234,ACC1031,44269.57,TRANSFER,2026-08-21 13:14:20,Hyderabad
TXN202602235,ACC1037,43535.75,DEBIT,2026-08-21 13:14:50,Delhi
TXN202602236,ACC1019,29783.05,TRANSFER,2026-08-21 13:15:20,Delhi
TXN202602237,ACC1007,41020.12,TRANSFER,2026-08-21 13:15:50,Chennai
TXN202602238,ACC1019,5107.79,CREDIT,2026-08-21 13:16:20,Delhi
TXN202602239,ACC1007,23819.25,TRANSFER,2026-08-21 13:16:50,Hyderabad
TXN202602240,ACC1007,7503.56,CREDIT,2026-08-21 13:17:20,Delhi
TXN202602241,ACC1036,21338.24,CREDIT,2026-08-21 13:17:50,Bangalore
TXN202602242,ACC1048,8135.97,TRANSFER,2026-08-21 13:18:20,Mumbai
TXN202602243,ACC1029,37465.66,CREDIT,2026-08-21 13:18:50,Mumbai
TXN202602244,ACC1034,46854.68,TRANSFER,2026-08-21 13:19:20,Hyderabad
TXN202602245,ACC1047,38040.86,DEBIT,2026-08-21 13:19:50,Delhi
TXN202602246,ACC1018,4557.76,TRANSFER,2026-08-21 13:20:20,Hyderabad
TXN202602247,ACC1039,33554.43,CREDIT,2026-08-21 13:20:50,Bangalore
TXN202602248,ACC1047,4217.23,DEBIT,2026-08-21 13:21:20,Bangalore
TXN202602249,ACC1027,12682.35,TRANSFER,2026-08-21 13:21:50,Delhi
TXN202602250,ACC1046,11329.36,CREDIT,2026-08-21 13:22:20,Bangalore
TXN202602251,ACC1025,1227.56,TRANSFER,2026-08-21 13:22:50,Chennai
TXN202602252,ACC1050,19215.19,CREDIT,2026-08-21 13:23:20,Mumbai
TXN202602253,ACC1003,31126.66,DEBIT,2026-08-21 13:23:50,Chennai
TXN202602254,ACC1013,8198.61,CREDIT,2026-08-21 13:24:20,Hyderabad
TXN202602255,ACC1002,30918.45,CREDIT,2026-08-21 13:24:50,Delhi
TXN202602256,ACC1041,17173.08,CREDIT,2026-08-21 13:25:20,Hyderabad
TXN202602257,ACC1040,26301.27,DEBIT,2026-08-21 13:25:50,Hyderabad
TXN202602258,ACC1034,30487.4,DEBIT,2026-08-21 13:26:20,Mumbai
TXN202602259,ACC1009,18071.47,TRANSFER,2026-08-21 13:26:50,Chennai
TXN202602260,ACC1010,10759.28,CREDIT,2026-08-21 13:27:20,Delhi
TXN202602261,ACC1049,31081.51,CREDIT,2026-08-21 13:27:50,Delhi
TXN202602262,ACC1019,38127.39,DEBIT,2026-08-21 13:28:20,Hyderabad
TXN202602263,ACC1024,23968.17,DEBIT,2026-08-21 13:28:50,Mumbai
TXN202602264,ACC1021,27663.42,TRANSFER,2026-08-21 13:29:20,Chennai
TXN202602265,ACC1050,8555.6,CREDIT,2026-08-21 13:29:50,Hyderabad
TXN202602266,ACC1024,18859.57,CREDIT,2026-08-21 13:30:20,Chennai
TXN202602267,ACC1023,21878.98,DEBIT,2026-08-21 13:30:50,Hyderabad
TXN202602268,ACC1002,35381.11,TRANSFER,2026-08-21 13:31:20,Chennai
TXN202602269,ACC1020,20233.79,DEBIT,2026-08-21 13:31:50,Chennai
TXN202602270,ACC1041,48732.34,TRANSFER,2026-08-21 13:32:20,Hyderabad
TXN202602271,ACC1000,19630.96,DEBIT,2026-08-21 13:32:50,Mumbai
TXN202602272,ACC1012,33746.84,TRANSFER,2026-08-21 13:33:20,Mumbai
TXN202602273,ACC1041,41262.72,DEBIT,2026-08-21 13:33:50,Chennai
TXN202602274,ACC1011,34221.49,DEBIT,2026-08-21 13:34:20,Delhi
TXN202602275,ACC1017,42432.7,DEBIT,2026-08-21 13:34:50,Bangalore
TXN202602276,ACC1000,33446.35,DEBIT,2026-08-21 13:35:20,Hyderabad
TXN202602277,ACC1035,17836.95,DEBIT,2026-08-21 13:35:50,Bangalore
TXN202602278,ACC1009,30853.97,TRANSFER,2026-08-21 13:36:20,Delhi
TXN202602279,ACC1018,45247.43,DEBIT,2026-08-21 13:36:50,Mumbai
TXN202602280,ACC1024,950.44,CREDIT,2026-08-21 13:37:20,Hyderabad
TXN202602281,ACC1002,36035.71,CREDIT,2026-08-21 13:37:50,Bangalore
TXN202602282,ACC1002,24072.76,TRANSFER,2026-08-21 13:38:20,Hyderabad
TXN202602283,ACC1047,22663.19,DEBIT,2026-08-21 13:38:50,Bangalore
TXN202602284,ACC1023,27237.88,CREDIT,2026-08-21 13:39:20,Mumbai
TXN202602285,ACC1047,11647.29,DEBIT,2026-08-21 13:39:50,Mumbai
TXN202602286,ACC1049,26707.33,CREDIT,2026-08-21 13:40:20,Delhi
TXN202602287,ACC1047,17690.36,CREDIT,2026-08-21 13:40:50,Bangalore
TXN202602288,ACC1034,23273.24,DEBIT,2026-08-21 13:41:20,Delhi
TXN202602289,ACC1030,27351.1,CREDIT,2026-08-21 13:41:50,Chennai
TXN202602290,ACC1039,23915.7,TRANSFER,2026-08-21 13:42:20,Delhi
TXN202602291,ACC1013,25567.2,TRANSFER,2026-08-21 13:42:50,Chennai
TXN202602292,ACC1018,4789.11,CREDIT,2026-08-21 13:43:20,Mumbai
TXN202602293,ACC1032,37277.55,DEBIT,2026-08-21 13:43:50,Chennai
TXN202602294,ACC1001,7756.12,DEBIT,2026-08-21 13:44:20,Mumbai
TXN202602295,ACC1016,45104.86,DEBIT,2026-08-21 13:44:50,Delhi
TXN202602296,ACC1004,39132.08,CREDIT,2026-08-21 13:45:20,Chennai
TXN202602297,ACC1047,13941.73,DEBIT,2026-08-21 13:45:50,Mumbai
TXN202602298,ACC1013,27239.22,DEBIT,2026-08-21 13:46:20,Bangalore
TXN202602299,ACC1036,17064.47,DEBIT,2026-08-21 13:46:50,Mumbai
TXN202602300,ACC1021,10525.73,DEBIT,2026-08-21 13:47:20,Bangalore
TXN202602301,ACC1032,44767.18,DEBIT,2026-08-21 13:47:50,Hyderabad
TXN202602302,ACC1043,16702.54,TRANSFER,2026-08-21 13:48:20,Mumbai
TXN202602303,ACC1037,7012.83,DEBIT,2026-08-21 13:48:50,Chennai
TXN202602304,ACC1038,25630.94,CREDIT,2026-08-21 13:49:20,Bangalore
TXN202602305,ACC1005,28062.17,DEBIT,2026-08-21 13:49:50,Hyderabad
TXN202602306,ACC1015,39851.56,CREDIT,2026-08-21 13:50:20,Chennai
TXN202602307,ACC1038,12486.86,CREDIT,2026-08-21 13:50:50,Bangalore
TXN202602308,ACC1012,4522.43,DEBIT,2026-08-21 13:51:20,Chennai
TXN202602309,ACC1014,9581.46,TRANSFER,2026-08-21 13:51:50,Hyderabad
TXN202602310,ACC1023,47691.42,CREDIT,2026-08-21 13:52:20,Mumbai
TXN202602311,ACC1038,38503.32,TRANSFER,2026-08-21 13:52:50,Chennai
TXN202602312,ACC1002,21741.09,DEBIT,2026-08-21 13:53:20,Bangalore
TXN202602313,ACC1000,8076.59,DEBIT,2026-08-21 13:53:50,Chennai
TXN202602314,ACC1026,10782.35,TRANSFER,2026-08-21 13:54:20,Chennai
TXN202602315,ACC1013,30486.59,CREDIT,2026-08-21 13:54:50,Bangalore
TXN202602316,ACC1043,7320.79,DEBIT,2026-08-21 13:55:20,Mumbai
TXN202602317,ACC1048,43445.43,DEBIT,2026-08-21 13:55:50,Chennai
TXN202602318,ACC1047,753.78,TRANSFER,2026-08-21 13:56:20,Delhi
TXN202602319,ACC1036,9011.6,DEBIT,2026-08-21 13:56:50,Delhi
TXN202602320,ACC1008,9273.88,CREDIT,2026-08-21 13:57:20,Chennai
TXN202602321,ACC1035,596.63,DEBIT,2026-08-21 13:57:50,Hyderabad
TXN202602322,ACC1009,19262.73,TRANSFER,2026-08-21 13:58:20,Hyderabad
TXN202602323,ACC1011,47655.57,DEBIT,2026-08-21 13:58:50,Chennai
TXN202602324,ACC1037,22519.89,DEBIT,2026-08-21 13:59:20,Delhi
TXN202602325,ACC1019,37975.64,CREDIT,2026-08-21 13:59:50,Hyderabad
TXN202602326,ACC1049,27280.49,DEBIT,2026-08-21 14:00:20,Chennai
TXN202602327,ACC1006,27757.47,DEBIT,2026-08-21 14:00:50,Bangalore
TXN202602328,ACC1015,42664.8,TRANSFER,2026-08-21 14:01:20,Mumbai
TXN202602329,ACC1031,23080.81,DEBIT,2026-08-21 14:01:50,Hyderabad
TXN202602330,ACC1023,1926.75,TRANSFER,2026-08-21 14:02:20,Delhi
TXN202602331,ACC1022,32772.18,TRANSFER,2026-08-21 14:02:50,Hyderabad
TXN202602332,ACC1023,21935.21,CREDIT,2026-08-21 14:03:20,Hyderabad
TXN202602333,ACC1001,42215.13,CREDIT,2026-08-21 14:03:50,Mumbai
TXN202602334,ACC1010,45733.95,TRANSFER,2026-08-21 14:04:20,Mumbai
TXN202602335,ACC1036,38363.64,TRANSFER,2026-08-21 14:04:50,Mumbai
TXN202602336,ACC1019,9333.9,DEBIT,2026-08-21 14:05:20,Bangalore
TXN202602337,ACC1005,38451.01,DEBIT,2026-08-21 14:05:50,Mumbai
TXN202602338,ACC1009,22455.14,TRANSFER,2026-08-21 14:06:20,Delhi
TXN202602339,ACC1047,29672.71,DEBIT,2026-08-21 14:06:50,Delhi
TXN202602340,ACC1010,27695.59,TRANSFER,2026-08-21 14:07:20,Chennai
TXN202602341,ACC1014,41113.94,DEBIT,2026-08-21 14:07:50,Hyderabad
TXN202602342,ACC1022,15257.14,TRANSFER,2026-08-21 14:08:20,Delhi
TXN202602343,ACC1019,18083.52,CREDIT,2026-08-21 14:08:50,Mumbai
TXN202602344,ACC1017,43628.0,CREDIT,2026-08-21 14:09:20,Mumbai
TXN202602345,ACC1049,3491.64,CREDIT,2026-08-21 14:09:50,Mumbai
TXN202602346,ACC1047,27356.87,DEBIT,2026-08-21 14:10:20,Delhi
TXN202602347,ACC1046,10448.16,CREDIT,2026-08-21 14:10:50,Delhi
TXN202602348,ACC1046,41213.68,DEBIT,2026-08-21 14:11:20,Delhi
TXN202602349,ACC1024,32007.28,CREDIT,2026-08-21 14:11:50,Chennai
TXN202602350,ACC1010,4274.03,DEBIT,2026-08-21 14:12:20,Hyderabad
TXN202602351,ACC1036,26744.61,TRANSFER,2026-08-21 14:12:50,Delhi
TXN202602352,ACC1043,2428.69,DEBIT,2026-08-21 14:13:20,Hyderabad
TXN202602353,ACC1014,48808.16,TRANSFER,2026-08-21 14:13:50,Mumbai
TXN202602354,ACC1027,27238.26,TRANSFER,2026-08-21 14:14:20,Mumbai
TXN202602355,ACC1002,504.84,TRANSFER,2026-08-21 14:14:50,Chennai
TXN202602356,ACC1023,11327.2,TRANSFER,2026-08-21 14:15:20,Mumbai
TXN202602357,ACC1039,8553.7,DEBIT,2026-08-21 14:15:50,Mumbai
TXN202602358,ACC1021,25850.09,TRANSFER,2026-08-21 14:16:20,Hyderabad
TXN202602359,ACC1031,8469.42,TRANSFER,2026-08-21 14:16:50,Chennai
TXN202602360,ACC1031,47904.08,DEBIT,2026-08-21 14:17:20,Delhi
TXN202602361,ACC1036,3972.9,DEBIT,2026-08-21 14:17:50,Chennai
TXN202602362,ACC1016,31214.55,DEBIT,2026-08-21 14:18:20,Delhi
TXN202602363,ACC1045,49837.4,DEBIT,2026-08-21 14:18:50,Chennai
TXN202602364,ACC1000,12269.34,DEBIT,2026-08-21 14:19:20,Chennai
TXN202602365,ACC1044,47639.52,TRANSFER,2026-08-21 14:19:50,Hyderabad
TXN202602366,ACC1041,43142.04,CREDIT,2026-08-21 14:20:20,Hyderabad
TXN202602367,ACC1048,27659.23,DEBIT,2026-08-21 14:20:50,Delhi
TXN202602368,ACC1027,46490.84,DEBIT,2026-08-21 14:21:20,Hyderabad
TXN202602369,ACC1030,36864.32,TRANSFER,2026-08-21 14:21:50,Delhi
TXN202602370,ACC1034,33965.27,DEBIT,2026-08-21 14:22:20,Chennai
TXN202602371,ACC1004,31882.73,CREDIT,2026-08-21 14:22:50,Bangalore
TXN202602372,ACC1011,26944.61,DEBIT,2026-08-21 14:23:20,Delhi
TXN202602373,ACC1039,31989.86,CREDIT,2026-08-21 14:23:50,Mumbai
TXN202602374,ACC1018,1820.93,CREDIT,2026-08-21 14:24:20,Bangalore
TXN202602375,ACC1005,5120.67,TRANSFER,2026-08-21 14:24:50,Chennai
TXN202602376,ACC1003,40514.12,CREDIT,2026-08-21 14:25:20,Delhi
TXN202602377,ACC1050,36607.89,CREDIT,2026-08-21 14:25:50,Delhi
TXN202602378,ACC1013,40130.31,DEBIT,2026-08-21 14:26:20,Hyderabad
TXN202602379,ACC1050,5534.51,DEBIT,2026-08-21 14:26:50,Hyderabad
TXN202602380,ACC1027,32803.82,DEBIT,2026-08-21 14:27:20,Chennai
TXN202602381,ACC1037,41124.12,TRANSFER,2026-08-21 14:27:50,Delhi
TXN202602382,ACC1014,1231.42,DEBIT,2026-08-21 14:28:20,Chennai
TXN202602383,ACC1035,13441.1,CREDIT,2026-08-21 14:28:50,Chennai
TXN202602384,ACC1012,37422.77,TRANSFER,2026-08-21 14:29:20,Chennai
TXN202602385,ACC1009,20649.23,CREDIT,2026-08-21 14:29:50,Mumbai
TXN202602386,ACC1012,20979.41,CREDIT,2026-08-21 14:30:20,Delhi
TXN202602387,ACC1038,7610.61,DEBIT,2026-08-21 14:30:50,Chennai
TXN202602388,ACC1005,8375.73,TRANSFER,2026-08-21 14:31:20,Delhi
TXN202602389,ACC1013,46468.94,TRANSFER,2026-08-21 14:31:50,Chennai
TXN202602390,ACC1010,4805.9,TRANSFER,2026-08-21 14:32:20,Bangalore
TXN202602391,ACC1005,26349.94,DEBIT,2026-08-21 14:32:50,Bangalore
TXN202602392,ACC1049,24602.95,CREDIT,2026-08-21 14:33:20,Mumbai
TXN202602393,ACC1043,25344.81,DEBIT,2026-08-21 14:33:50,Chennai
TXN202602394,ACC1040,41753.62,DEBIT,2026-08-21 14:34:20,Delhi
TXN202602395,ACC1040,45865.06,TRANSFER,2026-08-21 14:34:50,Hyderabad
TXN202602396,ACC1034,12833.64,CREDIT,2026-08-21 14:35:20,Delhi
TXN202602397,ACC1010,47795.22,CREDIT,2026-08-21 14:35:50,Hyderabad
TXN202602398,ACC1037,16966.13,DEBIT,2026-08-21 14:36:20,Delhi
TXN202602399,ACC1032,3042.74,DEBIT,2026-08-21 14:36:50,Mumbai
TXN202602400,ACC1031,567.11,CREDIT,2026-08-21 14:37:20,Mumbai
TXN202602401,ACC1017,46676.32,TRANSFER,2026-08-21 14:37:50,Chennai
TXN202602402,ACC1007,49883.21,CREDIT,2026-08-21 14:38:20,Mumbai
TXN202602403,ACC1014,17111.07,CREDIT,2026-08-21 14:38:50,Hyderabad
TXN202602404,ACC1009,22810.76,CREDIT,2026-08-21 14:39:20,Chennai
TXN202602405,ACC1021,12396.49,DEBIT,2026-08-21 14:39:50,Bangalore
TXN202602406,ACC1022,17052.49,DEBIT,2026-08-21 14:40:20,Hyderabad
TXN202602407,ACC1039,20449.96,CREDIT,2026-08-21 14:40:50,Bangalore
TXN202602408,ACC1017,9807.89,TRANSFER,2026-08-21 14:41:20,Hyderabad
TXN202602409,ACC1030,23027.61,CREDIT,2026-08-21 14:41:50,Delhi
TXN202602410,ACC1046,15266.32,DEBIT,2026-08-21 14:42:20,Bangalore
TXN202602411,ACC1034,24858.05,DEBIT,2026-08-21 14:42:50,Chennai
TXN202602412,ACC1012,12445.75,DEBIT,2026-08-21 14:43:20,Bangalore
TXN202602413,ACC1001,34803.13,CREDIT,2026-08-21 14:43:50,Chennai
TXN202602414,ACC1006,11690.47,CREDIT,2026-08-21 14:44:20,Mumbai
TXN202602415,ACC1003,15487.22,CREDIT,2026-08-21 14:44:50,Bangalore
TXN202602416,ACC1025,1653.28,DEBIT,2026-08-21 14:45:20,Bangalore
TXN202602417,ACC1015,13191.79,TRANSFER,2026-08-21 14:45:50,Mumbai
TXN202602418,ACC1029,31012.12,CREDIT,2026-08-21 14:46:20,Delhi
TXN202602419,ACC1044,37581.86,CREDIT,2026-08-21 14:46:50,Mumbai
TXN202602420,ACC1037,1245.78,DEBIT,2026-08-21 14:47:20,Hyderabad
TXN202602421,ACC1014,15681.91,CREDIT,2026-08-21 14:47:50,Delhi
TXN202602422,ACC1023,21236.77,DEBIT,2026-08-21 14:48:20,Delhi
TXN202602423,ACC1040,17983.41,TRANSFER,2026-08-21 14:48:50,Chennai
TXN202602424,ACC1042,39624.96,TRANSFER,2026-08-21 14:49:20,Bangalore
TXN202602425,ACC1042,4165.56,CREDIT,2026-08-21 14:49:50,Mumbai
TXN202602426,ACC1016,1525.07,DEBIT,2026-08-21 14:50:20,Hyderabad
TXN202602427,ACC1023,24663.73,CREDIT,2026-08-21 14:50:50,Delhi
TXN202602428,ACC1019,38607.04,DEBIT,2026-08-21 14:51:20,Chennai
TXN202602429,ACC1016,4322.25,TRANSFER,2026-08-21 14:51:50,Chennai
TXN202602430,ACC1013,4013.71,DEBIT,2026-08-21 14:52:20,Delhi
TXN202602431,ACC1013,21534.22,TRANSFER,2026-08-21 14:52:50,Chennai
TXN202602432,ACC1041,48021.29,CREDIT,2026-08-21 14:53:20,Hyderabad
TXN202602433,ACC1019,12289.34,TRANSFER,2026-08-21 14:53:50,Delhi
TXN202602434,ACC1042,48322.81,CREDIT,2026-08-21 14:54:20,Bangalore
TXN202602435,ACC1020,34823.74,DEBIT,2026-08-21 14:54:50,Delhi
TXN202602436,ACC1037,17495.51,CREDIT,2026-08-21 14:55:20,Mumbai
TXN202602437,ACC1031,7790.56,TRANSFER,2026-08-21 14:55:50,Bangalore
TXN202602438,ACC1002,32817.45,TRANSFER,2026-08-21 14:56:20,Bangalore
TXN202602439,ACC1029,2500.44,CREDIT,2026-08-21 14:56:50,Delhi
TXN202602440,ACC1010,2355.35,CREDIT,2026-08-21 14:57:20,Delhi
TXN202602441,ACC1030,19525.67,CREDIT,2026-08-21 14:57:50,Delhi
TXN202602442,ACC1016,22739.58,DEBIT,2026-08-21 14:58:20,Bangalore
TXN202602443,ACC1034,20625.73,DEBIT,2026-08-21 14:58:50,Bangalore
TXN202602444,ACC1006,46742.86,CREDIT,2026-08-21 14:59:20,Chennai
TXN202602445,ACC1016,38930.93,TRANSFER,2026-08-21 14:59:50,Bangalore
TXN202602446,ACC1037,7353.98,TRANSFER,2026-08-21 15:00:20,Hyderabad
TXN202602447,ACC1027,9224.54,TRANSFER,2026-08-21 15:00:50,Hyderabad
TXN202602448,ACC1026,33621.32,DEBIT,2026-08-21 15:01:20,Chennai
TXN202602449,ACC1012,41080.85,DEBIT,2026-08-21 15:01:50,Delhi
TXN202602450,ACC1006,27744.83,CREDIT,2026-08-21 15:02:20,Bangalore
TXN202602451,ACC1047,3858.96,CREDIT,2026-08-21 15:02:50,Hyderabad
TXN202602452,ACC1015,13646.53,CREDIT,2026-08-21 15:03:20,Bangalore
TXN202602453,ACC1047,16052.47,DEBIT,2026-08-21 15:03:50,Delhi
TXN202602454,ACC1031,33280.76,CREDIT,2026-08-21 15:04:20,Delhi
TXN202602455,ACC1020,41734.72,DEBIT,2026-08-21 15:04:50,Hyderabad
TXN202602456,ACC1049,3165.25,TRANSFER,2026-08-21 15:05:20,Chennai
TXN202602457,ACC1024,47484.29,TRANSFER,2026-08-21 15:05:50,Hyderabad
TXN202602458,ACC1002,47141.21,DEBIT,2026-08-21 15:06:20,Chennai
TXN202602459,ACC1044,30129.07,TRANSFER,2026-08-21 15:06:50,Hyderabad
TXN202602460,ACC1033,299.6,CREDIT,2026-08-21 15:07:20,Bangalore
TXN202602461,ACC1020,12043.58,TRANSFER,2026-08-21 15:07:50,Delhi
TXN202602462,ACC1014,15585.85,DEBIT,2026-08-21 15:08:20,Delhi
TXN202602463,ACC1038,40468.05,CREDIT,2026-08-21 15:08:50,Hyderabad
TXN202602464,ACC1041,49108.08,CREDIT,2026-08-21 15:09:20,Hyderabad
TXN202602465,ACC1004,8362.2,DEBIT,2026-08-21 15:09:50,Bangalore
TXN202602466,ACC1014,29334.32,DEBIT,2026-08-21 15:10:20,Bangalore
TXN202602467,ACC1021,36730.5,DEBIT,2026-08-21 15:10:50,Mumbai
TXN202602468,ACC1006,21605.04,CREDIT,2026-08-21 15:11:20,Bangalore
TXN202602469,ACC1010,7546.75,CREDIT,2026-08-21 15:11:50,Bangalore
TXN202602470,ACC1020,15145.34,DEBIT,2026-08-21 15:12:20,Delhi
TXN202602471,ACC1026,13230.7,TRANSFER,2026-08-21 15:12:50,Mumbai
TXN202602472,ACC1006,44358.76,DEBIT,2026-08-21 15:13:20,Chennai
TXN202602473,ACC1012,22271.58,DEBIT,2026-08-21 15:13:50,Chennai
TXN202602474,ACC1000,18716.04,DEBIT,2026-08-21 15:14:20,Chennai
TXN202602475,ACC1023,4073.38,TRANSFER,2026-08-21 15:14:50,Chennai
TXN202602476,ACC1026,23613.6,DEBIT,2026-08-21 15:15:20,Chennai
TXN202602477,ACC1024,13508.62,DEBIT,2026-08-21 15:15:50,Mumbai
TXN202602478,ACC1031,33613.32,CREDIT,2026-08-21 15:16:20,Delhi
TXN202602479,ACC1037,43462.97,DEBIT,2026-08-21 15:16:50,Mumbai
TXN202602480,ACC1016,35065.3,CREDIT,2026-08-21 15:17:20,Bangalore
TXN202602481,ACC1015,24154.7,CREDIT,2026-08-21 15:17:50,Mumbai
TXN202602482,ACC1049,20000.48,CREDIT,2026-08-21 15:18:20,Mumbai
TXN202602483,ACC1010,5254.48,TRANSFER,2026-08-21 15:18:50,Delhi
TXN202602484,ACC1034,45311.48,CREDIT,2026-08-21 15:19:20,Bangalore
TXN202602485,ACC1040,21271.4,CREDIT,2026-08-21 15:19:50,Mumbai
TXN202602486,ACC1010,25071.25,TRANSFER,2026-08-21 15:20:20,Bangalore
TXN202602487,ACC1017,247.49,DEBIT,2026-08-21 15:20:50,Delhi
TXN202602488,ACC1031,6355.94,DEBIT,2026-08-21 15:21:20,Delhi
TXN202602489,ACC1013,41946.75,CREDIT,2026-08-21 15:21:50,Chennai
TXN202602490,ACC1015,49756.04,DEBIT,2026-08-21 15:22:20,Chennai
TXN202602491,ACC1041,18138.11,DEBIT,2026-08-21 15:22:50,Mumbai
TXN202602492,ACC1040,5315.65,DEBIT,2026-08-21 15:23:20,Bangalore
TXN202602493,ACC1026,9518.68,TRANSFER,2026-08-21 15:23:50,Hyderabad
TXN202602494,ACC1017,24820.62,TRANSFER,2026-08-21 15:24:20,Mumbai
TXN202602495,ACC1031,21856.25,CREDIT,2026-08-21 15:24:50,Delhi
TXN202602496,ACC1034,5931.83,CREDIT,2026-08-21 15:25:20,Delhi
TXN202602497,ACC1019,13064.59,TRANSFER,2026-08-21 15:25:50,Mumbai
TXN202602498,ACC1040,27975.28,TRANSFER,2026-08-21 15:26:20,Hyderabad
TXN202602499,ACC1028,23315.1,DEBIT,2026-08-21 15:26:50,Chennai
TXN202602500,ACC1012,23689.65,TRANSFER,2026-08-21 15:27:20,Hyderabad
TXN202602501,ACC1045,29566.85,CREDIT,2026-08-21 15:27:50,Mumbai
TXN202602502,ACC1006,40015.04,TRANSFER,2026-08-21 15:28:20,Mumbai
TXN202602503,ACC1008,28483.96,TRANSFER,2026-08-21 15:28:50,Hyderabad
TXN202602504,ACC1043,38588.5,TRANSFER,2026-08-21 15:29:20,Delhi
TXN202602505,ACC1008,22746.38,CREDIT,2026-08-21 15:29:50,Hyderabad
TXN202602506,ACC1012,37248.82,TRANSFER,2026-08-21 15:30:20,Chennai
TXN202602507,ACC1031,3605.01,TRANSFER,2026-08-21 15:30:50,Chennai
TXN202602508,ACC1037,23637.29,TRANSFER,2026-08-21 15:31:20,Delhi
TXN202602509,ACC1042,16924.83,CREDIT,2026-08-21 15:31:50,Delhi
TXN202602510,ACC1048,3672.16,CREDIT,2026-08-21 15:32:20,Delhi
TXN202602511,ACC1001,16137.34,DEBIT,2026-08-21 15:32:50,Bangalore
TXN202602512,ACC1041,45321.99,CREDIT,2026-08-21 15:33:20,Bangalore
TXN202602513,ACC1031,25705.32,TRANSFER,2026-08-21 15:33:50,Mumbai
TXN202602514,ACC1038,34054.26,TRANSFER,2026-08-21 15:34:20,Mumbai
TXN202602515,ACC1036,33250.54,CREDIT,2026-08-21 15:34:50,Hyderabad
TXN202602516,ACC1033,48599.29,TRANSFER,2026-08-21 15:35:20,Bangalore
TXN202602517,ACC1033,44787.19,DEBIT,2026-08-21 15:35:50,Delhi
TXN202602518,ACC1028,46914.26,DEBIT,2026-08-21 15:36:20,Delhi
TXN202602519,ACC1020,43790.4,CREDIT,2026-08-21 15:36:50,Chennai
TXN202602520,ACC1019,38997.28,CREDIT,2026-08-21 15:37:20,Bangalore
TXN202602521,ACC1003,41122.64,DEBIT,2026-08-21 15:37:50,Chennai
TXN202602522,ACC1045,35987.48,CREDIT,2026-08-21 15:38:20,Chennai
TXN202602523,ACC1007,35444.69,TRANSFER,2026-08-21 15:38:50,Hyderabad
TXN202602524,ACC1019,48147.43,TRANSFER,2026-08-21 15:39:20,Delhi
TXN202602525,ACC1015,43925.37,TRANSFER,2026-08-21 15:39:50,Mumbai
TXN202602526,ACC1011,39475.44,CREDIT,2026-08-21 15:40:20,Chennai
TXN202602527,ACC1018,33501.79,CREDIT,2026-08-21 15:40:50,Hyderabad
TXN202602528,ACC1048,44244.02,DEBIT,2026-08-21 15:41:20,Chennai
TXN202602529,ACC1010,25703.85,DEBIT,2026-08-21 15:41:50,Mumbai
TXN202602530,ACC1029,19729.86,DEBIT,2026-08-21 15:42:20,Hyderabad
TXN202602531,ACC1048,13768.78,DEBIT,2026-08-21 15:42:50,Delhi
TXN202602532,ACC1036,36764.54,DEBIT,2026-08-21 15:43:20,Hyderabad
TXN202602533,ACC1049,25626.09,TRANSFER,2026-08-21 15:43:50,Delhi
TXN202602534,ACC1011,45688.53,CREDIT,2026-08-21 15:44:20,Delhi
TXN202602535,ACC1028,3164.27,DEBIT,2026-08-21 15:44:50,Hyderabad
TXN202602536,ACC1019,45809.32,DEBIT,2026-08-21 15:45:20,Chennai
TXN202602537,ACC1018,30991.51,DEBIT,2026-08-21 15:45:50,Bangalore
TXN202602538,ACC1007,43637.37,TRANSFER,2026-08-21 15:46:20,Mumbai
TXN202602539,ACC1022,31067.52,DEBIT,2026-08-21 15:46:50,Mumbai
TXN202602540,ACC1042,43760.54,DEBIT,2026-08-21 15:47:20,Chennai
TXN202602541,ACC1044,26859.62,CREDIT,2026-08-21 15:47:50,Mumbai
TXN202602542,ACC1020,18697.49,TRANSFER,2026-08-21 15:48:20,Bangalore
TXN202602543,ACC1009,7545.97,CREDIT,2026-08-21 15:48:50,Chennai
TXN202602544,ACC1047,12611.17,DEBIT,2026-08-21 15:49:20,Mumbai
TXN202602545,ACC1043,27683.78,CREDIT,2026-08-21 15:49:50,Mumbai
TXN202602546,ACC1015,15919.7,TRANSFER,2026-08-21 15:50:20,Mumbai
TXN202602547,ACC1021,44318.15,TRANSFER,2026-08-21 15:50:50,Hyderabad
TXN202602548,ACC1013,18827.1,TRANSFER,2026-08-21 15:51:20,Delhi
TXN202602549,ACC1049,43451.38,DEBIT,2026-08-21 15:51:50,Hyderabad
TXN202602550,ACC1021,2199.16,DEBIT,2026-08-21 15:52:20,Bangalore
TXN202602551,ACC1040,40088.01,CREDIT,2026-08-21 15:52:50,Delhi
TXN202602552,ACC1015,26991.61,CREDIT,2026-08-21 15:53:20,Mumbai
TXN202602553,ACC1028,24420.6,TRANSFER,2026-08-21 15:53:50,Bangalore
TXN202602554,ACC1002,7310.6,TRANSFER,2026-08-21 15:54:20,Chennai
TXN202602555,ACC1017,44097.09,CREDIT,2026-08-21 15:54:50,Bangalore
TXN202602556,ACC1012,49894.2,CREDIT,2026-08-21 15:55:20,Bangalore
TXN202602557,ACC1001,17078.43,TRANSFER,2026-08-21 15:55:50,Bangalore
TXN202602558,ACC1002,49384.77,CREDIT,2026-08-21 15:56:20,Bangalore
TXN202602559,ACC1016,37271.26,DEBIT,2026-08-21 15:56:50,Delhi
TXN202602560,ACC1047,387.57,TRANSFER,2026-08-21 15:57:20,Hyderabad
TXN202602561,ACC1010,49531.94,CREDIT,2026-08-21 15:57:50,Hyderabad
TXN202602562,ACC1014,38615.69,DEBIT,2026-08-21 15:58:20,Hyderabad
TXN202602563,ACC1030,35015.35,TRANSFER,2026-08-21 15:58:50,Delhi
TXN202602564,ACC1010,36699.23,TRANSFER,2026-08-21 15:59:20,Delhi
TXN202602565,ACC1043,13363.45,TRANSFER,2026-08-21 15:59:50,Bangalore
TXN202602566,ACC1007,38564.46,CREDIT,2026-08-21 16:00:20,Chennai
TXN202602567,ACC1039,23605.92,CREDIT,2026-08-21 16:00:50,Mumbai
TXN202602568,ACC1015,12401.22,DEBIT,2026-08-21 16:01:20,Mumbai
TXN202602569,ACC1043,43658.14,CREDIT,2026-08-21 16:01:50,Delhi
TXN202602570,ACC1014,37072.31,TRANSFER,2026-08-21 16:02:20,Hyderabad
TXN202602571,ACC1015,36429.79,TRANSFER,2026-08-21 16:02:50,Mumbai
TXN202602572,ACC1038,39099.44,TRANSFER,2026-08-21 16:03:20,Mumbai
TXN202602573,ACC1044,17509.2,TRANSFER,2026-08-21 16:03:50,Bangalore
TXN202602574,ACC1046,8014.62,CREDIT,2026-08-21 16:04:20,Bangalore
TXN202602575,ACC1030,35602.21,CREDIT,2026-08-21 16:04:50,Mumbai
TXN202602576,ACC1046,48446.37,TRANSFER,2026-08-21 16:05:20,Delhi
TXN202602577,ACC1046,44442.95,DEBIT,2026-08-21 16:05:50,Mumbai
TXN202602578,ACC1001,11648.86,DEBIT,2026-08-21 16:06:20,Mumbai
TXN202602579,ACC1028,41337.4,DEBIT,2026-08-21 16:06:50,Hyderabad
TXN202602580,ACC1007,37527.96,TRANSFER,2026-08-21 16:07:20,Mumbai
TXN202602581,ACC1039,14106.14,TRANSFER,2026-08-21 16:07:50,Delhi
TXN202602582,ACC1006,32652.02,DEBIT,2026-08-21 16:08:20,Chennai
TXN202602583,ACC1018,31868.98,DEBIT,2026-08-21 16:08:50,Mumbai
TXN202602584,ACC1023,12474.65,TRANSFER,2026-08-21 16:09:20,Chennai
TXN202602585,ACC1020,5525.21,CREDIT,2026-08-21 16:09:50,Delhi
TXN202602586,ACC1048,46951.33,CREDIT,2026-08-21 16:10:20,Chennai
TXN202602587,ACC1035,10225.59,CREDIT,2026-08-21 16:10:50,Mumbai
TXN202602588,ACC1034,48967.2,TRANSFER,2026-08-21 16:11:20,Bangalore
TXN202602589,ACC1001,9230.21,TRANSFER,2026-08-21 16:11:50,Chennai
TXN202602590,ACC1026,14448.37,TRANSFER,2026-08-21 16:12:20,Hyderabad
TXN202602591,ACC1042,7345.45,DEBIT,2026-08-21 16:12:50,Hyderabad
TXN202602592,ACC1030,37873.89,TRANSFER,2026-08-21 16:13:20,Mumbai
TXN202602593,ACC1032,20325.95,DEBIT,2026-08-21 16:13:50,Bangalore
TXN202602594,ACC1040,7971.77,TRANSFER,2026-08-21 16:14:20,Bangalore
TXN202602595,ACC1046,3888.75,CREDIT,2026-08-21 16:14:50,Mumbai
TXN202602596,ACC1013,18281.03,DEBIT,2026-08-21 16:15:20,Chennai
TXN202602597,ACC1007,26796.49,TRANSFER,2026-08-21 16:15:50,Bangalore
TXN202602598,ACC1006,26019.16,DEBIT,2026-08-21 16:16:20,Chennai
TXN202602599,ACC1027,25340.64,CREDIT,2026-08-21 16:16:50,Delhi
TXN202602600,ACC1048,14880.04,TRANSFER,2026-08-21 16:17:20,Delhi
TXN202602601,ACC1028,39875.19,DEBIT,2026-08-21 16:17:50,Mumbai
TXN202602602,ACC1041,34177.25,DEBIT,2026-08-21 16:18:20,Mumbai
TXN202602603,ACC1048,8583.58,DEBIT,2026-08-21 16:18:50,Hyderabad
TXN202602604,ACC1028,44161.18,TRANSFER,2026-08-21 16:19:20,Hyderabad
TXN202602605,ACC1008,33201.75,DEBIT,2026-08-21 16:19:50,Hyderabad
TXN202602606,ACC1029,38868.7,TRANSFER,2026-08-21 16:20:20,Delhi
TXN202602607,ACC1049,21535.35,TRANSFER,2026-08-21 16:20:50,Delhi
TXN202602608,ACC1044,49566.48,TRANSFER,2026-08-21 16:21:20,Mumbai
TXN202602609,ACC1005,6576.1,CREDIT,2026-08-21 16:21:50,Bangalore
TXN202602610,ACC1006,4887.13,DEBIT,2026-08-21 16:22:20,Delhi
TXN202602611,ACC1032,14086.6,CREDIT,2026-08-21 16:22:50,Chennai
TXN202602612,ACC1001,8575.47,CREDIT,2026-08-21 16:23:20,Bangalore
TXN202602613,ACC1030,7604.26,DEBIT,2026-08-21 16:23:50,Delhi
TXN202602614,ACC1031,48749.6,TRANSFER,2026-08-21 16:24:20,Hyderabad
TXN202602615,ACC1046,15256.5,TRANSFER,2026-08-21 16:24:50,Hyderabad
TXN202602616,ACC1044,37074.58,TRANSFER,2026-08-21 16:25:20,Delhi
TXN202602617,ACC1009,31733.24,CREDIT,2026-08-21 16:25:50,Chennai
TXN202602618,ACC1034,14611.54,TRANSFER,2026-08-21 16:26:20,Delhi
TXN202602619,ACC1016,11194.73,CREDIT,2026-08-21 16:26:50,Delhi
TXN202602620,ACC1041,22002.07,TRANSFER,2026-08-21 16:27:20,Mumbai
TXN202602621,ACC1002,37758.51,DEBIT,2026-08-21 16:27:50,Hyderabad
TXN202602622,ACC1021,44208.53,TRANSFER,2026-08-21 16:28:20,Delhi
TXN202602623,ACC1040,47621.9,TRANSFER,2026-08-21 16:28:50,Hyderabad
TXN202602624,ACC1041,3624.53,TRANSFER,2026-08-21 16:29:20,Delhi
TXN202602625,ACC1018,28979.55,TRANSFER,2026-08-21 16:29:50,Hyderabad
TXN202602626,ACC1045,30267.58,CREDIT,2026-08-21 16:30:20,Chennai
TXN202602627,ACC1006,28160.59,TRANSFER,2026-08-21 16:30:50,Delhi
TXN202602628,ACC1027,11839.54,TRANSFER,2026-08-21 16:31:20,Mumbai
TXN202602629,ACC1024,10155.79,DEBIT,2026-08-21 16:31:50,Mumbai
TXN202602630,ACC1047,41617.46,TRANSFER,2026-08-21 16:32:20,Chennai
TXN202602631,ACC1043,7477.65,TRANSFER,2026-08-21 16:32:50,Delhi
TXN202602632,ACC1031,17572.64,CREDIT,2026-08-21 16:33:20,Bangalore
TXN202602633,ACC1018,8101.7,TRANSFER,2026-08-21 16:33:50,Bangalore
TXN202602634,ACC1022,40283.14,DEBIT,2026-08-21 16:34:20,Bangalore
TXN202602635,ACC1046,44800.55,CREDIT,2026-08-21 16:34:50,Chennai
TXN202602636,ACC1020,45709.09,DEBIT,2026-08-21 16:35:20,Bangalore
TXN202602637,ACC1027,43281.74,CREDIT,2026-08-21 16:35:50,Chennai
TXN202602638,ACC1032,33795.21,TRANSFER,2026-08-21 16:36:20,Bangalore
TXN202602639,ACC1017,35090.57,CREDIT,2026-08-21 16:36:50,Chennai
TXN202602640,ACC1043,27035.2,CREDIT,2026-08-21 16:37:20,Chennai
TXN202602641,ACC1018,11180.49,DEBIT,2026-08-21 16:37:50,Bangalore
TXN202602642,ACC1010,8651.78,TRANSFER,2026-08-21 16:38:20,Mumbai
TXN202602643,ACC1014,8926.51,TRANSFER,2026-08-21 16:38:50,Chennai
TXN202602644,ACC1049,2105.21,DEBIT,2026-08-21 16:39:20,Chennai
TXN202602645,ACC1024,13695.74,DEBIT,2026-08-21 16:39:50,Bangalore
TXN202602646,ACC1016,27773.4,TRANSFER,2026-08-21 16:40:20,Mumbai
TXN202602647,ACC1029,6017.95,CREDIT,2026-08-21 16:40:50,Bangalore
TXN202602648,ACC1042,16415.05,CREDIT,2026-08-21 16:41:20,Hyderabad
TXN202602649,ACC1017,48619.33,CREDIT,2026-08-21 16:41:50,Bangalore
TXN202602650,ACC1033,25273.71,TRANSFER,2026-08-21 16:42:20,Mumbai
TXN202602651,ACC1039,35982.71,CREDIT,2026-08-21 16:42:50,Chennai
TXN202602652,ACC1016,44783.58,DEBIT,2026-08-21 16:43:20,Hyderabad
TXN202602653,ACC1017,29208.38,DEBIT,2026-08-21 16:43:50,Mumbai
TXN202602654,ACC1035,15273.97,CREDIT,2026-08-21 16:44:20,Hyderabad
TXN202602655,ACC1039,15476.18,CREDIT,2026-08-21 16:44:50,Mumbai
TXN202602656,ACC1009,4030.67,TRANSFER,2026-08-21 16:45:20,Mumbai
TXN202602657,ACC1017,35263.86,TRANSFER,2026-08-21 16:45:50,Mumbai
TXN202602658,ACC1035,18057.39,DEBIT,2026-08-21 16:46:20,Chennai
TXN202602659,ACC1039,26801.95,TRANSFER,2026-08-21 16:46:50,Hyderabad
TXN202602660,ACC1020,10916.81,TRANSFER,2026-08-21 16:47:20,Bangalore
TXN202602661,ACC1036,49138.57,CREDIT,2026-08-21 16:47:50,Chennai
TXN202602662,ACC1020,1455.88,TRANSFER,2026-08-21 16:48:20,Chennai
TXN202602663,ACC1030,7771.64,DEBIT,2026-08-21 16:48:50,Hyderabad
TXN202602664,ACC1034,24708.27,TRANSFER,2026-08-21 16:49:20,Chennai
TXN202602665,ACC1028,49144.03,DEBIT,2026-08-21 16:49:50,Delhi
TXN202602666,ACC1027,10287.16,TRANSFER,2026-08-21 16:50:20,Bangalore
TXN202602667,ACC1008,46522.06,DEBIT,2026-08-21 16:50:50,Delhi
TXN202602668,ACC1006,29523.5,TRANSFER,2026-08-21 16:51:20,Chennai
TXN202602669,ACC1049,44721.51,DEBIT,2026-08-21 16:51:50,Hyderabad
TXN202602670,ACC1012,1586.4,CREDIT,2026-08-21 16:52:20,Mumbai
TXN202602671,ACC1013,29618.18,DEBIT,2026-08-21 16:52:50,Mumbai
TXN202602672,ACC1039,42638.27,TRANSFER,2026-08-21 16:53:20,Bangalore
TXN202602673,ACC1033,13170.36,CREDIT,2026-08-21 16:53:50,Chennai
TXN202602674,ACC1022,41540.21,CREDIT,2026-08-21 16:54:20,Hyderabad
TXN202602675,ACC1039,25459.09,TRANSFER,2026-08-21 16:54:50,Mumbai
TXN202602676,ACC1040,25045.7,CREDIT,2026-08-21 16:55:20,Mumbai
TXN202602677,ACC1035,9506.68,CREDIT,2026-08-21 16:55:50,Delhi
TXN202602678,ACC1027,37473.81,TRANSFER,2026-08-21 16:56:20,Hyderabad
TXN202602679,ACC1038,12377.33,DEBIT,2026-08-21 16:56:50,Bangalore
TXN202602680,ACC1007,15285.93,DEBIT,2026-08-21 16:57:20,Bangalore
TXN202602681,ACC1046,42106.04,CREDIT,2026-08-21 16:57:50,Delhi
TXN202602682,ACC1025,961.67,CREDIT,2026-08-21 16:58:20,Mumbai
TXN202602683,ACC1013,21290.02,CREDIT,2026-08-21 16:58:50,Bangalore
TXN202602684,ACC1006,37329.25,DEBIT,2026-08-21 16:59:20,Hyderabad
TXN202602685,ACC1005,25357.82,CREDIT,2026-08-21 16:59:50,Bangalore
TXN202602686,ACC1038,6939.16,DEBIT,2026-08-21 17:00:20,Chennai
TXN202602687,ACC1033,2575.28,TRANSFER,2026-08-21 17:00:50,Bangalore
TXN202602688,ACC1028,954.76,TRANSFER,2026-08-21 17:01:20,Mumbai
TXN202602689,ACC1046,19647.74,TRANSFER,2026-08-21 17:01:50,Bangalore
TXN202602690,ACC1003,47781.15,DEBIT,2026-08-21 17:02:20,Hyderabad
TXN202602691,ACC1043,41772.33,DEBIT,2026-08-21 17:02:50,Mumbai
TXN202602692,ACC1040,15916.86,DEBIT,2026-08-21 17:03:20,Bangalore
TXN202602693,ACC1016,16037.69,DEBIT,2026-08-21 17:03:50,Delhi
TXN202602694,ACC1017,42165.82,TRANSFER,2026-08-21 17:04:20,Chennai
TXN202602695,ACC1033,10147.71,CREDIT,2026-08-21 17:04:50,Delhi
TXN202602696,ACC1038,33442.39,DEBIT,2026-08-21 17:05:20,Chennai
TXN202602697,ACC1019,28142.31,DEBIT,2026-08-21 17:05:50,Delhi
TXN202602698,ACC1036,23729.25,DEBIT,2026-08-21 17:06:20,Hyderabad
TXN202602699,ACC1006,27896.0,CREDIT,2026-08-21 17:06:50,Delhi
TXN202602700,ACC1009,45751.9,DEBIT,2026-08-21 17:07:20,Mumbai
TXN202602701,ACC1001,30615.54,DEBIT,2026-08-21 17:07:50,Hyderabad
TXN202602702,ACC1037,3429.3,CREDIT,2026-08-21 17:08:20,Delhi
TXN202602703,ACC1045,20482.84,DEBIT,2026-08-21 17:08:50,Delhi
TXN202602704,ACC1015,6806.08,TRANSFER,2026-08-21 17:09:20,Hyderabad
TXN202602705,ACC1001,37595.88,TRANSFER,2026-08-21 17:09:50,Delhi
TXN202602706,ACC1017,34909.54,TRANSFER,2026-08-21 17:10:20,Chennai
TXN202602707,ACC1024,48977.47,DEBIT,2026-08-21 17:10:50,Mumbai
TXN202602708,ACC1036,43957.14,DEBIT,2026-08-21 17:11:20,Mumbai
TXN202602709,ACC1047,39733.5,DEBIT,2026-08-21 17:11:50,Delhi
TXN202602710,ACC1015,16527.42,TRANSFER,2026-08-21 17:12:20,Mumbai
TXN202602711,ACC1029,36464.35,CREDIT,2026-08-21 17:12:50,Hyderabad
TXN202602712,ACC1035,40643.2,TRANSFER,2026-08-21 17:13:20,Mumbai
TXN202602713,ACC1049,41429.19,TRANSFER,2026-08-21 17:13:50,Mumbai
TXN202602714,ACC1045,5126.78,DEBIT,2026-08-21 17:14:20,Delhi
TXN202602715,ACC1030,47869.21,DEBIT,2026-08-21 17:14:50,Chennai
TXN202602716,ACC1019,5463.63,CREDIT,2026-08-21 17:15:20,Chennai
TXN202602717,ACC1032,24064.27,DEBIT,2026-08-21 17:15:50,Hyderabad
TXN202602718,ACC1003,48991.46,DEBIT,2026-08-21 17:16:20,Chennai
TXN202602719,ACC1015,9823.78,DEBIT,2026-08-21 17:16:50,Delhi
TXN202602720,ACC1013,1649.72,CREDIT,2026-08-21 17:17:20,Bangalore
TXN202602721,ACC1032,35653.25,DEBIT,2026-08-21 17:17:50,Delhi
TXN202602722,ACC1026,12140.59,CREDIT,2026-08-21 17:18:20,Delhi
TXN202602723,ACC1042,20350.16,DEBIT,2026-08-21 17:18:50,Mumbai
TXN202602724,ACC1018,16043.26,TRANSFER,2026-08-21 17:19:20,Chennai
TXN202602725,ACC1016,44537.75,TRANSFER,2026-08-21 17:19:50,Chennai
TXN202602726,ACC1026,18887.67,CREDIT,2026-08-21 17:20:20,Delhi
TXN202602727,ACC1018,17100.13,CREDIT,2026-08-21 17:20:50,Hyderabad
TXN202602728,ACC1047,35762.61,CREDIT,2026-08-21 17:21:20,Hyderabad
TXN202602729,ACC1033,16419.78,CREDIT,2026-08-21 17:21:50,Bangalore
TXN202602730,ACC1043,22803.88,DEBIT,2026-08-21 17:22:20,Delhi
TXN202602731,ACC1037,13589.21,TRANSFER,2026-08-21 17:22:50,Bangalore
TXN202602732,ACC1009,27845.55,DEBIT,2026-08-21 17:23:20,Chennai
TXN202602733,ACC1011,42650.66,TRANSFER,2026-08-21 17:23:50,Hyderabad
TXN202602734,ACC1019,24072.81,DEBIT,2026-08-21 17:24:20,Delhi
TXN202602735,ACC1046,14549.33,CREDIT,2026-08-21 17:24:50,Bangalore
TXN202602736,ACC1016,3597.87,CREDIT,2026-08-21 17:25:20,Hyderabad
TXN202602737,ACC1037,27454.43,DEBIT,2026-08-21 17:25:50,Bangalore
TXN202602738,ACC1046,29267.46,CREDIT,2026-08-21 17:26:20,Chennai
TXN202602739,ACC1045,175.51,CREDIT,2026-08-21 17:26:50,Hyderabad
TXN202602740,ACC1004,22364.82,CREDIT,2026-08-21 17:27:20,Hyderabad
TXN202602741,ACC1001,23274.98,TRANSFER,2026-08-21 17:27:50,Bangalore
TXN202602742,ACC1026,32536.92,DEBIT,2026-08-21 17:28:20,Chennai
TXN202602743,ACC1037,32744.67,CREDIT,2026-08-21 17:28:50,Bangalore
TXN202602744,ACC1017,40868.22,DEBIT,2026-08-21 17:29:20,Delhi
TXN202602745,ACC1019,47994.22,DEBIT,2026-08-21 17:29:50,Bangalore
TXN202602746,ACC1002,13097.74,TRANSFER,2026-08-21 17:30:20,Mumbai
TXN202602747,ACC1002,42300.41,CREDIT,2026-08-21 17:30:50,Hyderabad
TXN202602748,ACC1027,2353.16,TRANSFER,2026-08-21 17:31:20,Chennai
TXN202602749,ACC1020,28975.32,TRANSFER,2026-08-21 17:31:50,Chennai
TXN202602750,ACC1018,23323.46,TRANSFER,2026-08-21 17:32:20,Chennai
TXN202602751,ACC1000,37723.28,TRANSFER,2026-08-21 17:32:50,Delhi
TXN202602752,ACC1026,47725.34,TRANSFER,2026-08-21 17:33:20,Hyderabad
TXN202602753,ACC1022,38890.75,DEBIT,2026-08-21 17:33:50,Bangalore
TXN202602754,ACC1015,42091.21,TRANSFER,2026-08-21 17:34:20,Mumbai
TXN202602755,ACC1029,48673.8,TRANSFER,2026-08-21 17:34:50,Hyderabad
TXN202602756,ACC1040,48537.54,DEBIT,2026-08-21 17:35:20,Delhi
TXN202602757,ACC1019,25499.18,CREDIT,2026-08-21 17:35:50,Hyderabad
TXN202602758,ACC1026,30496.25,DEBIT,2026-08-21 17:36:20,Hyderabad
TXN202602759,ACC1003,28433.86,TRANSFER,2026-08-21 17:36:50,Chennai
TXN202602760,ACC1013,45988.01,CREDIT,2026-08-21 17:37:20,Mumbai
TXN202602761,ACC1030,41309.34,DEBIT,2026-08-21 17:37:50,Bangalore
TXN202602762,ACC1039,8585.19,TRANSFER,2026-08-21 17:38:20,Delhi
TXN202602763,ACC1039,38711.67,TRANSFER,2026-08-21 17:38:50,Delhi
TXN202602764,ACC1035,29901.13,TRANSFER,2026-08-21 17:39:20,Delhi
TXN202602765,ACC1045,28571.15,TRANSFER,2026-08-21 17:39:50,Chennai
TXN202602766,ACC1023,7779.53,DEBIT,2026-08-21 17:40:20,Chennai
TXN202602767,ACC1024,18362.46,TRANSFER,2026-08-21 17:40:50,Delhi
TXN202602768,ACC1050,35773.5,CREDIT,2026-08-21 17:41:20,Chennai
TXN202602769,ACC1012,993.96,CREDIT,2026-08-21 17:41:50,Chennai
TXN202602770,ACC1005,31245.79,TRANSFER,2026-08-21 17:42:20,Delhi
TXN202602771,ACC1029,25902.75,DEBIT,2026-08-21 17:42:50,Chennai
TXN202602772,ACC1034,16134.25,DEBIT,2026-08-21 17:43:20,Bangalore
TXN202602773,ACC1045,45414.27,CREDIT,2026-08-21 17:43:50,Bangalore
TXN202602774,ACC1021,11752.34,TRANSFER,2026-08-21 17:44:20,Delhi
TXN202602775,ACC1008,25131.35,TRANSFER,2026-08-21 17:44:50,Mumbai
TXN202602776,ACC1019,17745.12,DEBIT,2026-08-21 17:45:20,Mumbai
TXN202602777,ACC1042,21121.05,DEBIT,2026-08-21 17:45:50,Hyderabad
TXN202602778,ACC1046,6983.01,CREDIT,2026-08-21 17:46:20,Delhi
TXN202602779,ACC1039,38522.99,TRANSFER,2026-08-21 17:46:50,Delhi
TXN202602780,ACC1003,33130.92,DEBIT,2026-08-21 17:47:20,Hyderabad
TXN202602781,ACC1036,33488.92,CREDIT,2026-08-21 17:47:50,Hyderabad
TXN202602782,ACC1032,40702.53,DEBIT,2026-08-21 17:48:20,Hyderabad
TXN202602783,ACC1033,48781.8,DEBIT,2026-08-21 17:48:50,Chennai
TXN202602784,ACC1013,40023.53,CREDIT,2026-08-21 17:49:20,Delhi
TXN202602785,ACC1021,8182.77,TRANSFER,2026-08-21 17:49:50,Bangalore
TXN202602786,ACC1032,3762.32,DEBIT,2026-08-21 17:50:20,Hyderabad
TXN202602787,ACC1044,35080.78,TRANSFER,2026-08-21 17:50:50,Chennai
TXN202602788,ACC1023,38890.57,TRANSFER,2026-08-21 17:51:20,Hyderabad
TXN202602789,ACC1007,33859.13,CREDIT,2026-08-21 17:51:50,Mumbai
TXN202602790,ACC1010,22750.54,DEBIT,2026-08-21 17:52:20,Mumbai
TXN202602791,ACC1020,17334.62,TRANSFER,2026-08-21 17:52:50,Hyderabad
TXN202602792,ACC1044,9769.38,TRANSFER,2026-08-21 17:53:20,Hyderabad
TXN202602793,ACC1024,14404.11,TRANSFER,2026-08-21 17:53:50,Chennai
TXN202602794,ACC1047,12717.16,TRANSFER,2026-08-21 17:54:20,Mumbai
TXN202602795,ACC1049,42741.37,CREDIT,2026-08-21 17:54:50,Chennai
TXN202602796,ACC1020,21736.68,TRANSFER,2026-08-21 17:55:20,Bangalore
TXN202602797,ACC1049,19246.16,DEBIT,2026-08-21 17:55:50,Delhi
TXN202602798,ACC1041,14481.13,TRANSFER,2026-08-21 17:56:20,Mumbai
TXN202602799,ACC1026,28451.86,CREDIT,2026-08-21 17:56:50,Mumbai
TXN202602800,ACC1028,20254.09,DEBIT,2026-08-21 17:57:20,Mumbai
TXN202602801,ACC1015,45503.65,TRANSFER,2026-08-21 17:57:50,Chennai
TXN202602802,ACC1012,44369.27,CREDIT,2026-08-21 17:58:20,Bangalore
TXN202602803,ACC1030,10250.96,DEBIT,2026-08-21 17:58:50,Delhi
TXN202602804,ACC1020,44568.56,TRANSFER,2026-08-21 17:59:20,Delhi
TXN202602805,ACC1045,20069.9,CREDIT,2026-08-21 17:59:50,Mumbai
TXN202602806,ACC1003,36256.95,TRANSFER,2026-08-21 18:00:20,Delhi
TXN202602807,ACC1043,2256.24,DEBIT,2026-08-21 18:00:50,Mumbai
TXN202602808,ACC1007,12462.77,TRANSFER,2026-08-21 18:01:20,Chennai
TXN202602809,ACC1034,11076.34,DEBIT,2026-08-21 18:01:50,Mumbai
TXN202602810,ACC1009,5205.58,TRANSFER,2026-08-21 18:02:20,Bangalore
TXN202602811,ACC1021,1640.97,CREDIT,2026-08-21 18:02:50,Delhi
TXN202602812,ACC1042,10839.44,TRANSFER,2026-08-21 18:03:20,Bangalore
TXN202602813,ACC1030,47715.42,TRANSFER,2026-08-21 18:03:50,Bangalore
TXN202602814,ACC1014,48431.23,DEBIT,2026-08-21 18:04:20,Chennai
TXN202602815,ACC1013,882.73,TRANSFER,2026-08-21 18:04:50,Chennai
TXN202602816,ACC1011,21298.84,TRANSFER,2026-08-21 18:05:20,Delhi
TXN202602817,ACC1049,37751.52,DEBIT,2026-08-21 18:05:50,Hyderabad
TXN202602818,ACC1049,5168.34,CREDIT,2026-08-21 18:06:20,Hyderabad
TXN202602819,ACC1030,45672.11,TRANSFER,2026-08-21 18:06:50,Delhi
TXN202602820,ACC1034,28607.65,DEBIT,2026-08-21 18:07:20,Chennai
TXN202602821,ACC1022,6945.04,CREDIT,2026-08-21 18:07:50,Bangalore
TXN202602822,ACC1047,583.95,DEBIT,2026-08-21 18:08:20,Bangalore
TXN202602823,ACC1020,16501.52,DEBIT,2026-08-21 18:08:50,Bangalore
TXN202602824,ACC1030,40670.08,CREDIT,2026-08-21 18:09:20,Bangalore
TXN202602825,ACC1025,25912.32,TRANSFER,2026-08-21 18:09:50,Bangalore
TXN202602826,ACC1027,46105.94,CREDIT,2026-08-21 18:10:20,Hyderabad
TXN202602827,ACC1047,16680.72,CREDIT,2026-08-21 18:10:50,Delhi
TXN202602828,ACC1029,34145.82,CREDIT,2026-08-21 18:11:20,Delhi
TXN202602829,ACC1048,1454.07,TRANSFER,2026-08-21 18:11:50,Mumbai
TXN202602830,ACC1005,34052.29,DEBIT,2026-08-21 18:12:20,Hyderabad
TXN202602831,ACC1042,18335.76,DEBIT,2026-08-21 18:12:50,Delhi
TXN202602832,ACC1027,46397.69,DEBIT,2026-08-21 18:13:20,Delhi
TXN202602833,ACC1047,39408.68,TRANSFER,2026-08-21 18:13:50,Delhi
TXN202602834,ACC1027,49700.16,CREDIT,2026-08-21 18:14:20,Chennai
TXN202602835,ACC1031,28763.55,TRANSFER,2026-08-21 18:14:50,Mumbai
TXN202602836,ACC1020,35403.03,DEBIT,2026-08-21 18:15:20,Delhi
TXN202602837,ACC1024,9355.04,TRANSFER,2026-08-21 18:15:50,Bangalore
TXN202602838,ACC1023,1118.49,CREDIT,2026-08-21 18:16:20,Mumbai
TXN202602839,ACC1020,9684.78,DEBIT,2026-08-21 18:16:50,Hyderabad
TXN202602840,ACC1004,24624.49,CREDIT,2026-08-21 18:17:20,Hyderabad
TXN202602841,ACC1027,41513.17,CREDIT,2026-08-21 18:17:50,Hyderabad
TXN202602842,ACC1010,46942.43,TRANSFER,2026-08-21 18:18:20,Hyderabad
TXN202602843,ACC1001,12456.87,CREDIT,2026-08-21 18:18:50,Chennai
TXN202602844,ACC1017,20303.1,TRANSFER,2026-08-21 18:19:20,Hyderabad
TXN202602845,ACC1049,25845.95,CREDIT,2026-08-21 18:19:50,Delhi
TXN202602846,ACC1027,33717.08,TRANSFER,2026-08-21 18:20:20,Delhi
TXN202602847,ACC1047,44442.16,DEBIT,2026-08-21 18:20:50,Delhi
TXN202602848,ACC1026,28232.59,TRANSFER,2026-08-21 18:21:20,Delhi
TXN202602849,ACC1010,35572.84,CREDIT,2026-08-21 18:21:50,Bangalore
TXN202602850,ACC1013,981.66,TRANSFER,2026-08-21 18:22:20,Bangalore
TXN202602851,ACC1019,31284.51,CREDIT,2026-08-21 18:22:50,Mumbai
TXN202602852,ACC1012,10654.46,TRANSFER,2026-08-21 18:23:20,Chennai
TXN202602853,ACC1043,26126.25,CREDIT,2026-08-21 18:23:50,Chennai
TXN202602854,ACC1036,23383.61,DEBIT,2026-08-21 18:24:20,Hyderabad
TXN202602855,ACC1024,43948.27,TRANSFER,2026-08-21 18:24:50,Bangalore
TXN202602856,ACC1046,6493.75,TRANSFER,2026-08-21 18:25:20,Delhi
TXN202602857,ACC1008,16351.68,DEBIT,2026-08-21 18:25:50,Mumbai
TXN202602858,ACC1027,8437.07,DEBIT,2026-08-21 18:26:20,Hyderabad
TXN202602859,ACC1004,20492.86,TRANSFER,2026-08-21 18:26:50,Bangalore
TXN202602860,ACC1021,30614.75,DEBIT,2026-08-21 18:27:20,Mumbai
TXN202602861,ACC1010,37994.18,TRANSFER,2026-08-21 18:27:50,Hyderabad
TXN202602862,ACC1046,26657.66,TRANSFER,2026-08-21 18:28:20,Bangalore
TXN202602863,ACC1004,47102.32,CREDIT,2026-08-21 18:28:50,Chennai
TXN202602864,ACC1020,41924.66,DEBIT,2026-08-21 18:29:20,Delhi
TXN202602865,ACC1050,38513.51,CREDIT,2026-08-21 18:29:50,Mumbai
TXN202602866,ACC1043,19234.88,CREDIT,2026-08-21 18:30:20,Mumbai
TXN202602867,ACC1030,44527.33,CREDIT,2026-08-21 18:30:50,Chennai
TXN202602868,ACC1040,17287.06,TRANSFER,2026-08-21 18:31:20,Bangalore
TXN202602869,ACC1009,11684.48,DEBIT,2026-08-21 18:31:50,Mumbai
TXN202602870,ACC1039,44430.19,TRANSFER,2026-08-21 18:32:20,Bangalore
TXN202602871,ACC1037,39623.69,TRANSFER,2026-08-21 18:32:50,Mumbai
TXN202602872,ACC1009,5749.29,TRANSFER,2026-08-21 18:33:20,Chennai
TXN202602873,ACC1023,42738.12,TRANSFER,2026-08-21 18:33:50,Chennai
TXN202602874,ACC1027,193.03,DEBIT,2026-08-21 18:34:20,Chennai
TXN202602875,ACC1016,26801.02,TRANSFER,2026-08-21 18:34:50,Mumbai
TXN202602876,ACC1027,37159.36,DEBIT,2026-08-21 18:35:20,Bangalore
TXN202602877,ACC1032,43767.38,TRANSFER,2026-08-21 18:35:50,Delhi
TXN202602878,ACC1019,29945.79,DEBIT,2026-08-21 18:36:20,Bangalore
TXN202602879,ACC1012,15117.9,DEBIT,2026-08-21 18:36:50,Mumbai
TXN202602880,ACC1040,23444.09,CREDIT,2026-08-21 18:37:20,Chennai
TXN202602881,ACC1007,1258.7,CREDIT,2026-08-21 18:37:50,Hyderabad
TXN202602882,ACC1046,21017.83,TRANSFER,2026-08-21 18:38:20,Delhi
TXN202602883,ACC1019,1187.8,DEBIT,2026-08-21 18:38:50,Chennai
TXN202602884,ACC1032,31935.79,CREDIT,2026-08-21 18:39:20,Mumbai
TXN202602885,ACC1033,16794.13,TRANSFER,2026-08-21 18:39:50,Delhi
TXN202602886,ACC1050,49771.73,CREDIT,2026-08-21 18:40:20,Bangalore
TXN202602887,ACC1033,28305.76,DEBIT,2026-08-21 18:40:50,Mumbai
TXN202602888,ACC1030,32700.14,DEBIT,2026-08-21 18:41:20,Delhi
TXN202602889,ACC1047,49776.05,DEBIT,2026-08-21 18:41:50,Mumbai
TXN202602890,ACC1043,43366.14,TRANSFER,2026-08-21 18:42:20,Mumbai
TXN202602891,ACC1013,25290.55,DEBIT,2026-08-21 18:42:50,Bangalore
TXN202602892,ACC1022,34039.15,DEBIT,2026-08-21 18:43:20,Chennai
TXN202602893,ACC1034,6851.28,DEBIT,2026-08-21 18:43:50,Hyderabad
TXN202602894,ACC1024,1967.07,CREDIT,2026-08-21 18:44:20,Delhi
TXN202602895,ACC1002,28010.31,DEBIT,2026-08-21 18:44:50,Bangalore
TXN202602896,ACC1041,49783.66,CREDIT,2026-08-21 18:45:20,Hyderabad
TXN202602897,ACC1024,12398.42,CREDIT,2026-08-21 18:45:50,Chennai
TXN202602898,ACC1036,17186.32,TRANSFER,2026-08-21 18:46:20,Bangalore
TXN202602899,ACC1035,20191.06,CREDIT,2026-08-21 18:46:50,Delhi
TXN202602900,ACC1031,34147.13,DEBIT,2026-08-21 18:47:20,Mumbai
TXN202602901,ACC1002,38959.81,TRANSFER,2026-08-21 18:47:50,Bangalore
TXN202602902,ACC1026,47.35,DEBIT,2026-08-21 18:48:20,Chennai
TXN202602903,ACC1047,18876.96,DEBIT,2026-08-21 18:48:50,Delhi
TXN202602904,ACC1035,25575.45,CREDIT,2026-08-21 18:49:20,Chennai
TXN202602905,ACC1039,25030.25,DEBIT,2026-08-21 18:49:50,Delhi
TXN202602906,ACC1036,29333.14,DEBIT,2026-08-21 18:50:20,Bangalore
TXN202602907,ACC1039,44154.88,DEBIT,2026-08-21 18:50:50,Mumbai
TXN202602908,ACC1028,24003.03,CREDIT,2026-08-21 18:51:20,Chennai
TXN202602909,ACC1017,41.94,TRANSFER,2026-08-21 18:51:50,Hyderabad
TXN202602910,ACC1038,17700.58,CREDIT,2026-08-21 18:52:20,Chennai
TXN202602911,ACC1026,44686.95,TRANSFER,2026-08-21 18:52:50,Delhi
TXN202602912,ACC1019,4354.62,TRANSFER,2026-08-21 18:53:20,Chennai
TXN202602913,ACC1032,24632.93,DEBIT,2026-08-21 18:53:50,Delhi
TXN202602914,ACC1037,42582.44,CREDIT,2026-08-21 18:54:20,Hyderabad
TXN202602915,ACC1013,12950.19,TRANSFER,2026-08-21 18:54:50,Delhi
TXN202602916,ACC1011,33142.96,TRANSFER,2026-08-21 18:55:20,Delhi
TXN202602917,ACC1031,36943.53,CREDIT,2026-08-21 18:55:50,Delhi
TXN202602918,ACC1025,40606.14,TRANSFER,2026-08-21 18:56:20,Delhi
TXN202602919,ACC1015,41681.04,TRANSFER,2026-08-21 18:56:50,Mumbai
TXN202602920,ACC1005,27565.68,DEBIT,2026-08-21 18:57:20,Mumbai
TXN202602921,ACC1015,7423.77,TRANSFER,2026-08-21 18:57:50,Bangalore
TXN202602922,ACC1012,7683.45,DEBIT,2026-08-21 18:58:20,Mumbai
TXN202602923,ACC1033,41415.4,CREDIT,2026-08-21 18:58:50,Chennai
TXN202602924,ACC1000,39787.46,TRANSFER,2026-08-21 18:59:20,Hyderabad
TXN202602925,ACC1011,30689.94,CREDIT,2026-08-21 18:59:50,Delhi
TXN202602926,ACC1025,37201.26,TRANSFER,2026-08-21 19:00:20,Mumbai
TXN202602927,ACC1000,42286.12,DEBIT,2026-08-21 19:00:50,Hyderabad
TXN202602928,ACC1043,24208.15,CREDIT,2026-08-21 19:01:20,Chennai
TXN202602929,ACC1028,23668.63,DEBIT,2026-08-21 19:01:50,Chennai
TXN202602930,ACC1027,21492.76,TRANSFER,2026-08-21 19:02:20,Bangalore
TXN202602931,ACC1032,27955.33,DEBIT,2026-08-21 19:02:50,Hyderabad
TXN202602932,ACC1008,3686.56,TRANSFER,2026-08-21 19:03:20,Bangalore
TXN202602933,ACC1033,46791.87,TRANSFER,2026-08-21 19:03:50,Hyderabad
TXN202602934,ACC1037,25261.23,DEBIT,2026-08-21 19:04:20,Bangalore
TXN202602935,ACC1034,43082.96,CREDIT,2026-08-21 19:04:50,Mumbai
TXN202602936,ACC1000,27656.78,DEBIT,2026-08-21 19:05:20,Bangalore
TXN202602937,ACC1008,43527.94,DEBIT,2026-08-21 19:05:50,Chennai
TXN202602938,ACC1034,8716.13,TRANSFER,2026-08-21 19:06:20,Hyderabad
TXN202602939,ACC1012,39872.05,CREDIT,2026-08-21 19:06:50,Bangalore
TXN202602940,ACC1042,15311.54,DEBIT,2026-08-21 19:07:20,Chennai
TXN202602941,ACC1039,41712.69,DEBIT,2026-08-21 19:07:50,Hyderabad
TXN202602942,ACC1014,28891.38,CREDIT,2026-08-21 19:08:20,Delhi
TXN202602943,ACC1045,23111.71,TRANSFER,2026-08-21 19:08:50,Delhi
TXN202602944,ACC1023,2834.03,TRANSFER,2026-08-21 19:09:20,Delhi
TXN202602945,ACC1010,32469.76,CREDIT,2026-08-21 19:09:50,Delhi
TXN202602946,ACC1035,29528.73,CREDIT,2026-08-21 19:10:20,Bangalore
TXN202602947,ACC1006,5516.12,CREDIT,2026-08-21 19:10:50,Mumbai
TXN202602948,ACC1041,22604.55,CREDIT,2026-08-21 19:11:20,Delhi
TXN202602949,ACC1037,48892.0,DEBIT,2026-08-21 19:11:50,Hyderabad
TXN202602950,ACC1006,17596.53,TRANSFER,2026-08-21 19:12:20,Delhi
TXN202602951,ACC1043,21922.16,TRANSFER,2026-08-21 19:12:50,Mumbai
TXN202602952,ACC1019,15657.91,TRANSFER,2026-08-21 19:13:20,Mumbai
TXN202602953,ACC1006,39998.44,CREDIT,2026-08-21 19:13:50,Delhi
TXN202602954,ACC1043,4080.39,TRANSFER,2026-08-21 19:14:20,Hyderabad
TXN202602955,ACC1018,45977.88,CREDIT,2026-08-21 19:14:50,Bangalore
TXN202602956,ACC1038,39099.78,TRANSFER,2026-08-21 19:15:20,Chennai
TXN202602957,ACC1028,8247.45,TRANSFER,2026-08-21 19:15:50,Delhi
TXN202602958,ACC1005,36223.61,TRANSFER,2026-08-21 19:16:20,Mumbai
TXN202602959,ACC1000,6897.55,TRANSFER,2026-08-21 19:16:50,Hyderabad
TXN202602960,ACC1014,28607.79,TRANSFER,2026-08-21 19:17:20,Hyderabad
TXN202602961,ACC1034,1624.19,TRANSFER,2026-08-21 19:17:50,Hyderabad
TXN202602962,ACC1006,26408.28,CREDIT,2026-08-21 19:18:20,Hyderabad
TXN202602963,ACC1007,29966.06,DEBIT,2026-08-21 19:18:50,Mumbai
TXN202602964,ACC1009,8018.52,TRANSFER,2026-08-21 19:19:20,Hyderabad
TXN202602965,ACC1014,24595.24,TRANSFER,2026-08-21 19:19:50,Delhi
TXN202602966,ACC1027,28405.34,TRANSFER,2026-08-21 19:20:20,Chennai
TXN202602967,ACC1003,33451.06,DEBIT,2026-08-21 19:20:50,Bangalore
TXN202602968,ACC1033,10454.44,TRANSFER,2026-08-21 19:21:20,Bangalore
TXN202602969,ACC1031,3758.96,CREDIT,2026-08-21 19:21:50,Hyderabad
TXN202602970,ACC1027,21043.83,CREDIT,2026-08-21 19:22:20,Hyderabad
TXN202602971,ACC1014,29291.38,TRANSFER,2026-08-21 19:22:50,Hyderabad
TXN202602972,ACC1039,42790.31,TRANSFER,2026-08-21 19:23:20,Hyderabad
TXN202602973,ACC1004,25728.97,TRANSFER,2026-08-21 19:23:50,Chennai
TXN202602974,ACC1050,10280.85,TRANSFER,2026-08-21 19:24:20,Hyderabad
TXN202602975,ACC1020,16338.27,DEBIT,2026-08-21 19:24:50,Chennai
TXN202602976,ACC1008,3123.89,TRANSFER,2026-08-21 19:25:20,Delhi
TXN202602977,ACC1018,17876.48,TRANSFER,2026-08-21 19:25:50,Bangalore
TXN202602978,ACC1047,3076.88,TRANSFER,2026-08-21 19:26:20,Bangalore
TXN202602979,ACC1037,40175.77,DEBIT,2026-08-21 19:26:50,Delhi
TXN202602980,ACC1050,27101.73,CREDIT,2026-08-21 19:27:20,Hyderabad
TXN202602981,ACC1009,9850.92,CREDIT,2026-08-21 19:27:50,Hyderabad
TXN202602982,ACC1018,48384.57,DEBIT,2026-08-21 19:28:20,Delhi
TXN202602983,ACC1015,8333.95,TRANSFER,2026-08-21 19:28:50,Mumbai
TXN202602984,ACC1025,44081.29,TRANSFER,2026-08-21 19:29:20,Delhi
TXN202602985,ACC1004,5048.26,CREDIT,2026-08-21 19:29:50,Delhi
TXN202602986,ACC1043,8688.79,TRANSFER,2026-08-21 19:30:20,Bangalore
TXN202602987,ACC1039,28361.87,TRANSFER,2026-08-21 19:30:50,Hyderabad
TXN202602988,ACC1026,6762.73,CREDIT,2026-08-21 19:31:20,Delhi
TXN202602989,ACC1003,15621.38,CREDIT,2026-08-21 19:31:50,Bangalore
TXN202602990,ACC1026,9996.82,DEBIT,2026-08-21 19:32:20,Delhi
TXN202602991,ACC1020,11041.19,DEBIT,2026-08-21 19:32:50,Delhi
TXN202602992,ACC1011,1852.8,DEBIT,2026-08-21 19:33:20,Bangalore
TXN202602993,ACC1026,12296.04,DEBIT,2026-08-21 19:33:50,Bangalore
TXN202602994,ACC1008,22152.94,DEBIT,2026-08-21 19:34:20,Delhi
TXN202602995,ACC1005,35668.17,DEBIT,2026-08-21 19:34:50,Bangalore
TXN202602996,ACC1001,1414.08,TRANSFER,2026-08-21 19:35:20,Chennai
TXN202602997,ACC1024,46004.35,CREDIT,2026-08-21 19:35:50,Delhi
TXN202602998,ACC1040,22971.92,TRANSFER,2026-08-21 19:36:20,Delhi
TXN202602999,ACC1037,26260.62,CREDIT,2026-08-21 19:36:50,Mumbai
TXN202603000,ACC1023,6924.95,DEBIT,2026-08-21 19:37:20,Chennai
TXN202603001,ACC1040,25343.31,TRANSFER,2026-08-21 19:37:50,Mumbai
TXN202603002,ACC1027,22929.57,DEBIT,2026-08-21 19:38:20,Hyderabad
TXN202603003,ACC1027,45474.35,TRANSFER,2026-08-21 19:38:50,Bangalore
TXN202603004,ACC1031,4270.93,CREDIT,2026-08-21 19:39:20,Chennai
TXN202603005,ACC1015,33164.55,DEBIT,2026-08-21 19:39:50,Mumbai
TXN202603006,ACC1005,33957.22,DEBIT,2026-08-21 19:40:20,Hyderabad
TXN202603007,ACC1020,14151.18,TRANSFER,2026-08-21 19:40:50,Hyderabad
TXN202603008,ACC1001,46588.32,DEBIT,2026-08-21 19:41:20,Hyderabad
TXN202603009,ACC1035,29467.41,DEBIT,2026-08-21 19:41:50,Hyderabad
TXN202603010,ACC1018,12130.4,TRANSFER,2026-08-21 19:42:20,Hyderabad
TXN202603011,ACC1042,28588.65,DEBIT,2026-08-21 19:42:50,Delhi
TXN202603012,ACC1038,48784.39,CREDIT,2026-08-21 19:43:20,Bangalore
TXN202603013,ACC1010,14526.92,TRANSFER,2026-08-21 19:43:50,Bangalore
TXN202603014,ACC1014,23934.27,TRANSFER,2026-08-21 19:44:20,Hyderabad
TXN202603015,ACC1038,15017.18,CREDIT,2026-08-21 19:44:50,Chennai
TXN202603016,ACC1048,49712.4,DEBIT,2026-08-21 19:45:20,Bangalore
TXN202603017,ACC1025,48465.06,CREDIT,2026-08-21 19:45:50,Chennai
TXN202603018,ACC1023,29997.09,CREDIT,2026-08-21 19:46:20,Chennai
TXN202603019,ACC1043,25030.68,DEBIT,2026-08-21 19:46:50,Delhi
TXN202603020,ACC1027,2963.25,DEBIT,2026-08-21 19:47:20,Hyderabad
TXN202603021,ACC1007,47514.26,TRANSFER,2026-08-21 19:47:50,Mumbai
TXN202603022,ACC1021,7484.14,CREDIT,2026-08-21 19:48:20,Bangalore
TXN202603023,ACC1046,46405.01,TRANSFER,2026-08-21 19:48:50,Delhi
TXN202603024,ACC1030,44154.63,DEBIT,2026-08-21 19:49:20,Hyderabad
TXN202603025,ACC1019,9101.84,TRANSFER,2026-08-21 19:49:50,Mumbai
TXN202603026,ACC1011,34418.9,CREDIT,2026-08-21 19:50:20,Mumbai
TXN202603027,ACC1015,5274.64,DEBIT,2026-08-21 19:50:50,Chennai
TXN202603028,ACC1008,14934.66,CREDIT,2026-08-21 19:51:20,Hyderabad
TXN202603029,ACC1005,32735.45,DEBIT,2026-08-21 19:51:50,Mumbai
TXN202603030,ACC1039,44449.67,TRANSFER,2026-08-21 19:52:20,Mumbai
TXN202603031,ACC1039,2415.95,CREDIT,2026-08-21 19:52:50,Chennai
TXN202603032,ACC1035,2541.75,CREDIT,2026-08-21 19:53:20,Bangalore
TXN202603033,ACC1021,20658.64,TRANSFER,2026-08-21 19:53:50,Delhi
TXN202603034,ACC1028,46993.6,TRANSFER,2026-08-21 19:54:20,Bangalore
TXN202603035,ACC1040,14216.99,DEBIT,2026-08-21 19:54:50,Hyderabad
TXN202603036,ACC1038,18978.85,CREDIT,2026-08-21 19:55:20,Hyderabad
TXN202603037,ACC1030,46609.12,TRANSFER,2026-08-21 19:55:50,Hyderabad
TXN202603038,ACC1002,35205.24,TRANSFER,2026-08-21 19:56:20,Bangalore
TXN202603039,ACC1002,20117.07,TRANSFER,2026-08-21 19:56:50,Hyderabad
TXN202603040,ACC1021,19361.26,TRANSFER,2026-08-21 19:57:20,Bangalore
TXN202603041,ACC1009,12853.5,DEBIT,2026-08-21 19:57:50,Hyderabad
TXN202603042,ACC1005,4266.76,DEBIT,2026-08-21 19:58:20,Bangalore
TXN202603043,ACC1047,47573.7,DEBIT,2026-08-21 19:58:50,Hyderabad
TXN202603044,ACC1032,6156.61,TRANSFER,2026-08-21 19:59:20,Bangalore
TXN202603045,ACC1011,26000.37,CREDIT,2026-08-21 19:59:50,Chennai
TXN202603046,ACC1014,2682.55,TRANSFER,2026-08-21 20:00:20,Chennai
TXN202603047,ACC1010,21725.06,TRANSFER,2026-08-21 20:00:50,Chennai
TXN202603048,ACC1040,3289.52,DEBIT,2026-08-21 20:01:20,Chennai
TXN202603049,ACC1050,26961.82,CREDIT,2026-08-21 20:01:50,Delhi
TXN202603050,ACC1005,44700.77,CREDIT,2026-08-21 20:02:20,Mumbai
TXN202603051,ACC1032,24966.73,TRANSFER,2026-08-21 20:02:50,Delhi
TXN202603052,ACC1015,17672.6,CREDIT,2026-08-21 20:03:20,Mumbai
TXN202603053,ACC1006,31065.7,TRANSFER,2026-08-21 20:03:50,Mumbai
TXN202603054,ACC1031,20471.22,CREDIT,2026-08-21 20:04:20,Hyderabad
TXN202603055,ACC1042,34828.89,CREDIT,2026-08-21 20:04:50,Hyderabad
TXN202603056,ACC1003,20582.96,TRANSFER,2026-08-21 20:05:20,Chennai
TXN202603057,ACC1003,30011.54,DEBIT,2026-08-21 20:05:50,Mumbai
TXN202603058,ACC1012,49023.78,DEBIT,2026-08-21 20:06:20,Chennai
TXN202603059,ACC1004,41352.62,CREDIT,2026-08-21 20:06:50,Hyderabad
TXN202603060,ACC1031,17234.99,CREDIT,2026-08-21 20:07:20,Mumbai
TXN202603061,ACC1043,45754.09,TRANSFER,2026-08-21 20:07:50,Delhi
TXN202603062,ACC1007,22744.42,DEBIT,2026-08-21 20:08:20,Mumbai
TXN202603063,ACC1037,11613.15,CREDIT,2026-08-21 20:08:50,Delhi
TXN202603064,ACC1033,10372.48,CREDIT,2026-08-21 20:09:20,Chennai
TXN202603065,ACC1002,32522.79,DEBIT,2026-08-21 20:09:50,Delhi
TXN202603066,ACC1030,34072.14,CREDIT,2026-08-21 20:10:20,Chennai
TXN202603067,ACC1039,26488.0,CREDIT,2026-08-21 20:10:50,Hyderabad
TXN202603068,ACC1033,2560.13,DEBIT,2026-08-21 20:11:20,Bangalore
TXN202603069,ACC1029,31052.99,CREDIT,2026-08-21 20:11:50,Hyderabad
TXN202603070,ACC1048,6438.36,TRANSFER,2026-08-21 20:12:20,Delhi
TXN202603071,ACC1029,17906.45,CREDIT,2026-08-21 20:12:50,Hyderabad
TXN202603072,ACC1025,1173.71,DEBIT,2026-08-21 20:13:20,Hyderabad
TXN202603073,ACC1023,14427.66,CREDIT,2026-08-21 20:13:50,Mumbai
TXN202603074,ACC1010,7367.97,CREDIT,2026-08-21 20:14:20,Hyderabad
TXN202603075,ACC1012,3029.37,CREDIT,2026-08-21 20:14:50,Hyderabad
TXN202603076,ACC1023,7386.18,DEBIT,2026-08-21 20:15:20,Mumbai
TXN202603077,ACC1016,12080.86,DEBIT,2026-08-21 20:15:50,Bangalore
TXN202603078,ACC1042,41657.51,DEBIT,2026-08-21 20:16:20,Bangalore
TXN202603079,ACC1012,36704.43,TRANSFER,2026-08-21 20:16:50,Bangalore
TXN202603080,ACC1001,29849.65,CREDIT,2026-08-21 20:17:20,Chennai
TXN202603081,ACC1019,5842.86,CREDIT,2026-08-21 20:17:50,Chennai
TXN202603082,ACC1046,14580.31,CREDIT,2026-08-21 20:18:20,Delhi
TXN202603083,ACC1016,46705.21,TRANSFER,2026-08-21 20:18:50,Bangalore
TXN202603084,ACC1005,11754.56,TRANSFER,2026-08-21 20:19:20,Chennai
TXN202603085,ACC1019,35734.81,CREDIT,2026-08-21 20:19:50,Chennai
TXN202603086,ACC1028,14354.97,CREDIT,2026-08-21 20:20:20,Bangalore
TXN202603087,ACC1021,32134.1,DEBIT,2026-08-21 20:20:50,Chennai
TXN202603088,ACC1018,28805.12,CREDIT,2026-08-21 20:21:20,Mumbai
TXN202603089,ACC1028,8384.07,CREDIT,2026-08-21 20:21:50,Bangalore
TXN202603090,ACC1014,29525.04,CREDIT,2026-08-21 20:22:20,Delhi
TXN202603091,ACC1003,22569.31,DEBIT,2026-08-21 20:22:50,Mumbai
TXN202603092,ACC1035,9591.7,DEBIT,2026-08-21 20:23:20,Delhi
TXN202603093,ACC1048,26150.44,DEBIT,2026-08-21 20:23:50,Chennai
TXN202603094,ACC1015,18925.68,CREDIT,2026-08-21 20:24:20,Mumbai
TXN202603095,ACC1035,23646.58,CREDIT,2026-08-21 20:24:50,Bangalore
TXN202603096,ACC1042,31882.53,CREDIT,2026-08-21 20:25:20,Chennai
TXN202603097,ACC1000,38036.53,TRANSFER,2026-08-21 20:25:50,Bangalore
TXN202603098,ACC1001,2092.08,TRANSFER,2026-08-21 20:26:20,Chennai
TXN202603099,ACC1006,43350.58,DEBIT,2026-08-21 20:26:50,Chennai
TXN202603100,ACC1002,16059.33,CREDIT,2026-08-21 20:27:20,Chennai
TXN202603101,ACC1020,9267.46,DEBIT,2026-08-21 20:27:50,Chennai
TXN202603102,ACC1028,37821.28,DEBIT,2026-08-21 20:28:20,Bangalore
TXN202603103,ACC1035,3886.77,TRANSFER,2026-08-21 20:28:50,Hyderabad
TXN202603104,ACC1031,18956.46,CREDIT,2026-08-21 20:29:20,Bangalore
TXN202603105,ACC1009,31061.5,DEBIT,2026-08-21 20:29:50,Hyderabad
TXN202603106,ACC1017,14702.9,DEBIT,2026-08-21 20:30:20,Hyderabad
TXN202603107,ACC1031,46752.37,CREDIT,2026-08-21 20:30:50,Bangalore
TXN202603108,ACC1047,44390.94,DEBIT,2026-08-21 20:31:20,Chennai
TXN202603109,ACC1013,4843.44,TRANSFER,2026-08-21 20:31:50,Delhi
TXN202603110,ACC1027,9555.53,TRANSFER,2026-08-21 20:32:20,Delhi
TXN202603111,ACC1006,26708.79,TRANSFER,2026-08-21 20:32:50,Chennai
TXN202603112,ACC1027,1139.2,CREDIT,2026-08-21 20:33:20,Delhi
TXN202603113,ACC1040,25079.8,CREDIT,2026-08-21 20:33:50,Chennai
TXN202603114,ACC1011,44248.16,TRANSFER,2026-08-21 20:34:20,Hyderabad
TXN202603115,ACC1008,44345.64,TRANSFER,2026-08-21 20:34:50,Delhi
TXN202603116,ACC1031,18213.17,CREDIT,2026-08-21 20:35:20,Hyderabad
TXN202603117,ACC1007,466.34,DEBIT,2026-08-21 20:35:50,Hyderabad
TXN202603118,ACC1016,3996.04,CREDIT,2026-08-21 20:36:20,Bangalore
TXN202603119,ACC1042,27703.03,CREDIT,2026-08-21 20:36:50,Bangalore
TXN202603120,ACC1032,38676.39,CREDIT,2026-08-21 20:37:20,Chennai
TXN202603121,ACC1045,19300.58,TRANSFER,2026-08-21 20:37:50,Hyderabad
TXN202603122,ACC1049,13811.41,DEBIT,2026-08-21 20:38:20,Delhi
TXN202603123,ACC1001,41964.15,TRANSFER,2026-08-21 20:38:50,Mumbai
TXN202603124,ACC1009,48942.97,DEBIT,2026-08-21 20:39:20,Bangalore
TXN202603125,ACC1035,39294.89,TRANSFER,2026-08-21 20:39:50,Hyderabad
TXN202603126,ACC1014,34662.5,CREDIT,2026-08-21 20:40:20,Delhi
TXN202603127,ACC1043,40924.09,TRANSFER,2026-08-21 20:40:50,Delhi
TXN202603128,ACC1012,8033.25,DEBIT,2026-08-21 20:41:20,Bangalore
TXN202603129,ACC1048,48716.67,CREDIT,2026-08-21 20:41:50,Bangalore
TXN202603130,ACC1005,40467.37,CREDIT,2026-08-21 20:42:20,Hyderabad
TXN202603131,ACC1048,2991.54,TRANSFER,2026-08-21 20:42:50,Hyderabad
TXN202603132,ACC1048,34251.37,CREDIT,2026-08-21 20:43:20,Delhi
TXN202603133,ACC1045,11123.04,DEBIT,2026-08-21 20:43:50,Chennai
TXN202603134,ACC1009,1395.65,CREDIT,2026-08-21 20:44:20,Mumbai
TXN202603135,ACC1048,29660.0,CREDIT,2026-08-21 20:44:50,Chennai
TXN202603136,ACC1045,25621.27,TRANSFER,2026-08-21 20:45:20,Mumbai
TXN202603137,ACC1031,34220.8,TRANSFER,2026-08-21 20:45:50,Mumbai
TXN202603138,ACC1016,45520.35,CREDIT,2026-08-21 20:46:20,Hyderabad
TXN202603139,ACC1020,6965.54,DEBIT,2026-08-21 20:46:50,Chennai
TXN202603140,ACC1010,6149.11,DEBIT,2026-08-21 20:47:20,Hyderabad
TXN202603141,ACC1049,31641.65,DEBIT,2026-08-21 20:47:50,Delhi
TXN202603142,ACC1039,34476.77,DEBIT,2026-08-21 20:48:20,Delhi
TXN202603143,ACC1036,14659.15,DEBIT,2026-08-21 20:48:50,Bangalore
TXN202603144,ACC1026,15385.62,DEBIT,2026-08-21 20:49:20,Hyderabad
TXN202603145,ACC1001,1479.28,CREDIT,2026-08-21 20:49:50,Delhi
TXN202603146,ACC1020,26626.49,CREDIT,2026-08-21 20:50:20,Mumbai
TXN202603147,ACC1013,39458.24,TRANSFER,2026-08-21 20:50:50,Mumbai
TXN202603148,ACC1045,18711.75,DEBIT,2026-08-21 20:51:20,Hyderabad
TXN202603149,ACC1034,7786.47,TRANSFER,2026-08-21 20:51:50,Delhi
TXN202603150,ACC1033,36035.47,DEBIT,2026-08-21 20:52:20,Chennai
TXN202603151,ACC1029,28083.7,CREDIT,2026-08-21 20:52:50,Delhi
TXN202603152,ACC1025,29152.77,TRANSFER,2026-08-21 20:53:20,Hyderabad
TXN202603153,ACC1042,17350.53,DEBIT,2026-08-21 20:53:50,Chennai
TXN202603154,ACC1033,49083.74,TRANSFER,2026-08-21 20:54:20,Mumbai
TXN202603155,ACC1050,1173.63,CREDIT,2026-08-21 20:54:50,Delhi
TXN202603156,ACC1044,39267.47,TRANSFER,2026-08-21 20:55:20,Bangalore
TXN202603157,ACC1019,8682.52,CREDIT,2026-08-21 20:55:50,Chennai
TXN202603158,ACC1009,41204.81,TRANSFER,2026-08-21 20:56:20,Delhi
TXN202603159,ACC1024,22785.63,CREDIT,2026-08-21 20:56:50,Mumbai
TXN202603160,ACC1040,42677.15,TRANSFER,2026-08-21 20:57:20,Bangalore
TXN202603161,ACC1036,26832.04,CREDIT,2026-08-21 20:57:50,Hyderabad
TXN202603162,ACC1008,10188.25,CREDIT,2026-08-21 20:58:20,Bangalore
TXN202603163,ACC1034,35648.94,CREDIT,2026-08-21 20:58:50,Mumbai
TXN202603164,ACC1008,32503.02,TRANSFER,2026-08-21 20:59:20,Chennai
TXN202603165,ACC1024,1845.68,TRANSFER,2026-08-21 20:59:50,Delhi
TXN202603166,ACC1010,15497.54,DEBIT,2026-08-21 21:00:20,Delhi
TXN202603167,ACC1050,29297.8,CREDIT,2026-08-21 21:00:50,Bangalore
TXN202603168,ACC1023,15941.31,DEBIT,2026-08-21 21:01:20,Chennai
TXN202603169,ACC1014,42882.4,DEBIT,2026-08-21 21:01:50,Chennai
TXN202603170,ACC1034,28570.39,TRANSFER,2026-08-21 21:02:20,Chennai
TXN202603171,ACC1039,2037.6,DEBIT,2026-08-21 21:02:50,Bangalore
TXN202603172,ACC1016,33202.04,DEBIT,2026-08-21 21:03:20,Mumbai
TXN202603173,ACC1045,47909.93,TRANSFER,2026-08-21 21:03:50,Hyderabad
TXN202603174,ACC1041,6789.89,TRANSFER,2026-08-21 21:04:20,Delhi
TXN202603175,ACC1019,12572.21,TRANSFER,2026-08-21 21:04:50,Mumbai
TXN202603176,ACC1012,41384.36,TRANSFER,2026-08-21 21:05:20,Hyderabad
TXN202603177,ACC1006,42139.59,TRANSFER,2026-08-21 21:05:50,Delhi
TXN202603178,ACC1024,32977.1,TRANSFER,2026-08-21 21:06:20,Chennai
TXN202603179,ACC1023,47613.12,CREDIT,2026-08-21 21:06:50,Mumbai
TXN202603180,ACC1015,11040.83,CREDIT,2026-08-21 21:07:20,Delhi
TXN202603181,ACC1022,38649.55,DEBIT,2026-08-21 21:07:50,Bangalore
TXN202603182,ACC1015,11797.68,CREDIT,2026-08-21 21:08:20,Delhi
TXN202603183,ACC1037,16955.97,CREDIT,2026-08-21 21:08:50,Mumbai
TXN202603184,ACC1012,29353.31,TRANSFER,2026-08-21 21:09:20,Mumbai
TXN202603185,ACC1046,9089.07,TRANSFER,2026-08-21 21:09:50,Chennai
TXN202603186,ACC1033,7068.27,TRANSFER,2026-08-21 21:10:20,Mumbai
TXN202603187,ACC1017,40409.33,DEBIT,2026-08-21 21:10:50,Hyderabad
TXN202603188,ACC1031,30419.84,TRANSFER,2026-08-21 21:11:20,Delhi
TXN202603189,ACC1005,36713.46,CREDIT,2026-08-21 21:11:50,Mumbai
TXN202603190,ACC1028,13868.09,DEBIT,2026-08-21 21:12:20,Delhi
TXN202603191,ACC1008,2772.68,TRANSFER,2026-08-21 21:12:50,Chennai
TXN202603192,ACC1050,9119.69,DEBIT,2026-08-21 21:13:20,Mumbai
TXN202603193,ACC1035,7553.29,DEBIT,2026-08-21 21:13:50,Delhi
TXN202603194,ACC1049,3210.89,DEBIT,2026-08-21 21:14:20,Delhi
TXN202603195,ACC1029,3923.03,TRANSFER,2026-08-21 21:14:50,Bangalore
TXN202603196,ACC1025,32786.86,CREDIT,2026-08-21 21:15:20,Hyderabad
TXN202603197,ACC1028,41611.45,CREDIT,2026-08-21 21:15:50,Hyderabad
TXN202603198,ACC1026,45002.43,CREDIT,2026-08-21 21:16:20,Mumbai
TXN202603199,ACC1043,41669.84,DEBIT,2026-08-21 21:16:50,Mumbai
TXN202603200,ACC1030,5733.91,CREDIT,2026-08-21 21:17:20,Mumbai
TXN202603201,ACC1019,5682.48,CREDIT,2026-08-21 21:17:50,Mumbai
TXN202603202,ACC1001,19392.34,TRANSFER,2026-08-21 21:18:20,Hyderabad
TXN202603203,ACC1023,34597.34,DEBIT,2026-08-21 21:18:50,Hyderabad
TXN202603204,ACC1022,1438.33,DEBIT,2026-08-21 21:19:20,Chennai
TXN202603205,ACC1042,18907.84,CREDIT,2026-08-21 21:19:50,Bangalore
TXN202603206,ACC1030,34320.19,CREDIT,2026-08-21 21:20:20,Delhi
TXN202603207,ACC1035,37078.27,CREDIT,2026-08-21 21:20:50,Delhi
TXN202603208,ACC1010,24805.89,CREDIT,2026-08-21 21:21:20,Delhi
TXN202603209,ACC1027,7635.14,DEBIT,2026-08-21 21:21:50,Chennai
TXN202603210,ACC1028,48397.48,DEBIT,2026-08-21 21:22:20,Bangalore
TXN202603211,ACC1025,5183.49,DEBIT,2026-08-21 21:22:50,Hyderabad
TXN202603212,ACC1000,37936.77,DEBIT,2026-08-21 21:23:20,Delhi
TXN202603213,ACC1043,20229.36,TRANSFER,2026-08-21 21:23:50,Chennai
TXN202603214,ACC1031,47844.14,CREDIT,2026-08-21 21:24:20,Mumbai
TXN202603215,ACC1003,32945.45,DEBIT,2026-08-21 21:24:50,Mumbai
TXN202603216,ACC1019,16994.99,CREDIT,2026-08-21 21:25:20,Bangalore
TXN202603217,ACC1018,489.54,CREDIT,2026-08-21 21:25:50,Chennai
TXN202603218,ACC1026,45401.86,DEBIT,2026-08-21 21:26:20,Hyderabad
TXN202603219,ACC1045,23664.68,TRANSFER,2026-08-21 21:26:50,Delhi
TXN202603220,ACC1029,17867.57,CREDIT,2026-08-21 21:27:20,Hyderabad
TXN202603221,ACC1036,47661.72,DEBIT,2026-08-21 21:27:50,Delhi
TXN202603222,ACC1041,16902.25,CREDIT,2026-08-21 21:28:20,Delhi
TXN202603223,ACC1019,39877.32,DEBIT,2026-08-21 21:28:50,Mumbai
TXN202603224,ACC1013,15901.59,TRANSFER,2026-08-21 21:29:20,Delhi
TXN202603225,ACC1010,21698.0,TRANSFER,2026-08-21 21:29:50,Bangalore
TXN202603226,ACC1030,47768.3,CREDIT,2026-08-21 21:30:20,Mumbai
TXN202603227,ACC1021,3207.85,CREDIT,2026-08-21 21:30:50,Chennai
TXN202603228,ACC1012,44208.82,CREDIT,2026-08-21 21:31:20,Bangalore
TXN202603229,ACC1011,15847.25,TRANSFER,2026-08-21 21:31:50,Delhi
TXN202603230,ACC1050,167.86,DEBIT,2026-08-21 21:32:20,Mumbai
TXN202603231,ACC1048,49474.18,TRANSFER,2026-08-21 21:32:50,Bangalore
TXN202603232,ACC1029,49360.4,CREDIT,2026-08-21 21:33:20,Hyderabad
TXN202603233,ACC1015,12749.8,DEBIT,2026-08-21 21:33:50,Mumbai
TXN202603234,ACC1002,38234.07,TRANSFER,2026-08-21 21:34:20,Mumbai
TXN202603235,ACC1031,8848.76,DEBIT,2026-08-21 21:34:50,Bangalore
TXN202603236,ACC1036,1610.28,TRANSFER,2026-08-21 21:35:20,Chennai
TXN202603237,ACC1014,8797.44,TRANSFER,2026-08-21 21:35:50,Bangalore
TXN202603238,ACC1046,23130.93,TRANSFER,2026-08-21 21:36:20,Hyderabad
TXN202603239,ACC1038,23797.93,CREDIT,2026-08-21 21:36:50,Mumbai
TXN202603240,ACC1015,9697.32,CREDIT,2026-08-21 21:37:20,Hyderabad
TXN202603241,ACC1011,46362.93,TRANSFER,2026-08-21 21:37:50,Bangalore
TXN202603242,ACC1000,8824.81,CREDIT,2026-08-21 21:38:20,Chennai
TXN202603243,ACC1018,34275.2,TRANSFER,2026-08-21 21:38:50,Hyderabad
TXN202603244,ACC1008,48931.58,CREDIT,2026-08-21 21:39:20,Hyderabad
TXN202603245,ACC1048,24594.17,TRANSFER,2026-08-21 21:39:50,Bangalore
TXN202603246,ACC1035,45467.83,TRANSFER,2026-08-21 21:40:20,Delhi
TXN202603247,ACC1032,41556.41,CREDIT,2026-08-21 21:40:50,Delhi
TXN202603248,ACC1012,19320.94,DEBIT,2026-08-21 21:41:20,Mumbai
TXN202603249,ACC1024,40791.79,DEBIT,2026-08-21 21:41:50,Mumbai
TXN202603250,ACC1045,5221.78,TRANSFER,2026-08-21 21:42:20,Bangalore
TXN202603251,ACC1009,35605.43,TRANSFER,2026-08-21 21:42:50,Delhi
TXN202603252,ACC1010,41897.82,CREDIT,2026-08-21 21:43:20,Mumbai
TXN202603253,ACC1004,18921.61,CREDIT,2026-08-21 21:43:50,Hyderabad
TXN202603254,ACC1040,14808.61,DEBIT,2026-08-21 21:44:20,Chennai
TXN202603255,ACC1006,36175.34,DEBIT,2026-08-21 21:44:50,Delhi
TXN202603256,ACC1010,19034.94,CREDIT,2026-08-21 21:45:20,Delhi
TXN202603257,ACC1048,47089.91,TRANSFER,2026-08-21 21:45:50,Mumbai
TXN202603258,ACC1042,14914.06,DEBIT,2026-08-21 21:46:20,Mumbai
TXN202603259,ACC1021,33740.39,TRANSFER,2026-08-21 21:46:50,Chennai
TXN202603260,ACC1018,4484.58,DEBIT,2026-08-21 21:47:20,Bangalore
TXN202603261,ACC1028,19874.96,DEBIT,2026-08-21 21:47:50,Bangalore
TXN202603262,ACC1030,14252.94,CREDIT,2026-08-21 21:48:20,Chennai
TXN202603263,ACC1017,18224.74,DEBIT,2026-08-21 21:48:50,Bangalore
TXN202603264,ACC1024,31281.14,DEBIT,2026-08-21 21:49:20,Chennai
TXN202603265,ACC1038,10925.72,DEBIT,2026-08-21 21:49:50,Hyderabad
TXN202603266,ACC1037,9980.15,CREDIT,2026-08-21 21:50:20,Chennai
TXN202603267,ACC1017,45009.27,CREDIT,2026-08-21 21:50:50,Chennai
TXN202603268,ACC1022,16296.97,TRANSFER,2026-08-21 21:51:20,Hyderabad
TXN202603269,ACC1027,10164.93,TRANSFER,2026-08-21 21:51:50,Chennai
TXN202603270,ACC1047,46131.5,DEBIT,2026-08-21 21:52:20,Hyderabad
TXN202603271,ACC1030,2722.82,TRANSFER,2026-08-21 21:52:50,Bangalore
TXN202603272,ACC1009,31565.57,DEBIT,2026-08-21 21:53:20,Hyderabad
TXN202603273,ACC1034,33902.93,TRANSFER,2026-08-21 21:53:50,Hyderabad
TXN202603274,ACC1021,10895.78,TRANSFER,2026-08-21 21:54:20,Mumbai
TXN202603275,ACC1043,28448.07,TRANSFER,2026-08-21 21:54:50,Bangalore
TXN202603276,ACC1046,38140.76,CREDIT,2026-08-21 21:55:20,Chennai
TXN202603277,ACC1047,44674.96,TRANSFER,2026-08-21 21:55:50,Delhi
TXN202603278,ACC1046,24748.08,DEBIT,2026-08-21 21:56:20,Hyderabad
TXN202603279,ACC1009,32239.71,DEBIT,2026-08-21 21:56:50,Bangalore
TXN202603280,ACC1019,45865.28,TRANSFER,2026-08-21 21:57:20,Chennai
TXN202603281,ACC1027,8980.1,TRANSFER,2026-08-21 21:57:50,Chennai
TXN202603282,ACC1024,124.35,CREDIT,2026-08-21 21:58:20,Mumbai
TXN202603283,ACC1041,20316.72,DEBIT,2026-08-21 21:58:50,Chennai
TXN202603284,ACC1024,46783.38,CREDIT,2026-08-21 21:59:20,Bangalore
TXN202603285,ACC1046,36156.36,CREDIT,2026-08-21 21:59:50,Bangalore
TXN202603286,ACC1034,38301.11,CREDIT,2026-08-21 22:00:20,Bangalore
TXN202603287,ACC1044,33137.63,DEBIT,2026-08-21 22:00:50,Chennai
TXN202603288,ACC1010,43342.48,DEBIT,2026-08-21 22:01:20,Delhi
TXN202603289,ACC1027,44770.44,DEBIT,2026-08-21 22:01:50,Bangalore
TXN202603290,ACC1025,35453.32,DEBIT,2026-08-21 22:02:20,Chennai
TXN202603291,ACC1009,43277.87,DEBIT,2026-08-21 22:02:50,Chennai
TXN202603292,ACC1044,3479.17,TRANSFER,2026-08-21 22:03:20,Chennai
TXN202603293,ACC1041,48666.61,TRANSFER,2026-08-21 22:03:50,Hyderabad
TXN202603294,ACC1023,1838.75,DEBIT,2026-08-21 22:04:20,Hyderabad
TXN202603295,ACC1023,20923.9,TRANSFER,2026-08-21 22:04:50,Hyderabad
TXN202603296,ACC1019,35254.94,CREDIT,2026-08-21 22:05:20,Delhi
TXN202603297,ACC1032,46979.13,DEBIT,2026-08-21 22:05:50,Bangalore
TXN202603298,ACC1016,28164.63,DEBIT,2026-08-21 22:06:20,Mumbai
TXN202603299,ACC1004,8027.41,TRANSFER,2026-08-21 22:06:50,Bangalore
TXN202603300,ACC1036,15238.0,TRANSFER,2026-08-21 22:07:20,Delhi
TXN202603301,ACC1017,32187.91,DEBIT,2026-08-21 22:07:50,Delhi
TXN202603302,ACC1012,24934.63,DEBIT,2026-08-21 22:08:20,Mumbai
TXN202603303,ACC1023,7946.82,CREDIT,2026-08-21 22:08:50,Hyderabad
TXN202603304,ACC1030,4755.6,TRANSFER,2026-08-21 22:09:20,Hyderabad
TXN202603305,ACC1045,26090.21,CREDIT,2026-08-21 22:09:50,Delhi
TXN202603306,ACC1021,20000.88,CREDIT,2026-08-21 22:10:20,Delhi
TXN202603307,ACC1021,44144.91,TRANSFER,2026-08-21 22:10:50,Bangalore
TXN202603308,ACC1048,21051.79,CREDIT,2026-08-21 22:11:20,Chennai
TXN202603309,ACC1027,46764.22,TRANSFER,2026-08-21 22:11:50,Delhi
TXN202603310,ACC1003,24214.4,TRANSFER,2026-08-21 22:12:20,Delhi
TXN202603311,ACC1001,17515.37,DEBIT,2026-08-21 22:12:50,Delhi
TXN202603312,ACC1020,31762.81,DEBIT,2026-08-21 22:13:20,Chennai
TXN202603313,ACC1048,40130.44,TRANSFER,2026-08-21 22:13:50,Chennai
TXN202603314,ACC1050,36196.11,DEBIT,2026-08-21 22:14:20,Delhi
TXN202603315,ACC1050,30765.87,CREDIT,2026-08-21 22:14:50,Hyderabad
TXN202603316,ACC1000,15164.82,TRANSFER,2026-08-21 22:15:20,Chennai
TXN202603317,ACC1047,28308.25,DEBIT,2026-08-21 22:15:50,Hyderabad
TXN202603318,ACC1011,8307.36,DEBIT,2026-08-21 22:16:20,Delhi
TXN202603319,ACC1045,6042.25,CREDIT,2026-08-21 22:16:50,Mumbai
TXN202603320,ACC1008,25259.9,CREDIT,2026-08-21 22:17:20,Delhi
TXN202603321,ACC1045,23045.33,DEBIT,2026-08-21 22:17:50,Chennai
TXN202603322,ACC1009,49739.29,DEBIT,2026-08-21 22:18:20,Bangalore
TXN202603323,ACC1035,33127.81,TRANSFER,2026-08-21 22:18:50,Hyderabad
TXN202603324,ACC1018,36599.09,DEBIT,2026-08-21 22:19:20,Bangalore
TXN202603325,ACC1019,11110.68,CREDIT,2026-08-21 22:19:50,Delhi
TXN202603326,ACC1005,32184.59,DEBIT,2026-08-21 22:20:20,Bangalore
TXN202603327,ACC1045,45255.93,CREDIT,2026-08-21 22:20:50,Mumbai
TXN202603328,ACC1026,37210.36,TRANSFER,2026-08-21 22:21:20,Delhi
TXN202603329,ACC1020,10521.3,DEBIT,2026-08-21 22:21:50,Hyderabad
TXN202603330,ACC1019,42544.18,TRANSFER,2026-08-21 22:22:20,Delhi
TXN202603331,ACC1049,32877.63,DEBIT,2026-08-21 22:22:50,Bangalore
TXN202603332,ACC1025,29309.78,DEBIT,2026-08-21 22:23:20,Bangalore
TXN202603333,ACC1020,12767.2,TRANSFER,2026-08-21 22:23:50,Delhi
TXN202603334,ACC1022,47183.93,DEBIT,2026-08-21 22:24:20,Hyderabad
TXN202603335,ACC1001,1911.65,DEBIT,2026-08-21 22:24:50,Mumbai
TXN202603336,ACC1025,35334.69,DEBIT,2026-08-21 22:25:20,Bangalore
TXN202603337,ACC1024,24609.65,TRANSFER,2026-08-21 22:25:50,Chennai
TXN202603338,ACC1041,4042.16,TRANSFER,2026-08-21 22:26:20,Bangalore
TXN202603339,ACC1025,15748.61,CREDIT,2026-08-21 22:26:50,Hyderabad
TXN202603340,ACC1014,2588.16,TRANSFER,2026-08-21 22:27:20,Chennai
TXN202603341,ACC1037,9033.15,DEBIT,2026-08-21 22:27:50,Mumbai
TXN202603342,ACC1035,6924.47,CREDIT,2026-08-21 22:28:20,Mumbai
TXN202603343,ACC1050,16188.24,DEBIT,2026-08-21 22:28:50,Mumbai
TXN202603344,ACC1034,24563.65,TRANSFER,2026-08-21 22:29:20,Mumbai
TXN202603345,ACC1039,19898.43,TRANSFER,2026-08-21 22:29:50,Delhi
TXN202603346,ACC1027,20733.78,CREDIT,2026-08-21 22:30:20,Hyderabad
TXN202603347,ACC1015,27460.57,CREDIT,2026-08-21 22:30:50,Hyderabad
TXN202603348,ACC1029,37000.09,CREDIT,2026-08-21 22:31:20,Chennai
TXN202603349,ACC1019,28142.62,DEBIT,2026-08-21 22:31:50,Delhi
TXN202603350,ACC1039,48963.73,CREDIT,2026-08-21 22:32:20,Mumbai
TXN202603351,ACC1035,38524.75,CREDIT,2026-08-21 22:32:50,Bangalore
TXN202603352,ACC1002,48436.9,DEBIT,2026-08-21 22:33:20,Hyderabad
TXN202603353,ACC1030,30141.89,TRANSFER,2026-08-21 22:33:50,Bangalore
TXN202603354,ACC1003,24999.33,DEBIT,2026-08-21 22:34:20,Hyderabad
TXN202603355,ACC1010,40666.75,TRANSFER,2026-08-21 22:34:50,Hyderabad
TXN202603356,ACC1027,37866.9,TRANSFER,2026-08-21 22:35:20,Hyderabad
TXN202603357,ACC1034,34419.71,TRANSFER,2026-08-21 22:35:50,Bangalore
TXN202603358,ACC1018,29865.64,TRANSFER,2026-08-21 22:36:20,Mumbai
TXN202603359,ACC1010,16186.53,CREDIT,2026-08-21 22:36:50,Bangalore
TXN202603360,ACC1023,38563.27,TRANSFER,2026-08-21 22:37:20,Hyderabad
TXN202603361,ACC1011,30873.29,CREDIT,2026-08-21 22:37:50,Chennai
TXN202603362,ACC1041,41782.95,TRANSFER,2026-08-21 22:38:20,Hyderabad
TXN202603363,ACC1006,29494.04,TRANSFER,2026-08-21 22:38:50,Mumbai
TXN202603364,ACC1011,888.31,CREDIT,2026-08-21 22:39:20,Chennai
TXN202603365,ACC1039,16148.58,DEBIT,2026-08-21 22:39:50,Bangalore
TXN202603366,ACC1046,4168.9,TRANSFER,2026-08-21 22:40:20,Delhi
TXN202603367,ACC1008,47078.83,DEBIT,2026-08-21 22:40:50,Delhi
TXN202603368,ACC1013,793.93,DEBIT,2026-08-21 22:41:20,Delhi
TXN202603369,ACC1031,39368.03,DEBIT,2026-08-21 22:41:50,Delhi
TXN202603370,ACC1019,45197.22,DEBIT,2026-08-21 22:42:20,Chennai
TXN202603371,ACC1020,17061.38,CREDIT,2026-08-21 22:42:50,Delhi
TXN202603372,ACC1041,16737.28,DEBIT,2026-08-21 22:43:20,Bangalore
TXN202603373,ACC1007,45161.53,TRANSFER,2026-08-21 22:43:50,Hyderabad
TXN202603374,ACC1033,28371.75,DEBIT,2026-08-21 22:44:20,Delhi
TXN202603375,ACC1018,7460.54,TRANSFER,2026-08-21 22:44:50,Delhi
TXN202603376,ACC1026,18282.5,DEBIT,2026-08-21 22:45:20,Bangalore
TXN202603377,ACC1018,9658.01,CREDIT,2026-08-21 22:45:50,Mumbai
TXN202603378,ACC1028,18649.7,DEBIT,2026-08-21 22:46:20,Mumbai
TXN202603379,ACC1021,41370.58,DEBIT,2026-08-21 22:46:50,Delhi
TXN202603380,ACC1019,49289.18,DEBIT,2026-08-21 22:47:20,Mumbai
TXN202603381,ACC1021,48648.6,DEBIT,2026-08-21 22:47:50,Chennai
TXN202603382,ACC1003,14479.98,CREDIT,2026-08-21 22:48:20,Delhi
TXN202603383,ACC1050,46682.23,TRANSFER,2026-08-21 22:48:50,Hyderabad
TXN202603384,ACC1032,35000.25,TRANSFER,2026-08-21 22:49:20,Hyderabad
TXN202603385,ACC1031,9514.8,TRANSFER,2026-08-21 22:49:50,Hyderabad
TXN202603386,ACC1031,17061.27,TRANSFER,2026-08-21 22:50:20,Mumbai
TXN202603387,ACC1023,48005.19,CREDIT,2026-08-21 22:50:50,Mumbai
TXN202603388,ACC1016,10317.23,CREDIT,2026-08-21 22:51:20,Chennai
TXN202603389,ACC1048,2370.56,CREDIT,2026-08-21 22:51:50,Chennai
TXN202603390,ACC1010,38907.07,DEBIT,2026-08-21 22:52:20,Hyderabad
TXN202603391,ACC1009,5395.89,DEBIT,2026-08-21 22:52:50,Chennai
TXN202603392,ACC1021,8065.38,CREDIT,2026-08-21 22:53:20,Delhi
TXN202603393,ACC1050,6593.97,CREDIT,2026-08-21 22:53:50,Delhi
TXN202603394,ACC1030,28307.87,DEBIT,2026-08-21 22:54:20,Hyderabad
TXN202603395,ACC1010,42273.71,CREDIT,2026-08-21 22:54:50,Chennai
TXN202603396,ACC1039,12645.71,TRANSFER,2026-08-21 22:55:20,Hyderabad
TXN202603397,ACC1033,34975.12,TRANSFER,2026-08-21 22:55:50,Mumbai
TXN202603398,ACC1048,12211.7,TRANSFER,2026-08-21 22:56:20,Mumbai
TXN202603399,ACC1049,38926.59,TRANSFER,2026-08-21 22:56:50,Chennai
TXN202603400,ACC1032,49167.54,DEBIT,2026-08-21 22:57:20,Hyderabad
TXN202603401,ACC1013,31060.85,DEBIT,2026-08-21 22:57:50,Mumbai
TXN202603402,ACC1000,11381.19,CREDIT,2026-08-21 22:58:20,Hyderabad
TXN202603403,ACC1012,27382.24,TRANSFER,2026-08-21 22:58:50,Mumbai
TXN202603404,ACC1022,1978.93,DEBIT,2026-08-21 22:59:20,Delhi
TXN202603405,ACC1048,8195.96,TRANSFER,2026-08-21 22:59:50,Bangalore
TXN202603406,ACC1036,22283.77,DEBIT,2026-08-21 23:00:20,Mumbai
TXN202603407,ACC1039,19369.86,TRANSFER,2026-08-21 23:00:50,Chennai
TXN202603408,ACC1025,3358.06,DEBIT,2026-08-21 23:01:20,Hyderabad
TXN202603409,ACC1050,24565.31,TRANSFER,2026-08-21 23:01:50,Hyderabad
TXN202603410,ACC1019,2259.18,DEBIT,2026-08-21 23:02:20,Chennai
TXN202603411,ACC1034,1552.76,TRANSFER,2026-08-21 23:02:50,Mumbai
TXN202603412,ACC1011,12635.36,CREDIT,2026-08-21 23:03:20,Mumbai
TXN202603413,ACC1034,35477.64,DEBIT,2026-08-21 23:03:50,Delhi
TXN202603414,ACC1040,23932.76,CREDIT,2026-08-21 23:04:20,Hyderabad
TXN202603415,ACC1000,45861.87,CREDIT,2026-08-21 23:04:50,Bangalore
TXN202603416,ACC1020,27459.88,TRANSFER,2026-08-21 23:05:20,Hyderabad
TXN202603417,ACC1041,15529.42,TRANSFER,2026-08-21 23:05:50,Bangalore
TXN202603418,ACC1028,28732.13,DEBIT,2026-08-21 23:06:20,Mumbai
TXN202603419,ACC1040,44464.4,TRANSFER,2026-08-21 23:06:50,Hyderabad
TXN202603420,ACC1017,7247.1,DEBIT,2026-08-21 23:07:20,Hyderabad
TXN202603421,ACC1017,44434.4,TRANSFER,2026-08-21 23:07:50,Mumbai
TXN202603422,ACC1029,28290.58,DEBIT,2026-08-21 23:08:20,Mumbai
TXN202603423,ACC1027,21050.63,TRANSFER,2026-08-21 23:08:50,Mumbai
TXN202603424,ACC1019,41931.94,CREDIT,2026-08-21 23:09:20,Mumbai
TXN202603425,ACC1023,26695.89,TRANSFER,2026-08-21 23:09:50,Delhi
TXN202603426,ACC1045,43558.41,CREDIT,2026-08-21 23:10:20,Delhi
TXN202603427,ACC1034,4222.83,CREDIT,2026-08-21 23:10:50,Delhi
TXN202603428,ACC1009,30519.33,CREDIT,2026-08-21 23:11:20,Chennai
TXN202603429,ACC1028,30458.57,CREDIT,2026-08-21 23:11:50,Mumbai
TXN202603430,ACC1006,11061.78,TRANSFER,2026-08-21 23:12:20,Chennai
TXN202603431,ACC1040,35056.64,DEBIT,2026-08-21 23:12:50,Hyderabad
TXN202603432,ACC1036,38448.87,CREDIT,2026-08-21 23:13:20,Mumbai
TXN202603433,ACC1005,34453.6,TRANSFER,2026-08-21 23:13:50,Delhi
TXN202603434,ACC1042,25044.34,DEBIT,2026-08-21 23:14:20,Mumbai
TXN202603435,ACC1043,48658.87,DEBIT,2026-08-21 23:14:50,Hyderabad
TXN202603436,ACC1013,30589.4,DEBIT,2026-08-21 23:15:20,Bangalore
TXN202603437,ACC1046,44915.56,TRANSFER,2026-08-21 23:15:50,Delhi
TXN202603438,ACC1014,2589.08,CREDIT,2026-08-21 23:16:20,Hyderabad
TXN202603439,ACC1044,27714.02,DEBIT,2026-08-21 23:16:50,Chennai
TXN202603440,ACC1043,40503.13,CREDIT,2026-08-21 23:17:20,Delhi
TXN202603441,ACC1043,25468.95,CREDIT,2026-08-21 23:17:50,Delhi
TXN202603442,ACC1016,10196.52,DEBIT,2026-08-21 23:18:20,Hyderabad
TXN202603443,ACC1002,24771.46,TRANSFER,2026-08-21 23:18:50,Bangalore
TXN202603444,ACC1008,21227.41,TRANSFER,2026-08-21 23:19:20,Hyderabad
TXN202603445,ACC1049,18792.24,DEBIT,2026-08-21 23:19:50,Mumbai
TXN202603446,ACC1046,47924.32,TRANSFER,2026-08-21 23:20:20,Hyderabad
TXN202603447,ACC1021,2018.95,CREDIT,2026-08-21 23:20:50,Mumbai
TXN202603448,ACC1021,33200.79,CREDIT,2026-08-21 23:21:20,Bangalore
TXN202603449,ACC1048,33728.57,CREDIT,2026-08-21 23:21:50,Delhi
TXN202603450,ACC1007,41017.17,TRANSFER,2026-08-21 23:22:20,Bangalore
TXN202603451,ACC1021,22190.33,TRANSFER,2026-08-21 23:22:50,Delhi
TXN202603452,ACC1038,36576.03,CREDIT,2026-08-21 23:23:20,Hyderabad
TXN202603453,ACC1005,28937.87,CREDIT,2026-08-21 23:23:50,Hyderabad
TXN202603454,ACC1044,21130.77,CREDIT,2026-08-21 23:24:20,Delhi
TXN202603455,ACC1019,33326.63,TRANSFER,2026-08-21 23:24:50,Mumbai
TXN202603456,ACC1001,39002.76,DEBIT,2026-08-21 23:25:20,Delhi
TXN202603457,ACC1015,25149.29,DEBIT,2026-08-21 23:25:50,Mumbai
TXN202603458,ACC1050,23493.62,CREDIT,2026-08-21 23:26:20,Hyderabad
TXN202603459,ACC1014,34816.28,TRANSFER,2026-08-21 23:26:50,Chennai
TXN202603460,ACC1032,728.93,TRANSFER,2026-08-21 23:27:20,Bangalore
TXN202603461,ACC1045,6786.0,DEBIT,2026-08-21 23:27:50,Chennai
TXN202603462,ACC1039,15901.0,TRANSFER,2026-08-21 23:28:20,Delhi
TXN202603463,ACC1028,25100.25,DEBIT,2026-08-21 23:28:50,Delhi
TXN202603464,ACC1015,39464.03,CREDIT,2026-08-21 23:29:20,Chennai
TXN202603465,ACC1013,13289.5,DEBIT,2026-08-21 23:29:50,Hyderabad
TXN202603466,ACC1004,20655.69,DEBIT,2026-08-21 23:30:20,Bangalore
TXN202603467,ACC1033,7330.77,DEBIT,2026-08-21 23:30:50,Chennai
TXN202603468,ACC1036,28657.74,TRANSFER,2026-08-21 23:31:20,Hyderabad
TXN202603469,ACC1008,9682.68,DEBIT,2026-08-21 23:31:50,Hyderabad
TXN202603470,ACC1050,17940.78,TRANSFER,2026-08-21 23:32:20,Hyderabad
TXN202603471,ACC1021,775.26,DEBIT,2026-08-21 23:32:50,Bangalore
TXN202603472,ACC1024,30096.93,DEBIT,2026-08-21 23:33:20,Hyderabad
TXN202603473,ACC1007,24111.14,DEBIT,2026-08-21 23:33:50,Chennai
TXN202603474,ACC1002,47569.87,DEBIT,2026-08-21 23:34:20,Delhi
TXN202603475,ACC1029,40104.63,DEBIT,2026-08-21 23:34:50,Mumbai
TXN202603476,ACC1009,13466.26,TRANSFER,2026-08-21 23:35:20,Delhi
TXN202603477,ACC1027,34958.2,TRANSFER,2026-08-21 23:35:50,Hyderabad
TXN202603478,ACC1033,40732.98,TRANSFER,2026-08-21 23:36:20,Hyderabad
TXN202603479,ACC1031,27275.84,DEBIT,2026-08-21 23:36:50,Mumbai
TXN202603480,ACC1023,7139.99,CREDIT,2026-08-21 23:37:20,Chennai
TXN202603481,ACC1039,46920.49,CREDIT,2026-08-21 23:37:50,Hyderabad
TXN202603482,ACC1046,14677.81,TRANSFER,2026-08-21 23:38:20,Delhi
TXN202603483,ACC1040,26493.32,DEBIT,2026-08-21 23:38:50,Hyderabad
TXN202603484,ACC1050,16043.43,DEBIT,2026-08-21 23:39:20,Hyderabad
TXN202603485,ACC1030,10192.87,DEBIT,2026-08-21 23:39:50,Delhi
TXN202603486,ACC1017,46054.77,TRANSFER,2026-08-21 23:40:20,Hyderabad
TXN202603487,ACC1043,1694.73,TRANSFER,2026-08-21 23:40:50,Chennai
TXN202603488,ACC1041,17593.7,TRANSFER,2026-08-21 23:41:20,Delhi
TXN202603489,ACC1036,12113.22,DEBIT,2026-08-21 23:41:50,Mumbai
TXN202603490,ACC1014,32230.24,TRANSFER,2026-08-21 23:42:20,Bangalore
TXN202603491,ACC1036,49661.99,TRANSFER,2026-08-21 23:42:50,Chennai
TXN202603492,ACC1009,13421.86,DEBIT,2026-08-21 23:43:20,Bangalore
TXN202603493,ACC1049,13366.55,TRANSFER,2026-08-21 23:43:50,Bangalore
TXN202603494,ACC1022,15477.62,TRANSFER,2026-08-21 23:44:20,Bangalore
TXN202603495,ACC1049,33313.24,DEBIT,2026-08-21 23:44:50,Mumbai
TXN202603496,ACC1050,772.42,DEBIT,2026-08-21 23:45:20,Chennai
TXN202603497,ACC1012,15905.6,TRANSFER,2026-08-21 23:45:50,Chennai
TXN202603498,ACC1014,6636.73,TRANSFER,2026-08-21 23:46:20,Delhi
TXN202603499,ACC1036,1026.57,CREDIT,2026-08-21 23:46:50,Mumbai
TXN202603500,ACC1021,30907.45,DEBIT,2026-08-21 23:47:20,Hyderabad
TXN202603501,ACC1046,24624.18,DEBIT,2026-08-21 23:47:50,Mumbai
TXN202603502,ACC1006,1411.24,TRANSFER,2026-08-21 23:48:20,Delhi
TXN202603503,ACC1011,12215.67,CREDIT,2026-08-21 23:48:50,Delhi
TXN202603504,ACC1008,24489.3,CREDIT,2026-08-21 23:49:20,Delhi
TXN202603505,ACC1045,46161.65,CREDIT,2026-08-21 23:49:50,Delhi
TXN202603506,ACC1009,15303.71,DEBIT,2026-08-21 23:50:20,Mumbai
TXN202603507,ACC1046,41523.54,CREDIT,2026-08-21 23:50:50,Chennai
TXN202603508,ACC1031,7370.67,DEBIT,2026-08-21 23:51:20,Chennai
TXN202603509,ACC1010,3677.37,CREDIT,2026-08-21 23:51:50,Delhi
TXN202603510,ACC1047,16737.87,DEBIT,2026-08-21 23:52:20,Delhi
TXN202603511,ACC1034,33718.61,CREDIT,2026-08-21 23:52:50,Bangalore
TXN202603512,ACC1032,48130.9,DEBIT,2026-08-21 23:53:20,Chennai
TXN202603513,ACC1040,5780.86,TRANSFER,2026-08-21 23:53:50,Chennai
TXN202603514,ACC1050,5902.05,CREDIT,2026-08-21 23:54:20,Hyderabad
TXN202603515,ACC1000,1723.41,CREDIT,2026-08-21 23:54:50,Mumbai
TXN202603516,ACC1023,9383.54,DEBIT,2026-08-21 23:55:20,Delhi
TXN202603517,ACC1010,15879.35,DEBIT,2026-08-21 23:55:50,Mumbai
TXN202603518,ACC1005,21578.63,CREDIT,2026-08-21 23:56:20,Bangalore
TXN202603519,ACC1026,31439.75,CREDIT,2026-08-21 23:56:50,Bangalore
TXN202603520,ACC1037,48738.81,CREDIT,2026-08-21 23:57:20,Chennai
TXN202603521,ACC1009,26726.92,CREDIT,2026-08-21 23:57:50,Hyderabad
TXN202603522,ACC1010,38291.15,TRANSFER,2026-08-21 23:58:20,Mumbai
TXN202603523,ACC1025,33175.93,CREDIT,2026-08-21 23:58:50,Delhi
TXN202603524,ACC1044,45420.07,DEBIT,2026-08-21 23:59:20,Mumbai
TXN202603525,ACC1036,47352.03,TRANSFER,2026-08-21 23:59:50,Bangalore
TXN202603526,ACC1019,42716.28,DEBIT,2026-08-22 00:00:20,Hyderabad
TXN202603527,ACC1025,96.54,TRANSFER,2026-08-22 00:00:50,Delhi
TXN202603528,ACC1015,27427.24,CREDIT,2026-08-22 00:01:20,Mumbai
TXN202603529,ACC1029,29757.15,TRANSFER,2026-08-22 00:01:50,Mumbai
TXN202603530,ACC1048,7699.06,CREDIT,2026-08-22 00:02:20,Chennai
TXN202603531,ACC1039,15481.64,CREDIT,2026-08-22 00:02:50,Chennai
TXN202603532,ACC1023,13672.97,CREDIT,2026-08-22 00:03:20,Bangalore
TXN202603533,ACC1030,49618.55,TRANSFER,2026-08-22 00:03:50,Chennai
TXN202603534,ACC1023,4035.91,DEBIT,2026-08-22 00:04:20,Hyderabad
TXN202603535,ACC1018,37924.98,TRANSFER,2026-08-22 00:04:50,Mumbai
TXN202603536,ACC1043,45736.02,TRANSFER,2026-08-22 00:05:20,Delhi
TXN202603537,ACC1035,17802.53,DEBIT,2026-08-22 00:05:50,Mumbai
TXN202603538,ACC1015,17065.46,TRANSFER,2026-08-22 00:06:20,Delhi
TXN202603539,ACC1047,42466.82,CREDIT,2026-08-22 00:06:50,Chennai
TXN202603540,ACC1013,27757.48,DEBIT,2026-08-22 00:07:20,Mumbai
TXN202603541,ACC1020,4980.97,DEBIT,2026-08-22 00:07:50,Chennai
TXN202603542,ACC1011,27298.04,CREDIT,2026-08-22 00:08:20,Mumbai
TXN202603543,ACC1016,12246.66,DEBIT,2026-08-22 00:08:50,Mumbai
TXN202603544,ACC1022,11544.92,DEBIT,2026-08-22 00:09:20,Mumbai
TXN202603545,ACC1020,7682.77,TRANSFER,2026-08-22 00:09:50,Mumbai
TXN202603546,ACC1006,23305.36,DEBIT,2026-08-22 00:10:20,Chennai
TXN202603547,ACC1020,25505.58,TRANSFER,2026-08-22 00:10:50,Mumbai
TXN202603548,ACC1002,28887.52,DEBIT,2026-08-22 00:11:20,Bangalore
TXN202603549,ACC1022,46359.47,DEBIT,2026-08-22 00:11:50,Chennai
TXN202603550,ACC1038,2594.75,CREDIT,2026-08-22 00:12:20,Bangalore
TXN202603551,ACC1036,11369.27,TRANSFER,2026-08-22 00:12:50,Delhi
TXN202603552,ACC1047,7793.99,DEBIT,2026-08-22 00:13:20,Mumbai
TXN202603553,ACC1014,34546.08,TRANSFER,2026-08-22 00:13:50,Mumbai
TXN202603554,ACC1003,23681.88,DEBIT,2026-08-22 00:14:20,Bangalore
TXN202603555,ACC1022,18164.23,DEBIT,2026-08-22 00:14:50,Mumbai
TXN202603556,ACC1030,33986.49,TRANSFER,2026-08-22 00:15:20,Hyderabad
TXN202603557,ACC1036,25608.49,TRANSFER,2026-08-22 00:15:50,Chennai
TXN202603558,ACC1009,32019.83,DEBIT,2026-08-22 00:16:20,Mumbai
TXN202603559,ACC1016,10509.61,CREDIT,2026-08-22 00:16:50,Bangalore
TXN202603560,ACC1007,39454.54,TRANSFER,2026-08-22 00:17:20,Delhi
TXN202603561,ACC1013,43374.63,CREDIT,2026-08-22 00:17:50,Mumbai
TXN202603562,ACC1019,18567.91,CREDIT,2026-08-22 00:18:20,Mumbai
TXN202603563,ACC1019,26887.28,TRANSFER,2026-08-22 00:18:50,Mumbai
TXN202603564,ACC1028,16060.64,CREDIT,2026-08-22 00:19:20,Bangalore
TXN202603565,ACC1021,14676.39,DEBIT,2026-08-22 00:19:50,Delhi
TXN202603566,ACC1004,41759.67,DEBIT,2026-08-22 00:20:20,Hyderabad
TXN202603567,ACC1013,8777.36,DEBIT,2026-08-22 00:20:50,Hyderabad
TXN202603568,ACC1035,15501.6,DEBIT,2026-08-22 00:21:20,Bangalore
TXN202603569,ACC1026,47782.22,DEBIT,2026-08-22 00:21:50,Hyderabad
TXN202603570,ACC1032,34233.64,TRANSFER,2026-08-22 00:22:20,Mumbai
TXN202603571,ACC1012,29741.78,DEBIT,2026-08-22 00:22:50,Hyderabad
TXN202603572,ACC1044,18058.6,CREDIT,2026-08-22 00:23:20,Hyderabad
TXN202603573,ACC1014,17150.39,TRANSFER,2026-08-22 00:23:50,Delhi
TXN202603574,ACC1002,47833.76,TRANSFER,2026-08-22 00:24:20,Chennai
TXN202603575,ACC1003,6150.29,DEBIT,2026-08-22 00:24:50,Mumbai
TXN202603576,ACC1032,43563.32,DEBIT,2026-08-22 00:25:20,Chennai
TXN202603577,ACC1013,26271.36,TRANSFER,2026-08-22 00:25:50,Chennai
TXN202603578,ACC1009,33654.17,DEBIT,2026-08-22 00:26:20,Chennai
TXN202603579,ACC1028,43917.6,CREDIT,2026-08-22 00:26:50,Chennai
TXN202603580,ACC1033,36871.38,CREDIT,2026-08-22 00:27:20,Chennai
TXN202603581,ACC1046,47972.07,TRANSFER,2026-08-22 00:27:50,Bangalore
TXN202603582,ACC1042,9610.02,TRANSFER,2026-08-22 00:28:20,Hyderabad
TXN202603583,ACC1037,35308.32,TRANSFER,2026-08-22 00:28:50,Mumbai
TXN202603584,ACC1029,15543.1,DEBIT,2026-08-22 00:29:20,Mumbai
TXN202603585,ACC1036,14081.87,TRANSFER,2026-08-22 00:29:50,Mumbai
TXN202603586,ACC1035,32625.83,CREDIT,2026-08-22 00:30:20,Hyderabad
TXN202603587,ACC1003,37221.26,TRANSFER,2026-08-22 00:30:50,Mumbai
TXN202603588,ACC1049,6555.32,DEBIT,2026-08-22 00:31:20,Hyderabad
TXN202603589,ACC1002,25498.88,CREDIT,2026-08-22 00:31:50,Hyderabad
TXN202603590,ACC1036,45537.04,DEBIT,2026-08-22 00:32:20,Delhi
TXN202603591,ACC1014,41977.28,DEBIT,2026-08-22 00:32:50,Hyderabad
TXN202603592,ACC1021,6143.57,TRANSFER,2026-08-22 00:33:20,Hyderabad
TXN202603593,ACC1018,11829.73,CREDIT,2026-08-22 00:33:50,Bangalore
TXN202603594,ACC1040,24535.56,CREDIT,2026-08-22 00:34:20,Bangalore
TXN202603595,ACC1042,45303.46,TRANSFER,2026-08-22 00:34:50,Bangalore
TXN202603596,ACC1029,15008.26,TRANSFER,2026-08-22 00:35:20,Mumbai
TXN202603597,ACC1025,3173.79,TRANSFER,2026-08-22 00:35:50,Hyderabad
TXN202603598,ACC1035,31256.78,DEBIT,2026-08-22 00:36:20,Mumbai
TXN202603599,ACC1046,21555.54,CREDIT,2026-08-22 00:36:50,Mumbai
TXN202603600,ACC1024,5571.29,CREDIT,2026-08-22 00:37:20,Bangalore
TXN202603601,ACC1010,18884.39,TRANSFER,2026-08-22 00:37:50,Mumbai
TXN202603602,ACC1044,4526.3,TRANSFER,2026-08-22 00:38:20,Delhi
TXN202603603,ACC1026,6556.83,DEBIT,2026-08-22 00:38:50,Hyderabad
TXN202603604,ACC1048,15772.69,CREDIT,2026-08-22 00:39:20,Bangalore
TXN202603605,ACC1040,19681.59,CREDIT,2026-08-22 00:39:50,Hyderabad
TXN202603606,ACC1029,22435.13,CREDIT,2026-08-22 00:40:20,Hyderabad
TXN202603607,ACC1033,25301.04,CREDIT,2026-08-22 00:40:50,Mumbai
TXN202603608,ACC1001,48100.78,TRANSFER,2026-08-22 00:41:20,Mumbai
TXN202603609,ACC1016,19056.53,TRANSFER,2026-08-22 00:41:50,Chennai
TXN202603610,ACC1036,30150.39,DEBIT,2026-08-22 00:42:20,Hyderabad
TXN202603611,ACC1041,36641.72,CREDIT,2026-08-22 00:42:50,Delhi
TXN202603612,ACC1018,31528.25,CREDIT,2026-08-22 00:43:20,Bangalore
TXN202603613,ACC1041,18100.99,TRANSFER,2026-08-22 00:43:50,Delhi
TXN202603614,ACC1044,39450.31,CREDIT,2026-08-22 00:44:20,Mumbai
TXN202603615,ACC1050,17450.86,DEBIT,2026-08-22 00:44:50,Bangalore
TXN202603616,ACC1028,170.82,CREDIT,2026-08-22 00:45:20,Delhi
TXN202603617,ACC1025,7075.11,TRANSFER,2026-08-22 00:45:50,Bangalore
TXN202603618,ACC1014,28931.17,TRANSFER,2026-08-22 00:46:20,Mumbai
TXN202603619,ACC1010,39751.07,DEBIT,2026-08-22 00:46:50,Delhi
TXN202603620,ACC1025,23873.82,DEBIT,2026-08-22 00:47:20,Hyderabad
TXN202603621,ACC1027,22386.86,CREDIT,2026-08-22 00:47:50,Chennai
TXN202603622,ACC1026,9536.43,DEBIT,2026-08-22 00:48:20,Hyderabad
TXN202603623,ACC1048,39332.44,DEBIT,2026-08-22 00:48:50,Bangalore
TXN202603624,ACC1012,46050.49,DEBIT,2026-08-22 00:49:20,Bangalore
TXN202603625,ACC1010,43495.52,DEBIT,2026-08-22 00:49:50,Bangalore
TXN202603626,ACC1023,23324.87,DEBIT,2026-08-22 00:50:20,Hyderabad
TXN202603627,ACC1025,9801.62,TRANSFER,2026-08-22 00:50:50,Bangalore
TXN202603628,ACC1003,26787.5,CREDIT,2026-08-22 00:51:20,Chennai
TXN202603629,ACC1006,803.21,CREDIT,2026-08-22 00:51:50,Mumbai
TXN202603630,ACC1038,48414.26,DEBIT,2026-08-22 00:52:20,Hyderabad
TXN202603631,ACC1033,2884.11,TRANSFER,2026-08-22 00:52:50,Hyderabad
TXN202603632,ACC1042,29231.68,CREDIT,2026-08-22 00:53:20,Mumbai
TXN202603633,ACC1048,7588.0,TRANSFER,2026-08-22 00:53:50,Delhi
TXN202603634,ACC1009,299.5,TRANSFER,2026-08-22 00:54:20,Bangalore
TXN202603635,ACC1004,15866.69,TRANSFER,2026-08-22 00:54:50,Delhi
TXN202603636,ACC1042,9750.26,CREDIT,2026-08-22 00:55:20,Delhi
TXN202603637,ACC1027,17174.39,DEBIT,2026-08-22 00:55:50,Bangalore
TXN202603638,ACC1042,46742.27,TRANSFER,2026-08-22 00:56:20,Hyderabad
TXN202603639,ACC1006,33183.1,DEBIT,2026-08-22 00:56:50,Bangalore
TXN202603640,ACC1043,47255.67,TRANSFER,2026-08-22 00:57:20,Mumbai
TXN202603641,ACC1048,13471.17,DEBIT,2026-08-22 00:57:50,Bangalore
TXN202603642,ACC1016,3282.39,TRANSFER,2026-08-22 00:58:20,Bangalore
TXN202603643,ACC1010,27088.04,CREDIT,2026-08-22 00:58:50,Hyderabad
TXN202603644,ACC1005,44988.96,CREDIT,2026-08-22 00:59:20,Bangalore
TXN202603645,ACC1050,6281.6,CREDIT,2026-08-22 00:59:50,Bangalore
TXN202603646,ACC1034,47621.01,TRANSFER,2026-08-22 01:00:20,Mumbai
TXN202603647,ACC1001,597.49,CREDIT,2026-08-22 01:00:50,Chennai
TXN202603648,ACC1026,47951.71,TRANSFER,2026-08-22 01:01:20,Mumbai
TXN202603649,ACC1029,6671.25,TRANSFER,2026-08-22 01:01:50,Hyderabad
TXN202603650,ACC1019,37861.18,DEBIT,2026-08-22 01:02:20,Hyderabad
TXN202603651,ACC1026,33781.52,DEBIT,2026-08-22 01:02:50,Mumbai
TXN202603652,ACC1045,42224.99,CREDIT,2026-08-22 01:03:20,Delhi
TXN202603653,ACC1027,35001.26,TRANSFER,2026-08-22 01:03:50,Delhi
TXN202603654,ACC1024,20345.78,CREDIT,2026-08-22 01:04:20,Mumbai
TXN202603655,ACC1003,40703.66,DEBIT,2026-08-22 01:04:50,Bangalore
TXN202603656,ACC1032,43157.51,CREDIT,2026-08-22 01:05:20,Chennai
TXN202603657,ACC1048,45422.97,TRANSFER,2026-08-22 01:05:50,Delhi
TXN202603658,ACC1039,31063.13,CREDIT,2026-08-22 01:06:20,Mumbai
TXN202603659,ACC1007,30192.63,CREDIT,2026-08-22 01:06:50,Mumbai
TXN202603660,ACC1026,30873.87,CREDIT,2026-08-22 01:07:20,Bangalore
TXN202603661,ACC1012,4675.49,DEBIT,2026-08-22 01:07:50,Bangalore
TXN202603662,ACC1004,13171.23,TRANSFER,2026-08-22 01:08:20,Chennai
TXN202603663,ACC1047,10291.02,DEBIT,2026-08-22 01:08:50,Delhi
TXN202603664,ACC1041,44186.05,DEBIT,2026-08-22 01:09:20,Bangalore
TXN202603665,ACC1041,16458.78,DEBIT,2026-08-22 01:09:50,Delhi
TXN202603666,ACC1034,48614.43,DEBIT,2026-08-22 01:10:20,Hyderabad
TXN202603667,ACC1034,46782.85,DEBIT,2026-08-22 01:10:50,Bangalore
TXN202603668,ACC1018,15765.14,CREDIT,2026-08-22 01:11:20,Hyderabad
TXN202603669,ACC1026,14896.67,CREDIT,2026-08-22 01:11:50,Delhi
TXN202603670,ACC1020,21871.4,DEBIT,2026-08-22 01:12:20,Hyderabad
TXN202603671,ACC1009,12924.65,CREDIT,2026-08-22 01:12:50,Delhi
TXN202603672,ACC1022,5264.46,CREDIT,2026-08-22 01:13:20,Bangalore
TXN202603673,ACC1012,18038.53,CREDIT,2026-08-22 01:13:50,Bangalore
TXN202603674,ACC1004,27684.13,CREDIT,2026-08-22 01:14:20,Delhi
TXN202603675,ACC1036,31577.77,DEBIT,2026-08-22 01:14:50,Mumbai
TXN202603676,ACC1038,14788.4,DEBIT,2026-08-22 01:15:20,Delhi
TXN202603677,ACC1036,25488.67,CREDIT,2026-08-22 01:15:50,Hyderabad
TXN202603678,ACC1017,46449.61,CREDIT,2026-08-22 01:16:20,Mumbai
TXN202603679,ACC1049,23046.91,CREDIT,2026-08-22 01:16:50,Bangalore
TXN202603680,ACC1021,8176.41,TRANSFER,2026-08-22 01:17:20,Delhi
TXN202603681,ACC1039,27916.43,DEBIT,2026-08-22 01:17:50,Bangalore
TXN202603682,ACC1015,41628.54,CREDIT,2026-08-22 01:18:20,Chennai
TXN202603683,ACC1043,2928.3,TRANSFER,2026-08-22 01:18:50,Delhi
TXN202603684,ACC1022,29959.77,DEBIT,2026-08-22 01:19:20,Bangalore
TXN202603685,ACC1019,15811.51,CREDIT,2026-08-22 01:19:50,Hyderabad
TXN202603686,ACC1022,42540.54,CREDIT,2026-08-22 01:20:20,Hyderabad
TXN202603687,ACC1032,21898.72,TRANSFER,2026-08-22 01:20:50,Bangalore
TXN202603688,ACC1043,9419.71,TRANSFER,2026-08-22 01:21:20,Chennai
TXN202603689,ACC1030,488.45,DEBIT,2026-08-22 01:21:50,Chennai
TXN202603690,ACC1039,31565.41,TRANSFER,2026-08-22 01:22:20,Mumbai
TXN202603691,ACC1048,26087.35,CREDIT,2026-08-22 01:22:50,Mumbai
TXN202603692,ACC1017,35501.8,DEBIT,2026-08-22 01:23:20,Hyderabad
TXN202603693,ACC1000,8994.67,CREDIT,2026-08-22 01:23:50,Mumbai
TXN202603694,ACC1035,22437.0,CREDIT,2026-08-22 01:24:20,Bangalore
TXN202603695,ACC1015,30132.26,CREDIT,2026-08-22 01:24:50,Delhi
TXN202603696,ACC1046,18783.34,CREDIT,2026-08-22 01:25:20,Hyderabad
TXN202603697,ACC1015,41714.5,CREDIT,2026-08-22 01:25:50,Mumbai
TXN202603698,ACC1050,49291.04,TRANSFER,2026-08-22 01:26:20,Chennai
TXN202603699,ACC1017,20591.74,CREDIT,2026-08-22 01:26:50,Chennai
TXN202603700,ACC1013,12247.16,CREDIT,2026-08-22 01:27:20,Delhi
TXN202603701,ACC1011,33269.18,DEBIT,2026-08-22 01:27:50,Mumbai
TXN202603702,ACC1031,11182.44,TRANSFER,2026-08-22 01:28:20,Mumbai
TXN202603703,ACC1033,36954.24,TRANSFER,2026-08-22 01:28:50,Hyderabad
TXN202603704,ACC1040,36396.32,CREDIT,2026-08-22 01:29:20,Hyderabad
TXN202603705,ACC1048,7726.58,DEBIT,2026-08-22 01:29:50,Hyderabad
TXN202603706,ACC1002,33176.15,CREDIT,2026-08-22 01:30:20,Mumbai
TXN202603707,ACC1030,29432.13,CREDIT,2026-08-22 01:30:50,Mumbai
TXN202603708,ACC1004,17349.62,DEBIT,2026-08-22 01:31:20,Chennai
TXN202603709,ACC1019,36821.62,CREDIT,2026-08-22 01:31:50,Delhi
TXN202603710,ACC1005,46213.33,DEBIT,2026-08-22 01:32:20,Chennai
TXN202603711,ACC1029,38614.49,TRANSFER,2026-08-22 01:32:50,Mumbai
TXN202603712,ACC1012,5354.15,DEBIT,2026-08-22 01:33:20,Mumbai
TXN202603713,ACC1044,20443.65,DEBIT,2026-08-22 01:33:50,Delhi
TXN202603714,ACC1032,107.59,DEBIT,2026-08-22 01:34:20,Hyderabad
TXN202603715,ACC1012,16403.78,DEBIT,2026-08-22 01:34:50,Chennai
TXN202603716,ACC1026,45356.43,CREDIT,2026-08-22 01:35:20,Bangalore
TXN202603717,ACC1004,8733.71,TRANSFER,2026-08-22 01:35:50,Delhi
TXN202603718,ACC1045,47744.67,TRANSFER,2026-08-22 01:36:20,Delhi
TXN202603719,ACC1002,4248.93,TRANSFER,2026-08-22 01:36:50,Hyderabad
TXN202603720,ACC1038,14645.63,DEBIT,2026-08-22 01:37:20,Hyderabad
TXN202603721,ACC1010,41586.37,CREDIT,2026-08-22 01:37:50,Hyderabad
TXN202603722,ACC1038,10045.8,TRANSFER,2026-08-22 01:38:20,Mumbai
TXN202603723,ACC1008,18114.71,TRANSFER,2026-08-22 01:38:50,Hyderabad
TXN202603724,ACC1020,6783.09,TRANSFER,2026-08-22 01:39:20,Delhi
TXN202603725,ACC1033,33820.76,DEBIT,2026-08-22 01:39:50,Bangalore
TXN202603726,ACC1041,35670.25,CREDIT,2026-08-22 01:40:20,Chennai
TXN202603727,ACC1028,38403.09,CREDIT,2026-08-22 01:40:50,Bangalore
TXN202603728,ACC1018,31767.12,CREDIT,2026-08-22 01:41:20,Mumbai
TXN202603729,ACC1033,46054.55,TRANSFER,2026-08-22 01:41:50,Hyderabad
TXN202603730,ACC1040,16958.22,TRANSFER,2026-08-22 01:42:20,Chennai
TXN202603731,ACC1018,47863.78,TRANSFER,2026-08-22 01:42:50,Bangalore
TXN202603732,ACC1018,11864.18,TRANSFER,2026-08-22 01:43:20,Chennai
TXN202603733,ACC1024,15777.75,CREDIT,2026-08-22 01:43:50,Delhi
TXN202603734,ACC1007,14966.49,TRANSFER,2026-08-22 01:44:20,Mumbai
TXN202603735,ACC1032,45711.55,TRANSFER,2026-08-22 01:44:50,Chennai
TXN202603736,ACC1030,5929.73,TRANSFER,2026-08-22 01:45:20,Hyderabad
TXN202603737,ACC1017,5888.83,CREDIT,2026-08-22 01:45:50,Delhi
TXN202603738,ACC1021,25154.46,CREDIT,2026-08-22 01:46:20,Hyderabad
TXN202603739,ACC1045,40093.04,DEBIT,2026-08-22 01:46:50,Hyderabad
TXN202603740,ACC1042,2002.0,DEBIT,2026-08-22 01:47:20,Hyderabad
TXN202603741,ACC1024,49865.09,CREDIT,2026-08-22 01:47:50,Mumbai
TXN202603742,ACC1014,37503.33,CREDIT,2026-08-22 01:48:20,Hyderabad
TXN202603743,ACC1007,16001.12,TRANSFER,2026-08-22 01:48:50,Delhi
TXN202603744,ACC1020,35120.79,CREDIT,2026-08-22 01:49:20,Hyderabad
TXN202603745,ACC1033,16365.61,DEBIT,2026-08-22 01:49:50,Bangalore
TXN202603746,ACC1000,29530.94,TRANSFER,2026-08-22 01:50:20,Mumbai
TXN202603747,ACC1027,49153.08,CREDIT,2026-08-22 01:50:50,Delhi
TXN202603748,ACC1016,43238.36,TRANSFER,2026-08-22 01:51:20,Delhi
TXN202603749,ACC1043,21915.19,DEBIT,2026-08-22 01:51:50,Delhi
TXN202603750,ACC1040,14081.11,TRANSFER,2026-08-22 01:52:20,Mumbai
TXN202603751,ACC1024,22358.68,DEBIT,2026-08-22 01:52:50,Mumbai
TXN202603752,ACC1049,39766.33,DEBIT,2026-08-22 01:53:20,Chennai
TXN202603753,ACC1037,18390.1,CREDIT,2026-08-22 01:53:50,Mumbai
TXN202603754,ACC1002,3151.48,CREDIT,2026-08-22 01:54:20,Chennai
TXN202603755,ACC1029,27380.51,CREDIT,2026-08-22 01:54:50,Delhi
TXN202603756,ACC1005,17716.93,CREDIT,2026-08-22 01:55:20,Chennai
TXN202603757,ACC1006,45477.39,CREDIT,2026-08-22 01:55:50,Hyderabad
TXN202603758,ACC1010,47483.12,CREDIT,2026-08-22 01:56:20,Chennai
TXN202603759,ACC1031,4079.81,DEBIT,2026-08-22 01:56:50,Chennai
TXN202603760,ACC1031,16025.03,TRANSFER,2026-08-22 01:57:20,Mumbai
TXN202603761,ACC1041,41904.91,DEBIT,2026-08-22 01:57:50,Delhi
TXN202603762,ACC1018,41043.43,TRANSFER,2026-08-22 01:58:20,Hyderabad
TXN202603763,ACC1035,44356.9,CREDIT,2026-08-22 01:58:50,Chennai
TXN202603764,ACC1044,23923.29,DEBIT,2026-08-22 01:59:20,Delhi
TXN202603765,ACC1012,22913.71,CREDIT,2026-08-22 01:59:50,Chennai
TXN202603766,ACC1031,23216.81,CREDIT,2026-08-22 02:00:20,Bangalore
TXN202603767,ACC1012,5097.43,TRANSFER,2026-08-22 02:00:50,Delhi
TXN202603768,ACC1042,26132.4,TRANSFER,2026-08-22 02:01:20,Mumbai
TXN202603769,ACC1048,16212.16,TRANSFER,2026-08-22 02:01:50,Chennai
TXN202603770,ACC1023,12328.74,TRANSFER,2026-08-22 02:02:20,Delhi
TXN202603771,ACC1049,9767.06,TRANSFER,2026-08-22 02:02:50,Chennai
TXN202603772,ACC1020,14152.35,TRANSFER,2026-08-22 02:03:20,Bangalore
TXN202603773,ACC1021,23401.35,DEBIT,2026-08-22 02:03:50,Delhi
TXN202603774,ACC1014,45081.74,CREDIT,2026-08-22 02:04:20,Hyderabad
TXN202603775,ACC1012,20474.12,DEBIT,2026-08-22 02:04:50,Hyderabad
TXN202603776,ACC1010,1842.52,DEBIT,2026-08-22 02:05:20,Bangalore
TXN202603777,ACC1016,27575.88,TRANSFER,2026-08-22 02:05:50,Delhi
TXN202603778,ACC1038,10146.06,CREDIT,2026-08-22 02:06:20,Bangalore
TXN202603779,ACC1007,1912.5,CREDIT,2026-08-22 02:06:50,Chennai
TXN202603780,ACC1014,33938.94,TRANSFER,2026-08-22 02:07:20,Chennai
TXN202603781,ACC1034,5753.65,TRANSFER,2026-08-22 02:07:50,Mumbai
TXN202603782,ACC1016,19283.56,CREDIT,2026-08-22 02:08:20,Delhi
TXN202603783,ACC1024,4134.17,TRANSFER,2026-08-22 02:08:50,Hyderabad
TXN202603784,ACC1030,22247.37,TRANSFER,2026-08-22 02:09:20,Hyderabad
TXN202603785,ACC1004,1638.77,DEBIT,2026-08-22 02:09:50,Bangalore
TXN202603786,ACC1019,23550.95,DEBIT,2026-08-22 02:10:20,Bangalore
TXN202603787,ACC1028,37244.48,DEBIT,2026-08-22 02:10:50,Hyderabad
TXN202603788,ACC1034,37983.61,TRANSFER,2026-08-22 02:11:20,Hyderabad
TXN202603789,ACC1007,26028.41,CREDIT,2026-08-22 02:11:50,Chennai
TXN202603790,ACC1002,7686.65,DEBIT,2026-08-22 02:12:20,Bangalore
TXN202603791,ACC1012,2604.48,CREDIT,2026-08-22 02:12:50,Mumbai
TXN202603792,ACC1022,11495.87,TRANSFER,2026-08-22 02:13:20,Delhi
TXN202603793,ACC1012,12477.2,TRANSFER,2026-08-22 02:13:50,Mumbai
TXN202603794,ACC1036,25711.68,CREDIT,2026-08-22 02:14:20,Delhi
TXN202603795,ACC1049,26702.5,TRANSFER,2026-08-22 02:14:50,Delhi
TXN202603796,ACC1000,42021.36,CREDIT,2026-08-22 02:15:20,Delhi
TXN202603797,ACC1006,41560.79,CREDIT,2026-08-22 02:15:50,Hyderabad
TXN202603798,ACC1008,4156.22,CREDIT,2026-08-22 02:16:20,Chennai
TXN202603799,ACC1021,22019.45,CREDIT,2026-08-22 02:16:50,Chennai
TXN202603800,ACC1010,3680.94,CREDIT,2026-08-22 02:17:20,Hyderabad
TXN202603801,ACC1002,38489.91,CREDIT,2026-08-22 02:17:50,Bangalore
TXN202603802,ACC1015,28174.04,CREDIT,2026-08-22 02:18:20,Mumbai
TXN202603803,ACC1024,10767.94,TRANSFER,2026-08-22 02:18:50,Bangalore
TXN202603804,ACC1044,5955.18,CREDIT,2026-08-22 02:19:20,Mumbai
TXN202603805,ACC1047,10655.32,DEBIT,2026-08-22 02:19:50,Bangalore
TXN202603806,ACC1005,16150.61,TRANSFER,2026-08-22 02:20:20,Bangalore
TXN202603807,ACC1017,12864.24,DEBIT,2026-08-22 02:20:50,Delhi
TXN202603808,ACC1012,35014.5,DEBIT,2026-08-22 02:21:20,Mumbai
TXN202603809,ACC1017,36310.08,TRANSFER,2026-08-22 02:21:50,Mumbai
TXN202603810,ACC1048,12492.13,DEBIT,2026-08-22 02:22:20,Mumbai
TXN202603811,ACC1032,21651.43,TRANSFER,2026-08-22 02:22:50,Delhi
TXN202603812,ACC1043,43517.65,TRANSFER,2026-08-22 02:23:20,Delhi
TXN202603813,ACC1018,548.56,CREDIT,2026-08-22 02:23:50,Mumbai
TXN202603814,ACC1008,8555.85,DEBIT,2026-08-22 02:24:20,Delhi
TXN202603815,ACC1037,31954.46,TRANSFER,2026-08-22 02:24:50,Chennai
TXN202603816,ACC1014,33603.22,CREDIT,2026-08-22 02:25:20,Delhi
TXN202603817,ACC1046,15945.62,CREDIT,2026-08-22 02:25:50,Delhi
TXN202603818,ACC1001,47939.39,CREDIT,2026-08-22 02:26:20,Bangalore
TXN202603819,ACC1020,24320.11,CREDIT,2026-08-22 02:26:50,Mumbai
TXN202603820,ACC1005,7895.67,CREDIT,2026-08-22 02:27:20,Hyderabad
TXN202603821,ACC1032,46128.2,DEBIT,2026-08-22 02:27:50,Delhi
TXN202603822,ACC1011,14603.2,DEBIT,2026-08-22 02:28:20,Mumbai
TXN202603823,ACC1009,47044.24,DEBIT,2026-08-22 02:28:50,Mumbai
TXN202603824,ACC1002,43870.63,TRANSFER,2026-08-22 02:29:20,Bangalore
TXN202603825,ACC1021,3822.19,DEBIT,2026-08-22 02:29:50,Mumbai
TXN202603826,ACC1021,26691.11,TRANSFER,2026-08-22 02:30:20,Bangalore
TXN202603827,ACC1042,796.72,TRANSFER,2026-08-22 02:30:50,Mumbai
TXN202603828,ACC1026,4842.36,TRANSFER,2026-08-22 02:31:20,Mumbai
TXN202603829,ACC1034,21514.09,DEBIT,2026-08-22 02:31:50,Delhi
TXN202603830,ACC1006,3855.4,TRANSFER,2026-08-22 02:32:20,Delhi
TXN202603831,ACC1033,27628.83,CREDIT,2026-08-22 02:32:50,Mumbai
TXN202603832,ACC1006,29694.8,DEBIT,2026-08-22 02:33:20,Mumbai
TXN202603833,ACC1016,3203.73,TRANSFER,2026-08-22 02:33:50,Hyderabad
TXN202603834,ACC1042,31031.86,DEBIT,2026-08-22 02:34:20,Mumbai
TXN202603835,ACC1025,1817.5,CREDIT,2026-08-22 02:34:50,Bangalore
TXN202603836,ACC1019,495.87,TRANSFER,2026-08-22 02:35:20,Chennai
TXN202603837,ACC1005,25836.77,TRANSFER,2026-08-22 02:35:50,Delhi
TXN202603838,ACC1004,17995.67,TRANSFER,2026-08-22 02:36:20,Hyderabad
TXN202603839,ACC1020,13016.69,TRANSFER,2026-08-22 02:36:50,Mumbai
TXN202603840,ACC1009,36624.68,TRANSFER,2026-08-22 02:37:20,Bangalore
TXN202603841,ACC1041,4836.73,CREDIT,2026-08-22 02:37:50,Chennai
TXN202603842,ACC1045,15258.1,TRANSFER,2026-08-22 02:38:20,Bangalore
TXN202603843,ACC1048,33268.68,CREDIT,2026-08-22 02:38:50,Delhi
TXN202603844,ACC1032,8629.18,TRANSFER,2026-08-22 02:39:20,Chennai
TXN202603845,ACC1023,38014.49,DEBIT,2026-08-22 02:39:50,Chennai
TXN202603846,ACC1035,1246.9,DEBIT,2026-08-22 02:40:20,Hyderabad
TXN202603847,ACC1050,49369.06,CREDIT,2026-08-22 02:40:50,Chennai
TXN202603848,ACC1035,40634.72,DEBIT,2026-08-22 02:41:20,Delhi
TXN202603849,ACC1011,47729.27,CREDIT,2026-08-22 02:41:50,Mumbai
TXN202603850,ACC1002,24730.25,DEBIT,2026-08-22 02:42:20,Delhi
TXN202603851,ACC1024,38107.99,CREDIT,2026-08-22 02:42:50,Delhi
TXN202603852,ACC1044,34705.69,TRANSFER,2026-08-22 02:43:20,Delhi
TXN202603853,ACC1039,47436.69,CREDIT,2026-08-22 02:43:50,Bangalore
TXN202603854,ACC1028,43582.4,TRANSFER,2026-08-22 02:44:20,Mumbai
TXN202603855,ACC1018,28602.94,TRANSFER,2026-08-22 02:44:50,Bangalore
TXN202603856,ACC1049,18488.13,CREDIT,2026-08-22 02:45:20,Mumbai
TXN202603857,ACC1004,41983.87,CREDIT,2026-08-22 02:45:50,Mumbai
TXN202603858,ACC1002,26412.28,CREDIT,2026-08-22 02:46:20,Bangalore
TXN202603859,ACC1002,46977.71,CREDIT,2026-08-22 02:46:50,Chennai
TXN202603860,ACC1022,22234.98,TRANSFER,2026-08-22 02:47:20,Bangalore
TXN202603861,ACC1018,15538.35,DEBIT,2026-08-22 02:47:50,Chennai
TXN202603862,ACC1047,30136.0,CREDIT,2026-08-22 02:48:20,Mumbai
TXN202603863,ACC1024,36733.49,TRANSFER,2026-08-22 02:48:50,Chennai
TXN202603864,ACC1009,875.85,DEBIT,2026-08-22 02:49:20,Chennai
TXN202603865,ACC1001,6942.74,DEBIT,2026-08-22 02:49:50,Bangalore
TXN202603866,ACC1021,13470.38,TRANSFER,2026-08-22 02:50:20,Chennai
TXN202603867,ACC1001,34899.66,CREDIT,2026-08-22 02:50:50,Mumbai
TXN202603868,ACC1011,23535.78,CREDIT,2026-08-22 02:51:20,Mumbai
TXN202603869,ACC1018,24044.39,TRANSFER,2026-08-22 02:51:50,Hyderabad
TXN202603870,ACC1009,6016.88,TRANSFER,2026-08-22 02:52:20,Mumbai
TXN202603871,ACC1026,12527.44,DEBIT,2026-08-22 02:52:50,Mumbai
TXN202603872,ACC1029,34130.15,CREDIT,2026-08-22 02:53:20,Delhi
TXN202603873,ACC1003,40298.5,DEBIT,2026-08-22 02:53:50,Chennai
TXN202603874,ACC1006,39815.64,TRANSFER,2026-08-22 02:54:20,Bangalore
TXN202603875,ACC1034,39280.97,TRANSFER,2026-08-22 02:54:50,Delhi
TXN202603876,ACC1008,22047.15,CREDIT,2026-08-22 02:55:20,Bangalore
TXN202603877,ACC1023,12554.86,DEBIT,2026-08-22 02:55:50,Chennai
TXN202603878,ACC1043,35946.94,TRANSFER,2026-08-22 02:56:20,Mumbai
TXN202603879,ACC1034,30261.74,CREDIT,2026-08-22 02:56:50,Delhi
TXN202603880,ACC1011,432.2,CREDIT,2026-08-22 02:57:20,Bangalore
TXN202603881,ACC1026,17792.8,DEBIT,2026-08-22 02:57:50,Hyderabad
TXN202603882,ACC1015,46563.3,TRANSFER,2026-08-22 02:58:20,Mumbai
TXN202603883,ACC1041,20823.05,TRANSFER,2026-08-22 02:58:50,Chennai
TXN202603884,ACC1014,13537.42,TRANSFER,2026-08-22 02:59:20,Mumbai
TXN202603885,ACC1022,16035.09,DEBIT,2026-08-22 02:59:50,Bangalore
TXN202603886,ACC1049,49215.24,DEBIT,2026-08-22 03:00:20,Hyderabad
TXN202603887,ACC1047,40289.55,DEBIT,2026-08-22 03:00:50,Hyderabad
TXN202603888,ACC1038,45685.09,DEBIT,2026-08-22 03:01:20,Hyderabad
TXN202603889,ACC1043,22092.15,TRANSFER,2026-08-22 03:01:50,Bangalore
TXN202603890,ACC1023,14748.07,TRANSFER,2026-08-22 03:02:20,Hyderabad
TXN202603891,ACC1018,47569.66,CREDIT,2026-08-22 03:02:50,Hyderabad
TXN202603892,ACC1008,32878.61,TRANSFER,2026-08-22 03:03:20,Delhi
TXN202603893,ACC1034,12002.07,DEBIT,2026-08-22 03:03:50,Delhi
TXN202603894,ACC1001,648.48,TRANSFER,2026-08-22 03:04:20,Bangalore
TXN202603895,ACC1027,47956.76,TRANSFER,2026-08-22 03:04:50,Hyderabad
TXN202603896,ACC1020,939.08,DEBIT,2026-08-22 03:05:20,Hyderabad
TXN202603897,ACC1044,155.84,CREDIT,2026-08-22 03:05:50,Delhi
TXN202603898,ACC1009,29049.85,TRANSFER,2026-08-22 03:06:20,Mumbai
TXN202603899,ACC1035,20901.94,TRANSFER,2026-08-22 03:06:50,Bangalore
TXN202603900,ACC1023,30712.83,DEBIT,2026-08-22 03:07:20,Hyderabad
TXN202603901,ACC1039,17292.94,TRANSFER,2026-08-22 03:07:50,Hyderabad
TXN202603902,ACC1044,31700.98,DEBIT,2026-08-22 03:08:20,Hyderabad
TXN202603903,ACC1022,33124.94,CREDIT,2026-08-22 03:08:50,Hyderabad
TXN202603904,ACC1010,18658.61,TRANSFER,2026-08-22 03:09:20,Mumbai
TXN202603905,ACC1013,20024.13,DEBIT,2026-08-22 03:09:50,Mumbai
TXN202603906,ACC1031,43354.64,CREDIT,2026-08-22 03:10:20,Chennai
TXN202603907,ACC1034,1064.58,TRANSFER,2026-08-22 03:10:50,Hyderabad
TXN202603908,ACC1022,30880.81,TRANSFER,2026-08-22 03:11:20,Hyderabad
TXN202603909,ACC1045,14946.53,TRANSFER,2026-08-22 03:11:50,Hyderabad
TXN202603910,ACC1046,45429.64,CREDIT,2026-08-22 03:12:20,Bangalore
TXN202603911,ACC1008,23692.27,TRANSFER,2026-08-22 03:12:50,Hyderabad
TXN202603912,ACC1028,27484.29,TRANSFER,2026-08-22 03:13:20,Delhi
TXN202603913,ACC1033,45918.41,CREDIT,2026-08-22 03:13:50,Mumbai
TXN202603914,ACC1012,4580.42,TRANSFER,2026-08-22 03:14:20,Hyderabad
TXN202603915,ACC1049,255.1,TRANSFER,2026-08-22 03:14:50,Delhi
TXN202603916,ACC1049,25249.16,TRANSFER,2026-08-22 03:15:20,Delhi
TXN202603917,ACC1021,4208.86,CREDIT,2026-08-22 03:15:50,Hyderabad
TXN202603918,ACC1005,45501.55,TRANSFER,2026-08-22 03:16:20,Bangalore
TXN202603919,ACC1037,47832.88,TRANSFER,2026-08-22 03:16:50,Hyderabad
TXN202603920,ACC1042,23355.24,TRANSFER,2026-08-22 03:17:20,Chennai
TXN202603921,ACC1012,13819.24,DEBIT,2026-08-22 03:17:50,Delhi
TXN202603922,ACC1008,34604.9,DEBIT,2026-08-22 03:18:20,Mumbai
TXN202603923,ACC1010,42442.55,CREDIT,2026-08-22 03:18:50,Bangalore
TXN202603924,ACC1034,39403.76,CREDIT,2026-08-22 03:19:20,Chennai
TXN202603925,ACC1010,4493.07,TRANSFER,2026-08-22 03:19:50,Delhi
TXN202603926,ACC1023,2370.44,TRANSFER,2026-08-22 03:20:20,Mumbai
TXN202603927,ACC1047,23446.47,CREDIT,2026-08-22 03:20:50,Hyderabad
TXN202603928,ACC1046,35350.2,TRANSFER,2026-08-22 03:21:20,Chennai
TXN202603929,ACC1019,12954.45,DEBIT,2026-08-22 03:21:50,Chennai
TXN202603930,ACC1050,16887.09,DEBIT,2026-08-22 03:22:20,Bangalore
TXN202603931,ACC1018,26125.41,CREDIT,2026-08-22 03:22:50,Bangalore
TXN202603932,ACC1019,32007.13,CREDIT,2026-08-22 03:23:20,Mumbai
TXN202603933,ACC1038,15622.17,TRANSFER,2026-08-22 03:23:50,Delhi
TXN202603934,ACC1005,10228.72,CREDIT,2026-08-22 03:24:20,Hyderabad
TXN202603935,ACC1035,25092.61,TRANSFER,2026-08-22 03:24:50,Hyderabad
TXN202603936,ACC1035,15050.73,CREDIT,2026-08-22 03:25:20,Chennai
TXN202603937,ACC1025,23532.98,TRANSFER,2026-08-22 03:25:50,Bangalore
TXN202603938,ACC1049,12126.99,TRANSFER,2026-08-22 03:26:20,Mumbai
TXN202603939,ACC1020,14443.61,TRANSFER,2026-08-22 03:26:50,Bangalore
TXN202603940,ACC1006,12750.46,CREDIT,2026-08-22 03:27:20,Hyderabad
TXN202603941,ACC1050,28993.01,CREDIT,2026-08-22 03:27:50,Bangalore
TXN202603942,ACC1042,7248.9,CREDIT,2026-08-22 03:28:20,Hyderabad
TXN202603943,ACC1015,47299.48,CREDIT,2026-08-22 03:28:50,Mumbai
TXN202603944,ACC1015,46488.84,DEBIT,2026-08-22 03:29:20,Bangalore
TXN202603945,ACC1039,43024.0,CREDIT,2026-08-22 03:29:50,Mumbai
TXN202603946,ACC1019,49717.73,TRANSFER,2026-08-22 03:30:20,Hyderabad
TXN202603947,ACC1048,3479.87,CREDIT,2026-08-22 03:30:50,Chennai
TXN202603948,ACC1005,37777.73,DEBIT,2026-08-22 03:31:20,Mumbai
TXN202603949,ACC1010,21805.12,DEBIT,2026-08-22 03:31:50,Delhi
TXN202603950,ACC1049,32054.76,TRANSFER,2026-08-22 03:32:20,Hyderabad
TXN202603951,ACC1034,43931.15,DEBIT,2026-08-22 03:32:50,Bangalore
TXN202603952,ACC1024,43807.44,DEBIT,2026-08-22 03:33:20,Hyderabad
TXN202603953,ACC1018,29255.37,CREDIT,2026-08-22 03:33:50,Bangalore
TXN202603954,ACC1038,40037.14,DEBIT,2026-08-22 03:34:20,Chennai
TXN202603955,ACC1029,25550.28,DEBIT,2026-08-22 03:34:50,Mumbai
TXN202603956,ACC1041,26791.41,CREDIT,2026-08-22 03:35:20,Mumbai
TXN202603957,ACC1025,18143.56,DEBIT,2026-08-22 03:35:50,Mumbai
TXN202603958,ACC1040,34790.49,TRANSFER,2026-08-22 03:36:20,Chennai
TXN202603959,ACC1050,11767.6,DEBIT,2026-08-22 03:36:50,Delhi
TXN202603960,ACC1011,43204.06,DEBIT,2026-08-22 03:37:20,Delhi
TXN202603961,ACC1000,40689.93,DEBIT,2026-08-22 03:37:50,Chennai
TXN202603962,ACC1003,11050.17,TRANSFER,2026-08-22 03:38:20,Bangalore
TXN202603963,ACC1042,588.94,DEBIT,2026-08-22 03:38:50,Hyderabad
TXN202603964,ACC1038,31891.51,TRANSFER,2026-08-22 03:39:20,Mumbai
TXN202603965,ACC1002,13688.2,CREDIT,2026-08-22 03:39:50,Chennai
TXN202603966,ACC1001,44072.41,TRANSFER,2026-08-22 03:40:20,Bangalore
TXN202603967,ACC1022,28230.22,CREDIT,2026-08-22 03:40:50,Bangalore
TXN202603968,ACC1029,45869.61,DEBIT,2026-08-22 03:41:20,Mumbai
TXN202603969,ACC1000,19176.58,DEBIT,2026-08-22 03:41:50,Bangalore
TXN202603970,ACC1019,14305.27,CREDIT,2026-08-22 03:42:20,Bangalore
TXN202603971,ACC1006,45247.04,TRANSFER,2026-08-22 03:42:50,Bangalore
TXN202603972,ACC1040,19781.0,DEBIT,2026-08-22 03:43:20,Chennai
TXN202603973,ACC1016,6776.72,TRANSFER,2026-08-22 03:43:50,Delhi
TXN202603974,ACC1035,32935.31,DEBIT,2026-08-22 03:44:20,Hyderabad
TXN202603975,ACC1039,15306.27,CREDIT,2026-08-22 03:44:50,Bangalore
TXN202603976,ACC1005,18431.56,CREDIT,2026-08-22 03:45:20,Mumbai
TXN202603977,ACC1006,23973.79,DEBIT,2026-08-22 03:45:50,Bangalore
TXN202603978,ACC1048,13462.92,TRANSFER,2026-08-22 03:46:20,Mumbai
TXN202603979,ACC1020,9678.76,CREDIT,2026-08-22 03:46:50,Mumbai
TXN202603980,ACC1049,15136.37,TRANSFER,2026-08-22 03:47:20,Delhi
TXN202603981,ACC1019,44832.33,DEBIT,2026-08-22 03:47:50,Bangalore
TXN202603982,ACC1017,41406.92,TRANSFER,2026-08-22 03:48:20,Chennai
TXN202603983,ACC1018,46803.96,DEBIT,2026-08-22 03:48:50,Chennai
TXN202603984,ACC1046,17324.98,TRANSFER,2026-08-22 03:49:20,Bangalore
TXN202603985,ACC1004,47535.62,CREDIT,2026-08-22 03:49:50,Bangalore
TXN202603986,ACC1046,35011.48,TRANSFER,2026-08-22 03:50:20,Bangalore
TXN202603987,ACC1028,12903.72,DEBIT,2026-08-22 03:50:50,Bangalore
TXN202603988,ACC1028,6614.51,DEBIT,2026-08-22 03:51:20,Mumbai
TXN202603989,ACC1001,15267.44,TRANSFER,2026-08-22 03:51:50,Hyderabad
TXN202603990,ACC1023,7201.35,TRANSFER,2026-08-22 03:52:20,Bangalore
TXN202603991,ACC1047,12610.42,DEBIT,2026-08-22 03:52:50,Mumbai
TXN202603992,ACC1004,21969.88,TRANSFER,2026-08-22 03:53:20,Hyderabad
TXN202603993,ACC1024,34128.74,TRANSFER,2026-08-22 03:53:50,Chennai
TXN202603994,ACC1045,26411.88,DEBIT,2026-08-22 03:54:20,Hyderabad
TXN202603995,ACC1043,171.58,DEBIT,2026-08-22 03:54:50,Mumbai
TXN202603996,ACC1031,27440.65,CREDIT,2026-08-22 03:55:20,Bangalore
TXN202603997,ACC1035,29707.14,DEBIT,2026-08-22 03:55:50,Hyderabad
TXN202603998,ACC1005,38130.63,DEBIT,2026-08-22 03:56:20,Delhi
TXN202603999,ACC1015,26541.56,CREDIT,2026-08-22 03:56:50,Chennai
TXN202604000,ACC1023,17957.0,CREDIT,2026-08-22 03:57:20,Delhi
TXN202604001,ACC1045,6953.43,DEBIT,2026-08-22 03:57:50,Chennai
TXN202604002,ACC1014,43282.0,CREDIT,2026-08-22 03:58:20,Hyderabad
TXN202604003,ACC1002,5521.35,DEBIT,2026-08-22 03:58:50,Mumbai
TXN202604004,ACC1017,48041.74,TRANSFER,2026-08-22 03:59:20,Mumbai
TXN202604005,ACC1038,41817.33,TRANSFER,2026-08-22 03:59:50,Mumbai
TXN202604006,ACC1024,46068.55,CREDIT,2026-08-22 04:00:20,Mumbai
TXN202604007,ACC1035,40996.74,CREDIT,2026-08-22 04:00:50,Bangalore
TXN202604008,ACC1036,21934.97,DEBIT,2026-08-22 04:01:20,Mumbai
TXN202604009,ACC1020,22362.08,CREDIT,2026-08-22 04:01:50,Bangalore
TXN202604010,ACC1043,20010.92,TRANSFER,2026-08-22 04:02:20,Bangalore
TXN202604011,ACC1049,36320.53,TRANSFER,2026-08-22 04:02:50,Mumbai
TXN202604012,ACC1042,10919.85,CREDIT,2026-08-22 04:03:20,Delhi
TXN202604013,ACC1027,8249.6,DEBIT,2026-08-22 04:03:50,Mumbai
TXN202604014,ACC1013,32885.51,TRANSFER,2026-08-22 04:04:20,Chennai
TXN202604015,ACC1025,19415.8,TRANSFER,2026-08-22 04:04:50,Delhi
TXN202604016,ACC1012,32411.66,DEBIT,2026-08-22 04:05:20,Bangalore
TXN202604017,ACC1015,41703.62,DEBIT,2026-08-22 04:05:50,Delhi
TXN202604018,ACC1025,21677.58,TRANSFER,2026-08-22 04:06:20,Chennai
TXN202604019,ACC1014,31472.34,TRANSFER,2026-08-22 04:06:50,Mumbai
TXN202604020,ACC1041,33873.76,CREDIT,2026-08-22 04:07:20,Delhi
TXN202604021,ACC1021,48796.53,TRANSFER,2026-08-22 04:07:50,Chennai
TXN202604022,ACC1036,31041.85,CREDIT,2026-08-22 04:08:20,Chennai
TXN202604023,ACC1032,48216.73,TRANSFER,2026-08-22 04:08:50,Mumbai
TXN202604024,ACC1013,8531.8,DEBIT,2026-08-22 04:09:20,Bangalore
TXN202604025,ACC1018,2264.26,CREDIT,2026-08-22 04:09:50,Bangalore
TXN202604026,ACC1039,5741.19,CREDIT,2026-08-22 04:10:20,Delhi
TXN202604027,ACC1023,8433.44,TRANSFER,2026-08-22 04:10:50,Mumbai
TXN202604028,ACC1023,2830.78,DEBIT,2026-08-22 04:11:20,Delhi
TXN202604029,ACC1010,35442.02,DEBIT,2026-08-22 04:11:50,Bangalore
TXN202604030,ACC1011,35013.6,DEBIT,2026-08-22 04:12:20,Delhi
TXN202604031,ACC1047,31811.19,CREDIT,2026-08-22 04:12:50,Mumbai
TXN202604032,ACC1049,19797.79,DEBIT,2026-08-22 04:13:20,Chennai
TXN202604033,ACC1034,26504.43,DEBIT,2026-08-22 04:13:50,Hyderabad
TXN202604034,ACC1027,42290.35,DEBIT,2026-08-22 04:14:20,Hyderabad
TXN202604035,ACC1035,47469.56,TRANSFER,2026-08-22 04:14:50,Chennai
TXN202604036,ACC1001,47092.6,DEBIT,2026-08-22 04:15:20,Chennai
TXN202604037,ACC1023,2968.26,CREDIT,2026-08-22 04:15:50,Delhi
TXN202604038,ACC1002,46755.37,CREDIT,2026-08-22 04:16:20,Mumbai
TXN202604039,ACC1032,38117.46,CREDIT,2026-08-22 04:16:50,Chennai
TXN202604040,ACC1009,4669.12,DEBIT,2026-08-22 04:17:20,Mumbai
TXN202604041,ACC1049,9559.73,CREDIT,2026-08-22 04:17:50,Hyderabad
TXN202604042,ACC1013,42641.33,DEBIT,2026-08-22 04:18:20,Bangalore
TXN202604043,ACC1000,14325.38,TRANSFER,2026-08-22 04:18:50,Mumbai
TXN202604044,ACC1001,33640.28,TRANSFER,2026-08-22 04:19:20,Delhi
TXN202604045,ACC1033,37099.6,TRANSFER,2026-08-22 04:19:50,Hyderabad
TXN202604046,ACC1035,17320.13,CREDIT,2026-08-22 04:20:20,Hyderabad
TXN202604047,ACC1032,15071.94,TRANSFER,2026-08-22 04:20:50,Bangalore
TXN202604048,ACC1027,19395.41,CREDIT,2026-08-22 04:21:20,Mumbai
TXN202604049,ACC1047,19473.44,TRANSFER,2026-08-22 04:21:50,Hyderabad
TXN202604050,ACC1029,28845.11,TRANSFER,2026-08-22 04:22:20,Bangalore
TXN202604051,ACC1046,32313.65,DEBIT,2026-08-22 04:22:50,Chennai
TXN202604052,ACC1004,15705.23,CREDIT,2026-08-22 04:23:20,Hyderabad
TXN202604053,ACC1002,10916.59,TRANSFER,2026-08-22 04:23:50,Hyderabad
TXN202604054,ACC1004,21535.31,CREDIT,2026-08-22 04:24:20,Mumbai
TXN202604055,ACC1042,3234.3,DEBIT,2026-08-22 04:24:50,Mumbai
TXN202604056,ACC1029,21617.96,CREDIT,2026-08-22 04:25:20,Delhi
TXN202604057,ACC1011,14789.27,CREDIT,2026-08-22 04:25:50,Mumbai
TXN202604058,ACC1013,19870.76,TRANSFER,2026-08-22 04:26:20,Delhi
TXN202604059,ACC1011,34446.79,TRANSFER,2026-08-22 04:26:50,Delhi
TXN202604060,ACC1024,23123.06,CREDIT,2026-08-22 04:27:20,Mumbai
TXN202604061,ACC1006,22353.97,DEBIT,2026-08-22 04:27:50,Hyderabad
TXN202604062,ACC1016,14498.18,DEBIT,2026-08-22 04:28:20,Chennai
TXN202604063,ACC1029,15149.22,CREDIT,2026-08-22 04:28:50,Chennai
TXN202604064,ACC1033,43119.56,TRANSFER,2026-08-22 04:29:20,Hyderabad
TXN202604065,ACC1032,1542.97,CREDIT,2026-08-22 04:29:50,Chennai
TXN202604066,ACC1026,37524.51,TRANSFER,2026-08-22 04:30:20,Delhi
TXN202604067,ACC1015,4009.75,TRANSFER,2026-08-22 04:30:50,Hyderabad
TXN202604068,ACC1017,9497.83,DEBIT,2026-08-22 04:31:20,Bangalore
TXN202604069,ACC1003,44244.35,DEBIT,2026-08-22 04:31:50,Chennai
TXN202604070,ACC1003,38780.38,TRANSFER,2026-08-22 04:32:20,Hyderabad
TXN202604071,ACC1013,21249.9,TRANSFER,2026-08-22 04:32:50,Bangalore
TXN202604072,ACC1039,15831.11,CREDIT,2026-08-22 04:33:20,Bangalore
TXN202604073,ACC1017,6873.25,CREDIT,2026-08-22 04:33:50,Chennai
TXN202604074,ACC1034,11925.01,CREDIT,2026-08-22 04:34:20,Chennai
TXN202604075,ACC1034,39557.6,DEBIT,2026-08-22 04:34:50,Chennai
TXN202604076,ACC1039,44228.68,TRANSFER,2026-08-22 04:35:20,Mumbai
TXN202604077,ACC1047,17886.24,TRANSFER,2026-08-22 04:35:50,Mumbai
TXN202604078,ACC1007,2619.82,DEBIT,2026-08-22 04:36:20,Bangalore
TXN202604079,ACC1020,46948.61,DEBIT,2026-08-22 04:36:50,Mumbai
TXN202604080,ACC1031,14331.46,TRANSFER,2026-08-22 04:37:20,Chennai
TXN202604081,ACC1030,10226.23,DEBIT,2026-08-22 04:37:50,Mumbai
TXN202604082,ACC1003,26034.79,DEBIT,2026-08-22 04:38:20,Delhi
TXN202604083,ACC1005,22402.08,TRANSFER,2026-08-22 04:38:50,Mumbai
TXN202604084,ACC1004,40136.66,CREDIT,2026-08-22 04:39:20,Hyderabad
TXN202604085,ACC1006,12395.81,TRANSFER,2026-08-22 04:39:50,Delhi
TXN202604086,ACC1035,49851.38,TRANSFER,2026-08-22 04:40:20,Chennai
TXN202604087,ACC1028,37709.89,CREDIT,2026-08-22 04:40:50,Delhi
TXN202604088,ACC1019,23630.91,DEBIT,2026-08-22 04:41:20,Mumbai
TXN202604089,ACC1045,654.49,DEBIT,2026-08-22 04:41:50,Delhi
TXN202604090,ACC1037,24958.32,CREDIT,2026-08-22 04:42:20,Mumbai
TXN202604091,ACC1038,41355.6,DEBIT,2026-08-22 04:42:50,Hyderabad
TXN202604092,ACC1046,29870.34,DEBIT,2026-08-22 04:43:20,Bangalore
TXN202604093,ACC1007,48693.88,TRANSFER,2026-08-22 04:43:50,Bangalore
TXN202604094,ACC1021,47993.73,CREDIT,2026-08-22 04:44:20,Delhi
TXN202604095,ACC1039,27019.23,DEBIT,2026-08-22 04:44:50,Mumbai
TXN202604096,ACC1005,29097.11,DEBIT,2026-08-22 04:45:20,Chennai
TXN202604097,ACC1026,11020.61,TRANSFER,2026-08-22 04:45:50,Chennai
TXN202604098,ACC1031,14838.6,DEBIT,2026-08-22 04:47:20,Hyderabad
TXN202604099,ACC1018,14323.11,TRANSFER,2026-08-22 04:46:50,Chennai
TXN202604100,ACC1001,5212.62,DEBIT,2026-08-22 04:47:20,Mumbai
TXN202604101,ACC1025,10083.5,DEBIT,2026-08-22 04:47:50,Bangalore
TXN202604102,ACC1012,45974.76,CREDIT,2026-08-22 04:48:20,Mumbai
TXN202604103,ACC1002,33897.1,TRANSFER,2026-08-22 04:48:50,Hyderabad
TXN202604104,ACC1030,48877.28,CREDIT,2026-08-22 04:49:20,Delhi
TXN202604105,ACC1009,6886.8,TRANSFER,2026-08-22 04:49:50,Bangalore
TXN202604106,ACC1031,22526.47,CREDIT,2026-08-22 04:50:20,Delhi
TXN202604107,ACC1038,33289.45,TRANSFER,2026-08-22 04:50:50,Mumbai
TXN202604108,ACC1045,30377.18,DEBIT,2026-08-22 04:51:20,Mumbai
TXN202604109,ACC1043,5210.62,TRANSFER,2026-08-22 04:51:50,Hyderabad
TXN202604110,ACC1029,9684.13,DEBIT,2026-08-22 04:52:20,Bangalore
TXN202604111,ACC1003,4696.16,CREDIT,2026-08-22 04:52:50,Hyderabad
TXN202604112,ACC1040,7740.0,CREDIT,2026-08-22 04:53:20,Bangalore
TXN202604113,ACC1028,37762.85,TRANSFER,2026-08-22 04:53:50,Delhi
TXN202604114,ACC1004,29813.72,DEBIT,2026-08-22 04:54:20,Bangalore
TXN202604115,ACC1020,22726.4,CREDIT,2026-08-22 04:54:50,Chennai
TXN202604116,ACC1024,5584.96,TRANSFER,2026-08-22 04:55:20,Bangalore
TXN202604117,ACC1045,23019.08,CREDIT,2026-08-22 04:55:50,Mumbai
TXN202604118,ACC1010,43408.01,DEBIT,2026-08-22 04:56:20,Delhi
TXN202604119,ACC1041,14759.2,DEBIT,2026-08-22 04:56:50,Hyderabad
TXN202604120,ACC1009,15318.61,CREDIT,2026-08-22 04:57:20,Mumbai
TXN202604121,ACC1050,4888.1,CREDIT,2026-08-22 04:57:50,Chennai
TXN202604122,ACC1035,1234.34,CREDIT,2026-08-22 04:58:20,Chennai
TXN202604123,ACC1035,45568.07,DEBIT,2026-08-22 04:58:50,Delhi
TXN202604124,ACC1034,18905.79,CREDIT,2026-08-22 04:59:20,Bangalore
TXN202604125,ACC1016,33038.27,DEBIT,2026-08-22 04:59:50,Mumbai
TXN202604126,ACC1019,39082.21,CREDIT,2026-08-22 05:00:20,Chennai
TXN202604127,ACC1047,38301.91,DEBIT,2026-08-22 05:00:50,Hyderabad
TXN202604128,ACC1004,35521.85,DEBIT,2026-08-22 05:01:20,Mumbai
TXN202604129,ACC1021,26815.7,TRANSFER,2026-08-22 05:01:50,Bangalore
TXN202604130,ACC1021,34558.64,CREDIT,2026-08-22 05:02:20,Bangalore
TXN202604131,ACC1036,21082.24,TRANSFER,2026-08-22 05:02:50,Chennai
TXN202604132,ACC1000,20517.11,CREDIT,2026-08-22 05:03:20,Hyderabad
TXN202604133,ACC1025,6327.8,DEBIT,2026-08-22 05:03:50,Bangalore
TXN202604134,ACC1034,40479.06,CREDIT,2026-08-22 05:04:20,Bangalore
TXN202604135,ACC1019,24678.93,TRANSFER,2026-08-22 05:04:50,Chennai
TXN202604136,ACC1019,47261.61,DEBIT,2026-08-22 05:05:20,Hyderabad
TXN202604137,ACC1044,22364.12,DEBIT,2026-08-22 05:05:50,Chennai
TXN202604138,ACC1026,22409.69,CREDIT,2026-08-22 05:06:20,Hyderabad
TXN202604139,ACC1043,46055.52,CREDIT,2026-08-22 05:06:50,Mumbai
TXN202604140,ACC1026,10356.3,TRANSFER,2026-08-22 05:07:20,Bangalore
TXN202604141,ACC1010,24597.77,TRANSFER,2026-08-22 05:07:50,Chennai
TXN202604142,ACC1049,31805.27,DEBIT,2026-08-22 05:08:20,Hyderabad
TXN202604143,ACC1040,42039.59,TRANSFER,2026-08-22 05:08:50,Delhi
TXN202604144,ACC1035,28200.82,DEBIT,2026-08-22 05:09:20,Mumbai
TXN202604145,ACC1041,30505.38,CREDIT,2026-08-22 05:09:50,Mumbai
TXN202604146,ACC1012,37247.19,TRANSFER,2026-08-22 05:10:20,Bangalore
TXN202604147,ACC1013,28137.51,TRANSFER,2026-08-22 05:10:50,Delhi
TXN202604148,ACC1030,26879.11,CREDIT,2026-08-22 05:11:20,Delhi
TXN202604149,ACC1034,20943.37,TRANSFER,2026-08-22 05:11:50,Bangalore
TXN202604150,ACC1004,23353.02,TRANSFER,2026-08-22 05:12:20,Delhi
TXN202604151,ACC1024,28353.07,CREDIT,2026-08-22 05:12:50,Delhi
TXN202604152,ACC1037,42173.25,DEBIT,2026-08-22 05:13:20,Bangalore
TXN202604153,ACC1013,27663.26,DEBIT,2026-08-22 05:13:50,Bangalore
TXN202604154,ACC1036,14397.26,TRANSFER,2026-08-22 05:14:20,Chennai
TXN202604155,ACC1024,28567.24,TRANSFER,2026-08-22 05:14:50,Chennai
TXN202604156,ACC1009,9734.85,DEBIT,2026-08-22 05:15:20,Bangalore
TXN202604157,ACC1003,3791.68,CREDIT,2026-08-22 05:15:50,Chennai
TXN202604158,ACC1040,35501.12,CREDIT,2026-08-22 05:16:20,Hyderabad
TXN202604159,ACC1044,715.67,DEBIT,2026-08-22 05:16:50,Chennai
TXN202604160,ACC1037,39395.39,CREDIT,2026-08-22 05:17:20,Hyderabad
TXN202604161,ACC1009,8313.48,TRANSFER,2026-08-22 05:17:50,Mumbai
TXN202604162,ACC1047,4364.06,CREDIT,2026-08-22 05:18:20,Delhi
TXN202604163,ACC1014,38697.96,CREDIT,2026-08-22 05:18:50,Chennai
TXN202604164,ACC1011,10668.59,TRANSFER,2026-08-22 05:19:20,Delhi
TXN202604165,ACC1025,34815.03,DEBIT,2026-08-22 05:19:50,Delhi
TXN202604166,ACC1041,10990.14,CREDIT,2026-08-22 05:20:20,Mumbai
TXN202604167,ACC1009,13606.89,TRANSFER,2026-08-22 05:20:50,Delhi
TXN202604168,ACC1015,40211.73,CREDIT,2026-08-22 05:21:20,Mumbai
TXN202604169,ACC1042,25118.33,TRANSFER,2026-08-22 05:21:50,Delhi
TXN202604170,ACC1019,13033.56,DEBIT,2026-08-22 05:22:20,Mumbai
TXN202604171,ACC1044,33449.61,DEBIT,2026-08-22 05:22:50,Bangalore
TXN202604172,ACC1000,17790.24,DEBIT,2026-08-22 05:23:20,Chennai
TXN202604173,ACC1043,993.15,DEBIT,2026-08-22 05:23:50,Bangalore
TXN202604174,ACC1004,43256.16,CREDIT,2026-08-22 05:24:20,Chennai
TXN202604175,ACC1039,22068.78,CREDIT,2026-08-22 05:24:50,Chennai
TXN202604176,ACC1008,49870.91,TRANSFER,2026-08-22 05:25:20,Hyderabad
TXN202604177,ACC1039,4454.71,DEBIT,2026-08-22 05:25:50,Mumbai
TXN202604178,ACC1040,36718.91,DEBIT,2026-08-22 05:26:20,Mumbai
TXN202604179,ACC1010,15638.51,TRANSFER,2026-08-22 05:26:50,Chennai
TXN202604180,ACC1009,24922.67,CREDIT,2026-08-22 05:27:20,Chennai
TXN202604181,ACC1045,29081.47,TRANSFER,2026-08-22 05:27:50,Hyderabad
TXN202604182,ACC1003,34856.2,DEBIT,2026-08-22 05:28:20,Delhi
TXN202604183,ACC1042,19842.97,TRANSFER,2026-08-22 05:28:50,Delhi
TXN202604184,ACC1028,26143.26,TRANSFER,2026-08-22 05:29:20,Hyderabad
TXN202604185,ACC1030,40597.92,DEBIT,2026-08-22 05:29:50,Mumbai
TXN202604186,ACC1003,46708.57,TRANSFER,2026-08-22 05:30:20,Delhi
TXN202604187,ACC1043,32473.12,DEBIT,2026-08-22 05:30:50,Chennai
TXN202604188,ACC1034,3162.39,DEBIT,2026-08-22 05:31:20,Bangalore
TXN202604189,ACC1016,1741.69,TRANSFER,2026-08-22 05:31:50,Hyderabad
TXN202604190,ACC1028,41263.09,DEBIT,2026-08-22 05:32:20,Chennai
TXN202604191,ACC1028,49413.16,CREDIT,2026-08-22 05:32:50,Delhi
TXN202604192,ACC1007,4949.13,CREDIT,2026-08-22 05:33:20,Chennai
TXN202604193,ACC1011,9357.2,TRANSFER,2026-08-22 05:33:50,Chennai
TXN202604194,ACC1027,21542.41,TRANSFER,2026-08-22 05:34:20,Delhi
TXN202604195,ACC1050,7824.78,TRANSFER,2026-08-22 05:34:50,Mumbai
TXN202604196,ACC1006,31061.64,CREDIT,2026-08-22 05:35:20,Bangalore
TXN202604197,ACC1001,18857.89,DEBIT,2026-08-22 05:35:50,Chennai
TXN202604198,ACC1036,7594.67,TRANSFER,2026-08-22 05:36:20,Mumbai
TXN202604199,ACC1033,12062.0,TRANSFER,2026-08-22 05:36:50,Delhi
TXN202604200,ACC1039,33861.2,CREDIT,2026-08-22 05:37:20,Chennai
TXN202604201,ACC1015,46846.95,DEBIT,2026-08-22 05:37:50,Delhi
TXN202604202,ACC1014,13618.23,TRANSFER,2026-08-22 05:38:20,Delhi
TXN202604203,ACC1039,18309.28,CREDIT,2026-08-22 05:38:50,Chennai
TXN202604204,ACC1003,21855.51,TRANSFER,2026-08-22 05:39:20,Mumbai
TXN202604205,ACC1025,31006.37,DEBIT,2026-08-22 05:39:50,Bangalore
TXN202604206,ACC1028,19674.22,DEBIT,2026-08-22 05:40:20,Hyderabad
TXN202604207,ACC1003,36323.75,CREDIT,2026-08-22 05:40:50,Delhi
TXN202604208,ACC1022,11050.31,DEBIT,2026-08-22 05:41:20,Mumbai
TXN202604209,ACC1022,38253.42,CREDIT,2026-08-22 05:41:50,Mumbai
TXN202604210,ACC1045,31645.85,DEBIT,2026-08-22 05:42:20,Mumbai
TXN202604211,ACC1025,34272.58,DEBIT,2026-08-22 05:42:50,Mumbai
TXN202604212,ACC1040,29610.55,CREDIT,2026-08-22 05:43:20,Mumbai
TXN202604213,ACC1036,23371.97,CREDIT,2026-08-22 05:43:50,Bangalore
TXN202604214,ACC1047,44827.09,TRANSFER,2026-08-22 05:44:20,Bangalore
TXN202604215,ACC1049,12141.6,TRANSFER,2026-08-22 05:44:50,Hyderabad
TXN202604216,ACC1049,22929.68,DEBIT,2026-08-22 05:45:20,Bangalore
TXN202604217,ACC1000,14871.04,CREDIT,2026-08-22 05:45:50,Chennai
TXN202604218,ACC1043,43875.03,DEBIT,2026-08-22 05:46:20,Chennai
TXN202604219,ACC1046,34946.84,DEBIT,2026-08-22 05:46:50,Delhi
TXN202604220,ACC1003,6832.69,DEBIT,2026-08-22 05:47:20,Chennai
TXN202604221,ACC1032,35840.24,CREDIT,2026-08-22 05:47:50,Hyderabad
TXN202604222,ACC1043,3646.35,CREDIT,2026-08-22 05:48:20,Mumbai
TXN202604223,ACC1014,10008.67,DEBIT,2026-08-22 05:48:50,Bangalore
TXN202604224,ACC1050,15423.15,DEBIT,2026-08-22 05:49:20,Mumbai
TXN202604225,ACC1016,2828.24,TRANSFER,2026-08-22 05:49:50,Delhi
TXN202604226,ACC1024,33815.79,DEBIT,2026-08-22 05:50:20,Hyderabad
TXN202604227,ACC1017,14010.59,CREDIT,2026-08-22 05:50:50,Bangalore
TXN202604228,ACC1026,34921.8,TRANSFER,2026-08-22 05:51:20,Chennai
TXN202604229,ACC1048,36494.69,TRANSFER,2026-08-22 05:51:50,Hyderabad
TXN202604230,ACC1012,19435.42,DEBIT,2026-08-22 05:52:20,Chennai
TXN202604231,ACC1037,47262.28,CREDIT,2026-08-22 05:52:50,Delhi
TXN202604232,ACC1043,14776.8,TRANSFER,2026-08-22 05:53:20,Bangalore
TXN202604233,ACC1004,38715.09,TRANSFER,2026-08-22 05:53:50,Hyderabad
TXN202604234,ACC1004,38391.38,DEBIT,2026-08-22 05:54:20,Chennai
TXN202604235,ACC1040,5716.32,DEBIT,2026-08-22 05:54:50,Hyderabad
TXN202604236,ACC1027,17236.2,CREDIT,2026-08-22 05:55:20,Hyderabad
TXN202604237,ACC1039,13004.04,TRANSFER,2026-08-22 05:55:50,Mumbai
TXN202604238,ACC1035,48516.17,CREDIT,2026-08-22 05:56:20,Chennai
TXN202604239,ACC1031,18766.43,TRANSFER,2026-08-22 05:56:50,Hyderabad
TXN202604240,ACC1017,7176.26,DEBIT,2026-08-22 05:57:20,Chennai
TXN202604241,ACC1018,24437.61,DEBIT,2026-08-22 05:57:50,Bangalore
TXN202604242,ACC1046,16364.31,CREDIT,2026-08-22 05:58:20,Bangalore
TXN202604243,ACC1021,26738.89,DEBIT,2026-08-22 05:58:50,Hyderabad
TXN202604244,ACC1009,16892.35,TRANSFER,2026-08-22 05:59:20,Delhi
TXN202604245,ACC1007,379.36,CREDIT,2026-08-22 05:59:50,Delhi
TXN202604246,ACC1016,26057.91,CREDIT,2026-08-22 06:00:20,Bangalore
TXN202604247,ACC1045,41790.96,CREDIT,2026-08-22 06:00:50,Bangalore
TXN202604248,ACC1003,43588.25,DEBIT,2026-08-22 06:01:20,Delhi
TXN202604249,ACC1013,18138.1,DEBIT,2026-08-22 06:01:50,Hyderabad
TXN202604250,ACC1018,22814.34,DEBIT,2026-08-22 06:02:20,Bangalore
TXN202604251,ACC1004,45131.72,DEBIT,2026-08-22 06:02:50,Bangalore
TXN202604252,ACC1022,44154.11,CREDIT,2026-08-22 06:03:20,Mumbai
TXN202604253,ACC1021,46900.65,CREDIT,2026-08-22 06:03:50,Hyderabad
TXN202604254,ACC1013,36109.82,DEBIT,2026-08-22 06:04:20,Bangalore
TXN202604255,ACC1005,39176.45,DEBIT,2026-08-22 06:04:50,Bangalore
TXN202604256,ACC1043,33542.52,CREDIT,2026-08-22 06:05:20,Mumbai
TXN202604257,ACC1004,48288.24,DEBIT,2026-08-22 06:05:50,Delhi
TXN202604258,ACC1013,22432.19,TRANSFER,2026-08-22 06:06:20,Bangalore
TXN202604259,ACC1000,26257.73,CREDIT,2026-08-22 06:06:50,Delhi
TXN202604260,ACC1007,15543.39,DEBIT,2026-08-22 06:07:20,Hyderabad
TXN202604261,ACC1032,25039.04,CREDIT,2026-08-22 06:07:50,Chennai
TXN202604262,ACC1026,46548.08,DEBIT,2026-08-22 06:08:20,Delhi
TXN202604263,ACC1041,35347.09,CREDIT,2026-08-22 06:08:50,Delhi
TXN202604264,ACC1024,34786.4,CREDIT,2026-08-22 06:09:20,Hyderabad
TXN202604265,ACC1010,45039.12,DEBIT,2026-08-22 06:09:50,Hyderabad
TXN202604266,ACC1008,12782.84,CREDIT,2026-08-22 06:10:20,Chennai
TXN202604267,ACC1000,21989.28,DEBIT,2026-08-22 06:10:50,Delhi
TXN202604268,ACC1007,10636.0,TRANSFER,2026-08-22 06:11:20,Delhi
TXN202604269,ACC1005,21913.35,DEBIT,2026-08-22 06:11:50,Delhi
TXN202604270,ACC1020,43784.79,DEBIT,2026-08-22 06:12:20,Delhi
TXN202604271,ACC1035,33303.37,DEBIT,2026-08-22 06:12:50,Bangalore
TXN202604272,ACC1022,34705.38,DEBIT,2026-08-22 06:13:20,Bangalore
TXN202604273,ACC1036,28410.43,CREDIT,2026-08-22 06:13:50,Bangalore
TXN202604274,ACC1024,44051.16,DEBIT,2026-08-22 06:14:20,Chennai
TXN202604275,ACC1033,8844.87,TRANSFER,2026-08-22 06:14:50,Bangalore
TXN202604276,ACC1035,47868.49,DEBIT,2026-08-22 06:15:20,Delhi
TXN202604277,ACC1009,1481.78,TRANSFER,2026-08-22 06:15:50,Bangalore
TXN202604278,ACC1001,15787.83,TRANSFER,2026-08-22 06:16:20,Hyderabad
TXN202604279,ACC1008,32213.35,CREDIT,2026-08-22 06:16:50,Hyderabad
TXN202604280,ACC1013,36796.42,TRANSFER,2026-08-22 06:17:20,Bangalore
TXN202604281,ACC1044,27758.31,DEBIT,2026-08-22 06:17:50,Hyderabad
TXN202604282,ACC1036,6533.29,CREDIT,2026-08-22 06:18:20,Delhi
TXN202604283,ACC1013,41222.81,CREDIT,2026-08-22 06:18:50,Chennai
TXN202604284,ACC1018,15145.84,TRANSFER,2026-08-22 06:19:20,Delhi
TXN202604285,ACC1026,13826.76,CREDIT,2026-08-22 06:19:50,Delhi
TXN202604286,ACC1027,17208.29,TRANSFER,2026-08-22 06:20:20,Chennai
TXN202604287,ACC1040,12220.17,TRANSFER,2026-08-22 06:20:50,Mumbai
TXN202604288,ACC1039,23168.66,CREDIT,2026-08-22 06:21:20,Mumbai
TXN202604289,ACC1031,17338.57,CREDIT,2026-08-22 06:21:50,Delhi
TXN202604290,ACC1029,16669.79,DEBIT,2026-08-22 06:22:20,Mumbai
TXN202604291,ACC1030,6600.27,CREDIT,2026-08-22 06:22:50,Mumbai
TXN202604292,ACC1005,32141.41,TRANSFER,2026-08-22 06:23:20,Delhi
TXN202604293,ACC1019,41931.85,CREDIT,2026-08-22 06:23:50,Bangalore
TXN202604294,ACC1011,29870.91,DEBIT,2026-08-22 06:24:20,Bangalore
TXN202604295,ACC1015,8441.45,TRANSFER,2026-08-22 06:24:50,Hyderabad
TXN202604296,ACC1015,47514.42,CREDIT,2026-08-22 06:25:20,Chennai
TXN202604297,ACC1037,21025.11,DEBIT,2026-08-22 06:25:50,Delhi
TXN202604298,ACC1047,27307.57,CREDIT,2026-08-22 06:26:20,Bangalore
TXN202604299,ACC1018,34109.75,TRANSFER,2026-08-22 06:26:50,Chennai
TXN202604300,ACC1019,648.21,TRANSFER,2026-08-22 06:27:20,Chennai
TXN202604301,ACC1037,24119.77,CREDIT,2026-08-22 06:27:50,Chennai
TXN202604302,ACC1013,11664.78,CREDIT,2026-08-22 06:28:20,Bangalore
TXN202604303,ACC1037,14384.67,DEBIT,2026-08-22 06:28:50,Mumbai
TXN202604304,ACC1048,20140.1,TRANSFER,2026-08-22 06:29:20,Delhi
TXN202604305,ACC1015,24060.08,CREDIT,2026-08-22 06:29:50,Mumbai
TXN202604306,ACC1050,33401.9,CREDIT,2026-08-22 06:30:20,Mumbai
TXN202604307,ACC1050,31586.51,TRANSFER,2026-08-22 06:30:50,Mumbai
TXN202604308,ACC1038,34250.67,DEBIT,2026-08-22 06:31:20,Chennai
TXN202604309,ACC1034,42367.73,TRANSFER,2026-08-22 06:31:50,Chennai
TXN202604310,ACC1019,11435.64,DEBIT,2026-08-22 06:32:20,Mumbai
TXN202604311,ACC1028,12969.2,TRANSFER,2026-08-22 06:32:50,Bangalore
TXN202604312,ACC1009,14326.91,DEBIT,2026-08-22 06:33:20,Delhi
TXN202604313,ACC1001,36649.84,DEBIT,2026-08-22 06:33:50,Delhi
TXN202604314,ACC1011,32788.17,CREDIT,2026-08-22 06:34:20,Bangalore
TXN202604315,ACC1050,519.92,TRANSFER,2026-08-22 06:34:50,Mumbai
TXN202604316,ACC1029,21186.1,CREDIT,2026-08-22 06:35:20,Delhi
TXN202604317,ACC1004,48829.14,DEBIT,2026-08-22 06:35:50,Delhi
TXN202604318,ACC1047,27777.53,DEBIT,2026-08-22 06:36:20,Bangalore
TXN202604319,ACC1030,7293.04,DEBIT,2026-08-22 06:36:50,Bangalore
TXN202604320,ACC1024,5923.18,TRANSFER,2026-08-22 06:37:20,Hyderabad
TXN202604321,ACC1026,6244.84,TRANSFER,2026-08-22 06:37:50,Mumbai
TXN202604322,ACC1036,5826.29,TRANSFER,2026-08-22 06:38:20,Chennai
TXN202604323,ACC1048,41139.04,DEBIT,2026-08-22 06:38:50,Delhi
TXN202604324,ACC1007,3155.55,DEBIT,2026-08-22 06:39:20,Bangalore
TXN202604325,ACC1029,36004.1,CREDIT,2026-08-22 06:39:50,Delhi
TXN202604326,ACC1017,11994.95,TRANSFER,2026-08-22 06:40:20,Hyderabad
TXN202604327,ACC1030,8138.02,TRANSFER,2026-08-22 06:40:50,Hyderabad
TXN202604328,ACC1033,46323.12,TRANSFER,2026-08-22 06:41:20,Delhi
TXN202604329,ACC1025,46945.87,CREDIT,2026-08-22 06:41:50,Bangalore
TXN202604330,ACC1039,4496.17,DEBIT,2026-08-22 06:42:20,Chennai
TXN202604331,ACC1045,12613.09,DEBIT,2026-08-22 06:42:50,Delhi
TXN202604332,ACC1044,32563.14,DEBIT,2026-08-22 06:43:20,Delhi
TXN202604333,ACC1021,8624.85,DEBIT,2026-08-22 06:43:50,Delhi
TXN202604334,ACC1045,13158.0,TRANSFER,2026-08-22 06:44:20,Chennai
TXN202604335,ACC1030,7218.48,DEBIT,2026-08-22 06:44:50,Bangalore
TXN202604336,ACC1042,10094.16,CREDIT,2026-08-22 06:45:20,Bangalore
TXN202604337,ACC1030,49023.21,DEBIT,2026-08-22 06:45:50,Hyderabad
TXN202604338,ACC1012,24223.13,DEBIT,2026-08-22 06:46:20,Hyderabad
TXN202604339,ACC1043,47759.18,TRANSFER,2026-08-22 06:46:50,Bangalore
TXN202604340,ACC1047,32562.95,CREDIT,2026-08-22 06:47:20,Bangalore
TXN202604341,ACC1037,28288.41,CREDIT,2026-08-22 06:47:50,Hyderabad
TXN202604342,ACC1012,34887.44,TRANSFER,2026-08-22 06:48:20,Hyderabad
TXN202604343,ACC1042,36449.53,TRANSFER,2026-08-22 06:48:50,Hyderabad
TXN202604344,ACC1039,36563.56,DEBIT,2026-08-22 06:49:20,Hyderabad
TXN202604345,ACC1019,19656.43,DEBIT,2026-08-22 06:49:50,Chennai
TXN202604346,ACC1050,35874.92,CREDIT,2026-08-22 06:50:20,Chennai
TXN202604347,ACC1023,21885.72,DEBIT,2026-08-22 06:50:50,Hyderabad
TXN202604348,ACC1026,46061.79,CREDIT,2026-08-22 06:51:20,Bangalore
TXN202604349,ACC1008,30764.91,CREDIT,2026-08-22 06:51:50,Hyderabad
TXN202604350,ACC1041,9452.39,TRANSFER,2026-08-22 06:52:20,Chennai
TXN202604351,ACC1028,18330.98,TRANSFER,2026-08-22 06:52:50,Delhi
TXN202604352,ACC1031,20520.56,TRANSFER,2026-08-22 06:53:20,Hyderabad
TXN202604353,ACC1050,561.58,TRANSFER,2026-08-22 06:53:50,Hyderabad
TXN202604354,ACC1032,12345.43,TRANSFER,2026-08-22 06:54:20,Delhi
TXN202604355,ACC1021,13798.66,CREDIT,2026-08-22 06:54:50,Bangalore
TXN202604356,ACC1000,26306.29,TRANSFER,2026-08-22 06:55:20,Mumbai
TXN202604357,ACC1047,24665.07,DEBIT,2026-08-22 06:55:50,Chennai
TXN202604358,ACC1040,1149.82,DEBIT,2026-08-22 06:56:20,Chennai
TXN202604359,ACC1033,22233.08,DEBIT,2026-08-22 06:56:50,Hyderabad
TXN202604360,ACC1004,16622.87,TRANSFER,2026-08-22 06:57:20,Delhi
TXN202604361,ACC1000,47781.39,DEBIT,2026-08-22 06:57:50,Bangalore
TXN202604362,ACC1011,35885.2,CREDIT,2026-08-22 06:58:20,Hyderabad
TXN202604363,ACC1016,20811.13,DEBIT,2026-08-22 06:58:50,Mumbai
TXN202604364,ACC1014,46105.66,DEBIT,2026-08-22 06:59:20,Bangalore
TXN202604365,ACC1023,8635.72,TRANSFER,2026-08-22 06:59:50,Delhi
TXN202604366,ACC1041,16658.46,TRANSFER,2026-08-22 07:00:20,Hyderabad
TXN202604367,ACC1043,17400.59,TRANSFER,2026-08-22 07:00:50,Delhi
TXN202604368,ACC1028,48674.0,DEBIT,2026-08-22 07:01:20,Mumbai
TXN202604369,ACC1028,15441.71,DEBIT,2026-08-22 07:01:50,Chennai
TXN202604370,ACC1046,28841.96,CREDIT,2026-08-22 07:02:20,Bangalore
TXN202604371,ACC1027,20309.37,DEBIT,2026-08-22 07:02:50,Bangalore
TXN202604372,ACC1037,36222.65,TRANSFER,2026-08-22 07:03:20,Mumbai
TXN202604373,ACC1030,17480.19,DEBIT,2026-08-22 07:03:50,Bangalore
TXN202604374,ACC1043,9281.68,TRANSFER,2026-08-22 07:04:20,Hyderabad
TXN202604375,ACC1038,32017.17,CREDIT,2026-08-22 07:04:50,Hyderabad
TXN202604376,ACC1004,22228.98,TRANSFER,2026-08-22 07:05:20,Hyderabad
TXN202604377,ACC1036,25655.61,TRANSFER,2026-08-22 07:05:50,Bangalore
TXN202604378,ACC1011,12640.57,CREDIT,2026-08-22 07:06:20,Bangalore
TXN202604379,ACC1015,34226.02,DEBIT,2026-08-22 07:06:50,Chennai
TXN202604380,ACC1013,1903.48,DEBIT,2026-08-22 07:07:20,Hyderabad
TXN202604381,ACC1000,31682.85,CREDIT,2026-08-22 07:07:50,Mumbai
TXN202604382,ACC1048,19110.74,DEBIT,2026-08-22 07:08:20,Chennai
TXN202604383,ACC1022,13300.63,DEBIT,2026-08-22 07:08:50,Mumbai
TXN202604384,ACC1002,48552.25,TRANSFER,2026-08-22 07:09:20,Chennai
TXN202604385,ACC1038,33295.51,DEBIT,2026-08-22 07:09:50,Bangalore
TXN202604386,ACC1034,27018.57,DEBIT,2026-08-22 07:10:20,Bangalore
TXN202604387,ACC1043,20977.18,CREDIT,2026-08-22 07:10:50,Mumbai
TXN202604388,ACC1026,12274.21,DEBIT,2026-08-22 07:11:20,Bangalore
TXN202604389,ACC1039,33333.2,TRANSFER,2026-08-22 07:11:50,Chennai
TXN202604390,ACC1045,27206.5,DEBIT,2026-08-22 07:12:20,Delhi
TXN202604391,ACC1022,25259.7,CREDIT,2026-08-22 07:12:50,Mumbai
TXN202604392,ACC1014,17125.24,DEBIT,2026-08-22 07:13:20,Bangalore
TXN202604393,ACC1027,29844.86,TRANSFER,2026-08-22 07:13:50,Hyderabad
TXN202604394,ACC1004,24220.49,DEBIT,2026-08-22 07:14:20,Bangalore
TXN202604395,ACC1020,49912.28,TRANSFER,2026-08-22 07:14:50,Bangalore
TXN202604396,ACC1027,13416.44,CREDIT,2026-08-22 07:15:20,Bangalore
TXN202604397,ACC1028,34578.6,DEBIT,2026-08-22 07:15:50,Mumbai
TXN202604398,ACC1046,1446.51,DEBIT,2026-08-22 07:16:20,Chennai
TXN202604399,ACC1004,36951.15,DEBIT,2026-08-22 07:16:50,Chennai
TXN202604400,ACC1017,24563.86,TRANSFER,2026-08-22 07:17:20,Bangalore
TXN202604401,ACC1048,3197.28,TRANSFER,2026-08-22 07:17:50,Mumbai
TXN202604402,ACC1015,40218.81,DEBIT,2026-08-22 07:18:20,Hyderabad
TXN202604403,ACC1024,5509.96,TRANSFER,2026-08-22 07:18:50,Delhi
TXN202604404,ACC1037,17733.1,TRANSFER,2026-08-22 07:19:20,Delhi
TXN202604405,ACC1015,43054.43,TRANSFER,2026-08-22 07:19:50,Delhi
TXN202604406,ACC1043,7218.34,DEBIT,2026-08-22 07:20:20,Delhi
TXN202604407,ACC1035,41906.01,TRANSFER,2026-08-22 07:20:50,Mumbai
TXN202604408,ACC1030,721.7,CREDIT,2026-08-22 07:21:20,Bangalore
TXN202604409,ACC1036,7470.23,CREDIT,2026-08-22 07:21:50,Delhi
TXN202604410,ACC1000,20509.79,TRANSFER,2026-08-22 07:22:20,Hyderabad
TXN202604411,ACC1049,10140.37,DEBIT,2026-08-22 07:22:50,Chennai
TXN202604412,ACC1032,6640.53,DEBIT,2026-08-22 07:23:20,Bangalore
TXN202604413,ACC1048,48691.01,DEBIT,2026-08-22 07:23:50,Delhi
TXN202604414,ACC1020,8831.93,TRANSFER,2026-08-22 07:24:20,Hyderabad
TXN202604415,ACC1004,41335.42,TRANSFER,2026-08-22 07:24:50,Chennai
TXN202604416,ACC1040,16493.84,CREDIT,2026-08-22 07:25:20,Bangalore
TXN202604417,ACC1025,44104.75,CREDIT,2026-08-22 07:25:50,Delhi
TXN202604418,ACC1041,40565.94,DEBIT,2026-08-22 07:26:20,Hyderabad
TXN202604419,ACC1024,33546.6,CREDIT,2026-08-22 07:26:50,Chennai
TXN202604420,ACC1037,29835.92,CREDIT,2026-08-22 07:27:20,Chennai
TXN202604421,ACC1027,16534.35,TRANSFER,2026-08-22 07:27:50,Bangalore
TXN202604422,ACC1030,12390.99,CREDIT,2026-08-22 07:28:20,Hyderabad
TXN202604423,ACC1032,46071.47,DEBIT,2026-08-22 07:28:50,Mumbai
TXN202604424,ACC1031,4004.06,TRANSFER,2026-08-22 07:29:20,Chennai
TXN202604425,ACC1007,6626.37,CREDIT,2026-08-22 07:29:50,Chennai
TXN202604426,ACC1033,11892.58,CREDIT,2026-08-22 07:30:20,Chennai
TXN202604427,ACC1043,10029.67,DEBIT,2026-08-22 07:30:50,Bangalore
TXN202604428,ACC1030,29740.17,TRANSFER,2026-08-22 07:31:20,Bangalore
TXN202604429,ACC1039,19329.71,TRANSFER,2026-08-22 07:31:50,Delhi
TXN202604430,ACC1017,3763.92,DEBIT,2026-08-22 07:32:20,Chennai
TXN202604431,ACC1004,31805.99,CREDIT,2026-08-22 07:32:50,Mumbai
TXN202604432,ACC1043,16537.33,CREDIT,2026-08-22 07:33:20,Delhi
TXN202604433,ACC1040,5531.47,TRANSFER,2026-08-22 07:33:50,Delhi
TXN202604434,ACC1007,32377.72,CREDIT,2026-08-22 07:34:20,Mumbai
TXN202604435,ACC1023,12037.02,CREDIT,2026-08-22 07:34:50,Mumbai
TXN202604436,ACC1021,14876.8,TRANSFER,2026-08-22 07:35:20,Mumbai
TXN202604437,ACC1009,36665.99,DEBIT,2026-08-22 07:35:50,Hyderabad
TXN202604438,ACC1029,37481.47,DEBIT,2026-08-22 07:36:20,Chennai
TXN202604439,ACC1042,48801.43,TRANSFER,2026-08-22 07:36:50,Hyderabad
TXN202604440,ACC1034,26589.78,TRANSFER,2026-08-22 07:37:20,Hyderabad
TXN202604441,ACC1030,20437.66,CREDIT,2026-08-22 07:37:50,Hyderabad
TXN202604442,ACC1042,17922.4,CREDIT,2026-08-22 07:38:20,Hyderabad
TXN202604443,ACC1046,23718.08,TRANSFER,2026-08-22 07:38:50,Delhi
TXN202604444,ACC1030,37494.01,CREDIT,2026-08-22 07:39:20,Bangalore
TXN202604445,ACC1005,16282.44,CREDIT,2026-08-22 07:39:50,Chennai
TXN202604446,ACC1047,40227.51,CREDIT,2026-08-22 07:40:20,Hyderabad
TXN202604447,ACC1028,14271.66,DEBIT,2026-08-22 07:40:50,Delhi
TXN202604448,ACC1025,44763.8,CREDIT,2026-08-22 07:41:20,Bangalore
TXN202604449,ACC1016,46696.91,DEBIT,2026-08-22 07:41:50,Delhi
TXN202604450,ACC1025,43996.78,CREDIT,2026-08-22 07:42:20,Chennai
TXN202604451,ACC1035,38551.67,DEBIT,2026-08-22 07:42:50,Hyderabad
TXN202604452,ACC1001,41440.83,CREDIT,2026-08-22 07:43:20,Delhi
TXN202604453,ACC1008,21407.8,TRANSFER,2026-08-22 07:43:50,Bangalore
TXN202604454,ACC1027,5291.58,CREDIT,2026-08-22 07:44:20,Mumbai
TXN202604455,ACC1027,27306.39,DEBIT,2026-08-22 07:44:50,Mumbai
TXN202604456,ACC1004,39225.77,CREDIT,2026-08-22 07:45:20,Chennai
TXN202604457,ACC1039,405.84,CREDIT,2026-08-22 07:45:50,Bangalore
TXN202604458,ACC1024,3152.07,CREDIT,2026-08-22 07:46:20,Delhi
TXN202604459,ACC1031,30556.83,DEBIT,2026-08-22 07:46:50,Delhi
TXN202604460,ACC1019,4796.1,DEBIT,2026-08-22 07:47:20,Delhi
TXN202604461,ACC1023,17272.58,DEBIT,2026-08-22 07:47:50,Mumbai
TXN202604462,ACC1022,24939.55,TRANSFER,2026-08-22 07:48:20,Bangalore
TXN202604463,ACC1034,34572.56,DEBIT,2026-08-22 07:48:50,Chennai
TXN202604464,ACC1042,18768.27,TRANSFER,2026-08-22 07:49:20,Bangalore
TXN202604465,ACC1024,14586.27,DEBIT,2026-08-22 07:49:50,Chennai
TXN202604466,ACC1006,6610.89,CREDIT,2026-08-22 07:50:20,Delhi
TXN202604467,ACC1042,7614.45,TRANSFER,2026-08-22 07:50:50,Mumbai
TXN202604468,ACC1043,4272.62,DEBIT,2026-08-22 07:51:20,Bangalore
TXN202604469,ACC1006,44470.28,TRANSFER,2026-08-22 07:51:50,Chennai
TXN202604470,ACC1030,981.31,TRANSFER,2026-08-22 07:52:20,Delhi
TXN202604471,ACC1007,42197.77,CREDIT,2026-08-22 07:52:50,Bangalore
TXN202604472,ACC1003,12420.81,TRANSFER,2026-08-22 07:53:20,Chennai
TXN202604473,ACC1004,1943.52,TRANSFER,2026-08-22 07:53:50,Chennai
TXN202604474,ACC1049,18521.82,CREDIT,2026-08-22 07:54:20,Bangalore
TXN202604475,ACC1041,26952.06,DEBIT,2026-08-22 07:54:50,Hyderabad
TXN202604476,ACC1038,1721.92,DEBIT,2026-08-22 07:55:20,Chennai
TXN202604477,ACC1003,7714.03,CREDIT,2026-08-22 07:55:50,Delhi
TXN202604478,ACC1021,2486.05,TRANSFER,2026-08-22 07:56:20,Hyderabad
TXN202604479,ACC1034,30648.48,CREDIT,2026-08-22 07:56:50,Chennai
TXN202604480,ACC1017,44735.5,CREDIT,2026-08-22 07:57:20,Mumbai
TXN202604481,ACC1028,34525.01,CREDIT,2026-08-22 07:57:50,Bangalore
TXN202604482,ACC1003,40535.98,DEBIT,2026-08-22 07:58:20,Mumbai
TXN202604483,ACC1004,27258.9,CREDIT,2026-08-22 07:58:50,Delhi
TXN202604484,ACC1027,27927.33,DEBIT,2026-08-22 07:59:20,Hyderabad
TXN202604485,ACC1014,9228.21,TRANSFER,2026-08-22 07:59:50,Delhi
TXN202604486,ACC1021,12092.69,DEBIT,2026-08-22 08:00:20,Chennai
TXN202604487,ACC1008,42235.73,TRANSFER,2026-08-22 08:00:50,Delhi
TXN202604488,ACC1025,4152.19,TRANSFER,2026-08-22 08:01:20,Chennai
TXN202604489,ACC1020,24661.44,DEBIT,2026-08-22 08:01:50,Hyderabad
TXN202604490,ACC1023,16275.99,CREDIT,2026-08-22 08:02:20,Delhi
TXN202604491,ACC1001,33103.33,DEBIT,2026-08-22 08:02:50,Delhi
TXN202604492,ACC1005,17673.18,CREDIT,2026-08-22 08:03:20,Delhi
TXN202604493,ACC1030,43363.78,CREDIT,2026-08-22 08:03:50,Bangalore
TXN202604494,ACC1000,42158.87,CREDIT,2026-08-22 08:04:20,Chennai
TXN202604495,ACC1010,11252.22,DEBIT,2026-08-22 08:04:50,Bangalore
TXN202604496,ACC1008,24609.1,DEBIT,2026-08-22 08:05:20,Chennai
TXN202604497,ACC1012,9465.01,TRANSFER,2026-08-22 08:05:50,Hyderabad
TXN202604498,ACC1009,40862.78,TRANSFER,2026-08-22 08:06:20,Bangalore
TXN202604499,ACC1049,43650.66,CREDIT,2026-08-22 08:06:50,Hyderabad
TXN202604500,ACC1045,21270.07,TRANSFER,2026-08-22 08:07:20,Delhi
TXN202604501,ACC1004,18999.67,CREDIT,2026-08-22 08:07:50,Hyderabad
TXN202604502,ACC1040,25872.28,CREDIT,2026-08-22 08:08:20,Chennai
TXN202604503,ACC1041,40390.01,DEBIT,2026-08-22 08:08:50,Hyderabad
TXN202604504,ACC1040,25707.09,DEBIT,2026-08-22 08:09:20,Chennai
TXN202604505,ACC1010,41754.34,CREDIT,2026-08-22 08:09:50,Chennai
TXN202604506,ACC1031,9173.04,DEBIT,2026-08-22 08:10:20,Mumbai
TXN202604507,ACC1029,23120.96,DEBIT,2026-08-22 08:10:50,Mumbai
TXN202604508,ACC1038,39071.25,TRANSFER,2026-08-22 08:11:20,Delhi
TXN202604509,ACC1014,44963.46,CREDIT,2026-08-22 08:11:50,Bangalore
TXN202604510,ACC1048,36463.41,CREDIT,2026-08-22 08:12:20,Mumbai
TXN202604511,ACC1004,28723.68,DEBIT,2026-08-22 08:12:50,Bangalore
TXN202604512,ACC1026,22754.71,TRANSFER,2026-08-22 08:13:20,Delhi
TXN202604513,ACC1027,485.86,TRANSFER,2026-08-22 08:13:50,Hyderabad
TXN202604514,ACC1015,9248.4,DEBIT,2026-08-22 08:14:20,Delhi
TXN202604515,ACC1043,1793.33,TRANSFER,2026-08-22 08:14:50,Mumbai
TXN202604516,ACC1000,30623.66,TRANSFER,2026-08-22 08:15:20,Mumbai
TXN202604517,ACC1049,49853.8,CREDIT,2026-08-22 08:15:50,Chennai
TXN202604518,ACC1049,45473.56,CREDIT,2026-08-22 08:16:20,Chennai
TXN202604519,ACC1004,11287.35,DEBIT,2026-08-22 08:16:50,Bangalore
TXN202604520,ACC1042,30219.27,TRANSFER,2026-08-22 08:17:20,Bangalore
TXN202604521,ACC1019,4552.23,TRANSFER,2026-08-22 08:17:50,Delhi
TXN202604522,ACC1045,23624.53,DEBIT,2026-08-22 08:18:20,Delhi
TXN202604523,ACC1027,22098.98,TRANSFER,2026-08-22 08:18:50,Bangalore
TXN202604524,ACC1025,12164.84,CREDIT,2026-08-22 08:19:20,Mumbai
TXN202604525,ACC1018,14236.64,TRANSFER,2026-08-22 08:19:50,Bangalore
TXN202604526,ACC1025,15976.38,CREDIT,2026-08-22 08:20:20,Chennai
TXN202604527,ACC1007,16791.98,CREDIT,2026-08-22 08:20:50,Mumbai
TXN202604528,ACC1006,24932.5,CREDIT,2026-08-22 08:21:20,Bangalore
TXN202604529,ACC1015,8814.05,TRANSFER,2026-08-22 08:21:50,Bangalore
TXN202604530,ACC1013,10130.49,DEBIT,2026-08-22 08:22:20,Hyderabad
TXN202604531,ACC1023,34577.15,TRANSFER,2026-08-22 08:22:50,Mumbai
TXN202604532,ACC1006,297.27,TRANSFER,2026-08-22 08:23:20,Chennai
TXN202604533,ACC1033,9262.71,DEBIT,2026-08-22 08:23:50,Chennai
TXN202604534,ACC1035,20976.72,CREDIT,2026-08-22 08:24:20,Delhi
TXN202604535,ACC1024,24021.48,DEBIT,2026-08-22 08:24:50,Mumbai
TXN202604536,ACC1038,46098.74,CREDIT,2026-08-22 08:25:20,Chennai
TXN202604537,ACC1043,46499.0,TRANSFER,2026-08-22 08:25:50,Delhi
TXN202604538,ACC1016,21360.12,CREDIT,2026-08-22 08:26:20,Bangalore
TXN202604539,ACC1024,13259.46,DEBIT,2026-08-22 08:26:50,Delhi
TXN202604540,ACC1022,48452.4,CREDIT,2026-08-22 08:27:20,Mumbai
TXN202604541,ACC1031,46748.88,TRANSFER,2026-08-22 08:27:50,Bangalore
TXN202604542,ACC1049,4119.65,TRANSFER,2026-08-22 08:28:20,Mumbai
TXN202604543,ACC1002,21151.85,DEBIT,2026-08-22 08:28:50,Mumbai
TXN202604544,ACC1041,5072.53,DEBIT,2026-08-22 08:29:20,Mumbai
TXN202604545,ACC1009,44622.17,TRANSFER,2026-08-22 08:29:50,Chennai
TXN202604546,ACC1025,21564.37,TRANSFER,2026-08-22 08:30:20,Hyderabad
TXN202604547,ACC1012,19842.96,TRANSFER,2026-08-22 08:30:50,Delhi
TXN202604548,ACC1018,48604.15,DEBIT,2026-08-22 08:31:20,Hyderabad
TXN202604549,ACC1032,35789.84,TRANSFER,2026-08-22 08:31:50,Mumbai
TXN202604550,ACC1011,33824.6,DEBIT,2026-08-22 08:32:20,Delhi
TXN202604551,ACC1000,30242.67,DEBIT,2026-08-22 08:32:50,Hyderabad
TXN202604552,ACC1035,21446.24,TRANSFER,2026-08-22 08:33:20,Mumbai
TXN202604553,ACC1008,40897.53,TRANSFER,2026-08-22 08:33:50,Delhi
TXN202604554,ACC1036,27520.33,TRANSFER,2026-08-22 08:34:20,Mumbai
TXN202604555,ACC1039,6570.66,CREDIT,2026-08-22 08:34:50,Chennai
TXN202604556,ACC1029,15472.64,TRANSFER,2026-08-22 08:35:20,Delhi
TXN202604557,ACC1044,36312.2,CREDIT,2026-08-22 08:35:50,Chennai
TXN202604558,ACC1032,4718.44,TRANSFER,2026-08-22 08:36:20,Chennai
TXN202604559,ACC1025,48533.41,CREDIT,2026-08-22 08:36:50,Chennai
TXN202604560,ACC1037,16302.16,CREDIT,2026-08-22 08:37:20,Chennai
TXN202604561,ACC1017,401.99,DEBIT,2026-08-22 08:37:50,Delhi
TXN202604562,ACC1032,36833.75,DEBIT,2026-08-22 08:38:20,Delhi
TXN202604563,ACC1000,25879.97,TRANSFER,2026-08-22 08:38:50,Hyderabad
TXN202604564,ACC1026,43699.66,CREDIT,2026-08-22 08:39:20,Delhi
TXN202604565,ACC1018,24333.49,CREDIT,2026-08-22 08:39:50,Delhi
TXN202604566,ACC1038,42470.72,CREDIT,2026-08-22 08:40:20,Chennai
TXN202604567,ACC1007,42280.27,TRANSFER,2026-08-22 08:40:50,Chennai
TXN202604568,ACC1011,25374.54,DEBIT,2026-08-22 08:41:20,Chennai
TXN202604569,ACC1050,40584.88,CREDIT,2026-08-22 08:41:50,Bangalore
TXN202604570,ACC1024,24141.64,DEBIT,2026-08-22 08:42:20,Bangalore
TXN202604571,ACC1033,21488.24,TRANSFER,2026-08-22 08:42:50,Mumbai
TXN202604572,ACC1021,14926.51,CREDIT,2026-08-22 08:43:20,Hyderabad
TXN202604573,ACC1043,7518.56,CREDIT,2026-08-22 08:43:50,Bangalore
TXN202604574,ACC1041,22726.83,CREDIT,2026-08-22 08:44:20,Chennai
TXN202604575,ACC1031,33018.97,TRANSFER,2026-08-22 08:44:50,Hyderabad
TXN202604576,ACC1031,39068.21,TRANSFER,2026-08-22 08:45:20,Hyderabad
TXN202604577,ACC1022,17588.87,TRANSFER,2026-08-22 08:45:50,Bangalore
TXN202604578,ACC1043,34952.04,TRANSFER,2026-08-22 08:46:20,Delhi
TXN202604579,ACC1021,35259.77,TRANSFER,2026-08-22 08:46:50,Chennai
TXN202604580,ACC1012,42396.75,DEBIT,2026-08-22 08:47:20,Hyderabad
TXN202604581,ACC1042,16769.45,TRANSFER,2026-08-22 08:47:50,Delhi
TXN202604582,ACC1038,36597.16,DEBIT,2026-08-22 08:48:20,Delhi
TXN202604583,ACC1035,7992.29,TRANSFER,2026-08-22 08:48:50,Mumbai
TXN202604584,ACC1045,14426.31,CREDIT,2026-08-22 08:49:20,Mumbai
TXN202604585,ACC1006,37984.17,DEBIT,2026-08-22 08:49:50,Delhi
TXN202604586,ACC1045,49842.42,CREDIT,2026-08-22 08:50:20,Hyderabad
TXN202604587,ACC1013,43596.38,DEBIT,2026-08-22 08:50:50,Delhi
TXN202604588,ACC1000,7903.45,DEBIT,2026-08-22 08:51:20,Hyderabad
TXN202604589,ACC1045,28310.87,DEBIT,2026-08-22 08:51:50,Delhi
TXN202604590,ACC1013,46213.53,DEBIT,2026-08-22 08:52:20,Mumbai
TXN202604591,ACC1034,31231.97,CREDIT,2026-08-22 08:52:50,Bangalore
TXN202604592,ACC1045,38118.38,CREDIT,2026-08-22 08:53:20,Delhi
TXN202604593,ACC1028,38168.19,TRANSFER,2026-08-22 08:53:50,Delhi
TXN202604594,ACC1008,47511.4,DEBIT,2026-08-22 08:54:20,Delhi
TXN202604595,ACC1006,12665.39,TRANSFER,2026-08-22 08:54:50,Hyderabad
TXN202604596,ACC1007,6652.04,CREDIT,2026-08-22 08:55:20,Mumbai
TXN202604597,ACC1007,20083.43,TRANSFER,2026-08-22 08:55:50,Chennai
TXN202604598,ACC1032,33838.19,DEBIT,2026-08-22 08:56:20,Hyderabad
TXN202604599,ACC1013,6394.7,DEBIT,2026-08-22 08:56:50,Bangalore
TXN202604600,ACC1008,44447.06,DEBIT,2026-08-22 08:57:20,Mumbai
TXN202604601,ACC1013,19286.62,CREDIT,2026-08-22 08:57:50,Hyderabad
TXN202604602,ACC1036,21252.6,CREDIT,2026-08-22 08:58:20,Bangalore
TXN202604603,ACC1015,42074.83,CREDIT,2026-08-22 08:58:50,Hyderabad
TXN202604604,ACC1029,42874.0,CREDIT,2026-08-22 08:59:20,Delhi
TXN202604605,ACC1035,15931.03,DEBIT,2026-08-22 08:59:50,Mumbai
TXN202604606,ACC1042,33956.92,DEBIT,2026-08-22 09:00:20,Chennai
TXN202604607,ACC1006,142.7,CREDIT,2026-08-22 09:00:50,Delhi
TXN202604608,ACC1023,31097.98,CREDIT,2026-08-22 09:01:20,Mumbai
TXN202604609,ACC1014,11605.22,CREDIT,2026-08-22 09:01:50,Delhi
TXN202604610,ACC1013,35188.14,TRANSFER,2026-08-22 09:02:20,Chennai
TXN202604611,ACC1029,47146.35,CREDIT,2026-08-22 09:02:50,Chennai
TXN202604612,ACC1013,9022.15,DEBIT,2026-08-22 09:03:20,Delhi
TXN202604613,ACC1036,34089.83,DEBIT,2026-08-22 09:03:50,Delhi
TXN202604614,ACC1039,7747.12,DEBIT,2026-08-22 09:04:20,Bangalore
TXN202604615,ACC1044,3103.66,DEBIT,2026-08-22 09:04:50,Bangalore
TXN202604616,ACC1020,16170.62,CREDIT,2026-08-22 09:05:20,Delhi
TXN202604617,ACC1021,45869.95,DEBIT,2026-08-22 09:05:50,Delhi
TXN202604618,ACC1010,23373.34,CREDIT,2026-08-22 09:06:20,Delhi
TXN202604619,ACC1008,36019.68,CREDIT,2026-08-22 09:06:50,Mumbai
TXN202604620,ACC1022,43171.67,DEBIT,2026-08-22 09:07:20,Hyderabad
TXN202604621,ACC1034,19248.1,TRANSFER,2026-08-22 09:07:50,Hyderabad
TXN202604622,ACC1015,11997.26,TRANSFER,2026-08-22 09:08:20,Chennai
TXN202604623,ACC1039,2672.57,TRANSFER,2026-08-22 09:08:50,Delhi
TXN202604624,ACC1041,24473.58,TRANSFER,2026-08-22 09:09:20,Bangalore
TXN202604625,ACC1015,19859.57,CREDIT,2026-08-22 09:09:50,Delhi
TXN202604626,ACC1021,5681.58,CREDIT,2026-08-22 09:10:20,Mumbai
TXN202604627,ACC1001,44834.1,DEBIT,2026-08-22 09:10:50,Delhi
TXN202604628,ACC1029,48677.66,CREDIT,2026-08-22 09:11:20,Bangalore
TXN202604629,ACC1010,39319.54,TRANSFER,2026-08-22 09:11:50,Delhi
TXN202604630,ACC1049,45564.14,CREDIT,2026-08-22 09:12:20,Mumbai
TXN202604631,ACC1007,31528.92,TRANSFER,2026-08-22 09:12:50,Delhi
TXN202604632,ACC1027,47965.31,TRANSFER,2026-08-22 09:13:20,Delhi
TXN202604633,ACC1025,45184.17,DEBIT,2026-08-22 09:13:50,Bangalore
TXN202604634,ACC1013,16718.93,TRANSFER,2026-08-22 09:14:20,Bangalore
TXN202604635,ACC1002,19398.99,CREDIT,2026-08-22 09:14:50,Chennai
TXN202604636,ACC1022,35034.21,TRANSFER,2026-08-22 09:15:20,Mumbai
TXN202604637,ACC1005,44133.97,CREDIT,2026-08-22 09:15:50,Hyderabad
TXN202604638,ACC1034,13514.18,CREDIT,2026-08-22 09:16:20,Mumbai
TXN202604639,ACC1040,11055.33,TRANSFER,2026-08-22 09:16:50,Bangalore
TXN202604640,ACC1034,39750.65,DEBIT,2026-08-22 09:17:20,Bangalore
TXN202604641,ACC1041,45414.61,DEBIT,2026-08-22 09:17:50,Hyderabad
TXN202604642,ACC1004,24477.39,TRANSFER,2026-08-22 09:18:20,Bangalore
TXN202604643,ACC1005,3530.04,TRANSFER,2026-08-22 09:18:50,Bangalore
TXN202604644,ACC1041,31323.25,DEBIT,2026-08-22 09:19:20,Hyderabad
TXN202604645,ACC1015,26682.71,DEBIT,2026-08-22 09:19:50,Chennai
TXN202604646,ACC1005,44919.91,TRANSFER,2026-08-22 09:20:20,Hyderabad
TXN202604647,ACC1017,33779.8,TRANSFER,2026-08-22 09:20:50,Chennai
TXN202604648,ACC1029,23015.31,DEBIT,2026-08-22 09:21:20,Bangalore
TXN202604649,ACC1047,22300.19,DEBIT,2026-08-22 09:21:50,Delhi
TXN202604650,ACC1036,8024.0,DEBIT,2026-08-22 09:22:20,Mumbai
TXN202604651,ACC1013,40848.9,CREDIT,2026-08-22 09:22:50,Hyderabad
TXN202604652,ACC1049,29927.62,TRANSFER,2026-08-22 09:23:20,Bangalore
TXN202604653,ACC1026,41283.05,TRANSFER,2026-08-22 09:23:50,Chennai
TXN202604654,ACC1015,23569.79,CREDIT,2026-08-22 09:24:20,Bangalore
TXN202604655,ACC1023,32577.47,CREDIT,2026-08-22 09:24:50,Hyderabad
TXN202604656,ACC1026,47633.06,DEBIT,2026-08-22 09:25:20,Hyderabad
TXN202604657,ACC1044,6718.04,CREDIT,2026-08-22 09:25:50,Bangalore
TXN202604658,ACC1025,11083.27,TRANSFER,2026-08-22 09:26:20,Bangalore
TXN202604659,ACC1035,34633.99,DEBIT,2026-08-22 09:26:50,Hyderabad
TXN202604660,ACC1013,13151.23,TRANSFER,2026-08-22 09:27:20,Hyderabad
TXN202604661,ACC1007,33195.33,TRANSFER,2026-08-22 09:27:50,Bangalore
TXN202604662,ACC1041,10417.36,TRANSFER,2026-08-22 09:28:20,Bangalore
TXN202604663,ACC1000,5207.13,TRANSFER,2026-08-22 09:28:50,Mumbai
TXN202604664,ACC1019,6880.88,DEBIT,2026-08-22 09:29:20,Mumbai
TXN202604665,ACC1041,15828.83,DEBIT,2026-08-22 09:29:50,Hyderabad
TXN202604666,ACC1015,7995.06,TRANSFER,2026-08-22 09:30:20,Hyderabad
TXN202604667,ACC1027,1834.14,TRANSFER,2026-08-22 09:30:50,Delhi
TXN202604668,ACC1027,22736.85,TRANSFER,2026-08-22 09:31:20,Delhi
TXN202604669,ACC1046,18100.71,TRANSFER,2026-08-22 09:31:50,Delhi
TXN202604670,ACC1006,10421.91,CREDIT,2026-08-22 09:32:20,Hyderabad
TXN202604671,ACC1001,22853.5,DEBIT,2026-08-22 09:32:50,Hyderabad
TXN202604672,ACC1032,3962.85,DEBIT,2026-08-22 09:33:20,Chennai
TXN202604673,ACC1047,48155.22,DEBIT,2026-08-22 09:33:50,Mumbai
TXN202604674,ACC1001,31271.87,DEBIT,2026-08-22 09:34:20,Bangalore
TXN202604675,ACC1011,37203.44,TRANSFER,2026-08-22 09:34:50,Mumbai
TXN202604676,ACC1008,41992.2,DEBIT,2026-08-22 09:35:20,Chennai
TXN202604677,ACC1021,28309.07,CREDIT,2026-08-22 09:35:50,Delhi
TXN202604678,ACC1012,43673.04,CREDIT,2026-08-22 09:36:20,Bangalore
TXN202604679,ACC1007,46742.49,DEBIT,2026-08-22 09:36:50,Mumbai
TXN202604680,ACC1014,26422.49,TRANSFER,2026-08-22 09:37:20,Mumbai
TXN202604681,ACC1012,19478.07,DEBIT,2026-08-22 09:37:50,Chennai
TXN202604682,ACC1031,10419.32,TRANSFER,2026-08-22 09:38:20,Mumbai
TXN202604683,ACC1009,39861.82,TRANSFER,2026-08-22 09:38:50,Hyderabad
TXN202604684,ACC1016,962.47,CREDIT,2026-08-22 09:39:20,Hyderabad
TXN202604685,ACC1008,23014.65,TRANSFER,2026-08-22 09:39:50,Chennai
TXN202604686,ACC1015,38768.14,TRANSFER,2026-08-22 09:40:20,Delhi
TXN202604687,ACC1009,35075.22,CREDIT,2026-08-22 09:40:50,Bangalore
TXN202604688,ACC1010,37792.28,CREDIT,2026-08-22 09:41:20,Bangalore
TXN202604689,ACC1021,35896.34,TRANSFER,2026-08-22 09:41:50,Bangalore
TXN202604690,ACC1048,19338.06,CREDIT,2026-08-22 09:42:20,Delhi
TXN202604691,ACC1009,41450.71,DEBIT,2026-08-22 09:42:50,Hyderabad
TXN202604692,ACC1022,18893.6,TRANSFER,2026-08-22 09:43:20,Bangalore
TXN202604693,ACC1025,8155.25,TRANSFER,2026-08-22 09:43:50,Delhi
TXN202604694,ACC1032,12684.86,TRANSFER,2026-08-22 09:44:20,Chennai
TXN202604695,ACC1035,16853.72,TRANSFER,2026-08-22 09:44:50,Delhi
TXN202604696,ACC1018,40987.72,DEBIT,2026-08-22 09:45:20,Chennai
TXN202604697,ACC1028,3319.24,CREDIT,2026-08-22 09:45:50,Bangalore
TXN202604698,ACC1025,46797.0,DEBIT,2026-08-22 09:46:20,Chennai
TXN202604699,ACC1043,24660.78,TRANSFER,2026-08-22 09:46:50,Mumbai
TXN202604700,ACC1012,21698.47,DEBIT,2026-08-22 09:47:20,Chennai
TXN202604701,ACC1025,45127.61,DEBIT,2026-08-22 09:47:50,Bangalore
TXN202604702,ACC1000,12126.3,TRANSFER,2026-08-22 09:48:20,Hyderabad
TXN202604703,ACC1033,44917.72,DEBIT,2026-08-22 09:48:50,Delhi
TXN202604704,ACC1034,41715.43,DEBIT,2026-08-22 09:49:20,Delhi
TXN202604705,ACC1013,49122.0,CREDIT,2026-08-22 09:49:50,Delhi
TXN202604706,ACC1025,38743.04,DEBIT,2026-08-22 09:50:20,Chennai
TXN202604707,ACC1026,37512.97,DEBIT,2026-08-22 09:50:50,Mumbai
TXN202604708,ACC1030,8662.95,CREDIT,2026-08-22 09:51:20,Bangalore
TXN202604709,ACC1018,37296.36,DEBIT,2026-08-22 09:51:50,Hyderabad
TXN202604710,ACC1046,27530.9,CREDIT,2026-08-22 09:52:20,Delhi
TXN202604711,ACC1017,40624.02,CREDIT,2026-08-22 09:52:50,Hyderabad
TXN202604712,ACC1049,9228.0,CREDIT,2026-08-22 09:53:20,Delhi
TXN202604713,ACC1013,40585.49,TRANSFER,2026-08-22 09:53:50,Delhi
TXN202604714,ACC1004,8533.86,DEBIT,2026-08-22 09:54:20,Chennai
TXN202604715,ACC1015,49198.51,DEBIT,2026-08-22 09:54:50,Delhi
TXN202604716,ACC1009,11174.19,TRANSFER,2026-08-22 09:55:20,Bangalore
TXN202604717,ACC1015,35236.8,DEBIT,2026-08-22 09:55:50,Chennai
TXN202604718,ACC1026,9765.59,DEBIT,2026-08-22 09:56:20,Delhi
TXN202604719,ACC1030,32014.43,CREDIT,2026-08-22 09:56:50,Mumbai
TXN202604720,ACC1006,631.98,CREDIT,2026-08-22 09:57:20,Bangalore
TXN202604721,ACC1040,32188.78,DEBIT,2026-08-22 09:57:50,Delhi
TXN202604722,ACC1010,16227.42,TRANSFER,2026-08-22 09:58:20,Mumbai
TXN202604723,ACC1030,9701.02,DEBIT,2026-08-22 09:58:50,Delhi
TXN202604724,ACC1002,6976.7,DEBIT,2026-08-22 09:59:20,Delhi
TXN202604725,ACC1001,21227.52,CREDIT,2026-08-22 09:59:50,Bangalore
TXN202604726,ACC1021,16103.53,DEBIT,2026-08-22 10:00:20,Delhi
TXN202604727,ACC1024,6027.78,TRANSFER,2026-08-22 10:00:50,Mumbai
TXN202604728,ACC1032,19194.77,DEBIT,2026-08-22 10:01:20,Chennai
TXN202604729,ACC1048,41245.9,DEBIT,2026-08-22 10:01:50,Delhi
TXN202604730,ACC1019,14013.46,DEBIT,2026-08-22 10:02:20,Delhi
TXN202604731,ACC1012,12953.06,DEBIT,2026-08-22 10:02:50,Mumbai
TXN202604732,ACC1020,27447.95,CREDIT,2026-08-22 10:03:20,Delhi
TXN202604733,ACC1013,35346.64,DEBIT,2026-08-22 10:03:50,Chennai
TXN202604734,ACC1047,48850.91,TRANSFER,2026-08-22 10:04:20,Delhi
TXN202604735,ACC1039,28829.52,CREDIT,2026-08-22 10:04:50,Delhi
TXN202604736,ACC1037,42049.56,CREDIT,2026-08-22 10:05:20,Mumbai
TXN202604737,ACC1048,48958.92,TRANSFER,2026-08-22 10:05:50,Delhi
TXN202604738,ACC1004,13469.22,DEBIT,2026-08-22 10:06:20,Mumbai
TXN202604739,ACC1010,46596.27,DEBIT,2026-08-22 10:06:50,Hyderabad
TXN202604740,ACC1042,47021.53,TRANSFER,2026-08-22 10:07:20,Mumbai
TXN202604741,ACC1008,43443.03,TRANSFER,2026-08-22 10:07:50,Mumbai
TXN202604742,ACC1033,20261.63,CREDIT,2026-08-22 10:08:20,Chennai
TXN202604743,ACC1008,22104.57,TRANSFER,2026-08-22 10:08:50,Chennai
TXN202604744,ACC1009,8243.95,TRANSFER,2026-08-22 10:09:20,Hyderabad
TXN202604745,ACC1020,22791.71,CREDIT,2026-08-22 10:09:50,Delhi
TXN202604746,ACC1041,29049.54,TRANSFER,2026-08-22 10:10:20,Bangalore
TXN202604747,ACC1009,7342.48,CREDIT,2026-08-22 10:10:50,Delhi
TXN202604748,ACC1024,42149.9,TRANSFER,2026-08-22 10:11:20,Hyderabad
TXN202604749,ACC1021,26179.62,TRANSFER,2026-08-22 10:11:50,Hyderabad
TXN202604750,ACC1021,33933.31,DEBIT,2026-08-22 10:12:20,Bangalore
TXN202604751,ACC1016,28221.41,TRANSFER,2026-08-22 10:12:50,Delhi
TXN202604752,ACC1038,18425.61,CREDIT,2026-08-22 10:13:20,Delhi
TXN202604753,ACC1048,17074.98,CREDIT,2026-08-22 10:13:50,Bangalore
TXN202604754,ACC1037,49585.58,CREDIT,2026-08-22 10:14:20,Mumbai
TXN202604755,ACC1028,37309.2,DEBIT,2026-08-22 10:14:50,Delhi
TXN202604756,ACC1022,7574.35,CREDIT,2026-08-22 10:15:20,Mumbai
TXN202604757,ACC1035,21228.72,TRANSFER,2026-08-22 10:15:50,Delhi
TXN202604758,ACC1000,33470.28,CREDIT,2026-08-22 10:16:20,Mumbai
TXN202604759,ACC1018,8282.57,CREDIT,2026-08-22 10:16:50,Hyderabad
TXN202604760,ACC1008,44521.08,TRANSFER,2026-08-22 10:17:20,Delhi
TXN202604761,ACC1040,40867.26,CREDIT,2026-08-22 10:17:50,Mumbai
TXN202604762,ACC1047,31962.57,DEBIT,2026-08-22 10:18:20,Chennai
TXN202604763,ACC1037,25503.18,DEBIT,2026-08-22 10:18:50,Delhi
TXN202604764,ACC1035,1823.01,DEBIT,2026-08-22 10:19:20,Bangalore
TXN202604765,ACC1038,49298.18,TRANSFER,2026-08-22 10:19:50,Delhi
TXN202604766,ACC1035,232.83,TRANSFER,2026-08-22 10:20:20,Chennai
TXN202604767,ACC1040,11125.13,CREDIT,2026-08-22 10:20:50,Bangalore
TXN202604768,ACC1026,15908.04,DEBIT,2026-08-22 10:21:20,Chennai
TXN202604769,ACC1016,3243.75,TRANSFER,2026-08-22 10:21:50,Delhi
TXN202604770,ACC1038,44429.12,TRANSFER,2026-08-22 10:22:20,Delhi
TXN202604771,ACC1023,30347.46,TRANSFER,2026-08-22 10:22:50,Bangalore
TXN202604772,ACC1013,47676.7,CREDIT,2026-08-22 10:23:20,Hyderabad
TXN202604773,ACC1022,16370.62,TRANSFER,2026-08-22 10:23:50,Hyderabad
TXN202604774,ACC1038,45436.81,CREDIT,2026-08-22 10:24:20,Chennai
TXN202604775,ACC1015,14776.73,CREDIT,2026-08-22 10:24:50,Hyderabad
TXN202604776,ACC1049,21215.48,DEBIT,2026-08-22 10:25:20,Delhi
TXN202604777,ACC1033,44954.3,DEBIT,2026-08-22 10:25:50,Hyderabad
TXN202604778,ACC1047,12910.35,TRANSFER,2026-08-22 10:26:20,Mumbai
TXN202604779,ACC1031,11828.23,CREDIT,2026-08-22 10:26:50,Delhi
TXN202604780,ACC1000,13889.26,DEBIT,2026-08-22 10:27:20,Mumbai
TXN202604781,ACC1045,48537.18,DEBIT,2026-08-22 10:27:50,Mumbai
TXN202604782,ACC1025,3484.45,TRANSFER,2026-08-22 10:28:20,Delhi
TXN202604783,ACC1033,1337.19,DEBIT,2026-08-22 10:28:50,Bangalore
TXN202604784,ACC1013,14974.05,DEBIT,2026-08-22 10:29:20,Bangalore
TXN202604785,ACC1038,21048.92,TRANSFER,2026-08-22 10:29:50,Bangalore
TXN202604786,ACC1000,31821.19,TRANSFER,2026-08-22 10:30:20,Mumbai
TXN202604787,ACC1021,12010.74,TRANSFER,2026-08-22 10:30:50,Delhi
TXN202604788,ACC1027,20419.67,CREDIT,2026-08-22 10:31:20,Mumbai
TXN202604789,ACC1006,42266.65,DEBIT,2026-08-22 10:31:50,Bangalore
TXN202604790,ACC1020,1728.73,TRANSFER,2026-08-22 10:32:20,Mumbai
TXN202604791,ACC1032,12999.61,CREDIT,2026-08-22 10:32:50,Bangalore
TXN202604792,ACC1044,34448.61,DEBIT,2026-08-22 10:33:20,Delhi
TXN202604793,ACC1018,32830.79,CREDIT,2026-08-22 10:33:50,Delhi
TXN202604794,ACC1036,12037.75,TRANSFER,2026-08-22 10:34:20,Delhi
TXN202604795,ACC1039,3464.61,CREDIT,2026-08-22 10:34:50,Hyderabad
TXN202604796,ACC1034,34255.2,DEBIT,2026-08-22 10:35:20,Bangalore
TXN202604797,ACC1013,47361.57,DEBIT,2026-08-22 10:35:50,Delhi
TXN202604798,ACC1049,13648.21,DEBIT,2026-08-22 10:36:20,Bangalore
TXN202604799,ACC1015,20424.05,DEBIT,2026-08-22 10:36:50,Hyderabad
TXN202604800,ACC1036,3783.84,CREDIT,2026-08-22 10:37:20,Hyderabad
TXN202604801,ACC1013,45073.33,CREDIT,2026-08-22 10:37:50,Chennai
TXN202604802,ACC1000,24373.57,DEBIT,2026-08-22 10:38:20,Chennai
TXN202604803,ACC1012,35846.12,TRANSFER,2026-08-22 10:38:50,Delhi
TXN202604804,ACC1040,22003.35,DEBIT,2026-08-22 10:39:20,Bangalore
TXN202604805,ACC1004,41759.71,DEBIT,2026-08-22 10:39:50,Delhi
TXN202604806,ACC1009,509.11,TRANSFER,2026-08-22 10:40:20,Bangalore
TXN202604807,ACC1028,3319.16,DEBIT,2026-08-22 10:40:50,Delhi
TXN202604808,ACC1016,15870.76,TRANSFER,2026-08-22 10:41:20,Chennai
TXN202604809,ACC1017,9278.03,TRANSFER,2026-08-22 10:41:50,Mumbai
TXN202604810,ACC1036,12963.25,CREDIT,2026-08-22 10:42:20,Chennai
TXN202604811,ACC1020,42661.9,CREDIT,2026-08-22 10:42:50,Hyderabad
TXN202604812,ACC1006,38083.25,CREDIT,2026-08-22 10:43:20,Delhi
TXN202604813,ACC1011,34595.32,TRANSFER,2026-08-22 10:43:50,Mumbai
TXN202604814,ACC1022,21382.24,DEBIT,2026-08-22 10:44:20,Bangalore
TXN202604815,ACC1019,16492.14,TRANSFER,2026-08-22 10:44:50,Chennai
TXN202604816,ACC1019,19769.63,CREDIT,2026-08-22 10:45:20,Delhi
TXN202604817,ACC1034,48399.67,TRANSFER,2026-08-22 10:45:50,Hyderabad
TXN202604818,ACC1036,34329.01,DEBIT,2026-08-22 10:46:20,Hyderabad
TXN202604819,ACC1038,25728.2,DEBIT,2026-08-22 10:46:50,Mumbai
TXN202604820,ACC1019,21258.97,DEBIT,2026-08-22 10:47:20,Chennai
TXN202604821,ACC1043,15222.21,CREDIT,2026-08-22 10:47:50,Bangalore
TXN202604822,ACC1016,41758.66,DEBIT,2026-08-22 10:48:20,Mumbai
TXN202604823,ACC1040,18059.18,CREDIT,2026-08-22 10:48:50,Bangalore
TXN202604824,ACC1010,1313.48,TRANSFER,2026-08-22 10:49:20,Mumbai
TXN202604825,ACC1033,3375.03,DEBIT,2026-08-22 10:49:50,Bangalore
TXN202604826,ACC1009,15821.04,CREDIT,2026-08-22 10:50:20,Bangalore
TXN202604827,ACC1043,44359.27,TRANSFER,2026-08-22 10:50:50,Bangalore
TXN202604828,ACC1014,24500.82,DEBIT,2026-08-22 10:51:20,Mumbai
TXN202604829,ACC1034,17469.03,DEBIT,2026-08-22 10:51:50,Mumbai
TXN202604830,ACC1021,49507.36,TRANSFER,2026-08-22 10:52:20,Mumbai
TXN202604831,ACC1013,47452.96,TRANSFER,2026-08-22 10:52:50,Chennai
TXN202604832,ACC1045,48840.01,CREDIT,2026-08-22 10:53:20,Hyderabad
TXN202604833,ACC1001,12960.96,TRANSFER,2026-08-22 10:53:50,Bangalore
TXN202604834,ACC1012,10112.6,TRANSFER,2026-08-22 10:54:20,Delhi
TXN202604835,ACC1033,42565.55,CREDIT,2026-08-22 10:54:50,Chennai
TXN202604836,ACC1012,12996.94,TRANSFER,2026-08-22 10:55:20,Chennai
TXN202604837,ACC1018,13961.07,TRANSFER,2026-08-22 10:55:50,Mumbai
TXN202604838,ACC1042,2040.09,DEBIT,2026-08-22 10:56:20,Delhi
TXN202604839,ACC1012,32565.06,DEBIT,2026-08-22 10:56:50,Bangalore
TXN202604840,ACC1028,25233.34,DEBIT,2026-08-22 10:57:20,Chennai
TXN202604841,ACC1014,35438.95,CREDIT,2026-08-22 10:57:50,Chennai
TXN202604842,ACC1015,42193.28,DEBIT,2026-08-22 10:58:20,Bangalore
TXN202604843,ACC1012,34.85,TRANSFER,2026-08-22 10:58:50,Hyderabad
TXN202604844,ACC1024,22722.39,DEBIT,2026-08-22 10:59:20,Hyderabad
TXN202604845,ACC1010,39984.57,TRANSFER,2026-08-22 10:59:50,Chennai
TXN202604846,ACC1023,48176.79,CREDIT,2026-08-22 11:00:20,Hyderabad
TXN202604847,ACC1024,38020.55,TRANSFER,2026-08-22 11:00:50,Mumbai
TXN202604848,ACC1001,591.88,CREDIT,2026-08-22 11:01:20,Chennai
TXN202604849,ACC1046,20278.37,TRANSFER,2026-08-22 11:01:50,Hyderabad
TXN202604850,ACC1015,42857.97,CREDIT,2026-08-22 11:02:20,Bangalore
TXN202604851,ACC1050,15401.63,CREDIT,2026-08-22 11:02:50,Bangalore
TXN202604852,ACC1031,24245.38,DEBIT,2026-08-22 11:03:20,Bangalore
TXN202604853,ACC1030,9381.66,TRANSFER,2026-08-22 11:03:50,Hyderabad
TXN202604854,ACC1008,47489.98,DEBIT,2026-08-22 11:04:20,Hyderabad
TXN202604855,ACC1016,11943.85,TRANSFER,2026-08-22 11:04:50,Chennai
TXN202604856,ACC1009,26308.08,TRANSFER,2026-08-22 11:05:20,Mumbai
TXN202604857,ACC1036,39333.83,TRANSFER,2026-08-22 11:05:50,Mumbai
TXN202604858,ACC1025,27945.86,DEBIT,2026-08-22 11:06:20,Chennai
TXN202604859,ACC1019,49605.49,TRANSFER,2026-08-22 11:06:50,Bangalore
TXN202604860,ACC1000,38017.3,DEBIT,2026-08-22 11:07:20,Chennai
TXN202604861,ACC1001,31192.59,TRANSFER,2026-08-22 11:07:50,Delhi
TXN202604862,ACC1016,18256.41,CREDIT,2026-08-22 11:08:20,Mumbai
TXN202604863,ACC1016,29193.73,DEBIT,2026-08-22 11:08:50,Chennai
TXN202604864,ACC1024,13115.11,TRANSFER,2026-08-22 11:09:20,Bangalore
TXN202604865,ACC1033,9807.34,CREDIT,2026-08-22 11:09:50,Chennai
TXN202604866,ACC1008,12115.25,CREDIT,2026-08-22 11:10:20,Delhi
TXN202604867,ACC1042,7742.77,CREDIT,2026-08-22 11:10:50,Delhi
TXN202604868,ACC1049,26986.06,TRANSFER,2026-08-22 11:11:20,Delhi
TXN202604869,ACC1047,36508.64,CREDIT,2026-08-22 11:11:50,Bangalore
TXN202604870,ACC1043,45881.12,TRANSFER,2026-08-22 11:12:20,Chennai
TXN202604871,ACC1018,49069.53,CREDIT,2026-08-22 11:12:50,Bangalore
TXN202604872,ACC1005,42761.33,CREDIT,2026-08-22 11:13:20,Bangalore
TXN202604873,ACC1037,41150.41,DEBIT,2026-08-22 11:13:50,Delhi
TXN202604874,ACC1020,24186.01,TRANSFER,2026-08-22 11:14:20,Bangalore
TXN202604875,ACC1004,19403.26,DEBIT,2026-08-22 11:14:50,Bangalore
TXN202604876,ACC1036,19134.35,TRANSFER,2026-08-22 11:15:20,Chennai
TXN202604877,ACC1001,13595.04,TRANSFER,2026-08-22 11:15:50,Hyderabad
TXN202604878,ACC1025,3766.64,DEBIT,2026-08-22 11:16:20,Bangalore
TXN202604879,ACC1020,5320.19,CREDIT,2026-08-22 11:16:50,Hyderabad
TXN202604880,ACC1004,6378.57,DEBIT,2026-08-22 11:17:20,Delhi
TXN202604881,ACC1027,47877.26,DEBIT,2026-08-22 11:17:50,Mumbai
TXN202604882,ACC1038,14502.58,CREDIT,2026-08-22 11:18:20,Bangalore
TXN202604883,ACC1008,1617.35,DEBIT,2026-08-22 11:18:50,Bangalore
TXN202604884,ACC1048,7376.42,DEBIT,2026-08-22 11:19:20,Delhi
TXN202604885,ACC1000,49099.1,DEBIT,2026-08-22 11:19:50,Bangalore
TXN202604886,ACC1017,45429.62,DEBIT,2026-08-22 11:20:20,Bangalore
TXN202604887,ACC1041,5319.94,CREDIT,2026-08-22 11:20:50,Mumbai
TXN202604888,ACC1027,34213.92,TRANSFER,2026-08-22 11:21:20,Chennai
TXN202604889,ACC1000,3457.0,CREDIT,2026-08-22 11:21:50,Bangalore
TXN202604890,ACC1037,39885.5,CREDIT,2026-08-22 11:22:20,Delhi
TXN202604891,ACC1012,45912.57,CREDIT,2026-08-22 11:22:50,Mumbai
TXN202604892,ACC1035,43254.88,CREDIT,2026-08-22 11:23:20,Mumbai
TXN202604893,ACC1050,24234.93,CREDIT,2026-08-22 11:23:50,Delhi
TXN202604894,ACC1018,47307.41,DEBIT,2026-08-22 11:24:20,Mumbai
TXN202604895,ACC1018,18453.92,TRANSFER,2026-08-22 11:24:50,Hyderabad
TXN202604896,ACC1001,23182.21,CREDIT,2026-08-22 11:25:20,Hyderabad
TXN202604897,ACC1035,9864.01,TRANSFER,2026-08-22 11:25:50,Hyderabad
TXN202604898,ACC1002,37542.5,TRANSFER,2026-08-22 11:26:20,Bangalore
TXN202604899,ACC1026,37995.75,TRANSFER,2026-08-22 11:26:50,Hyderabad
TXN202604900,ACC1049,21852.98,TRANSFER,2026-08-22 11:27:20,Hyderabad
TXN202604901,ACC1040,39556.48,TRANSFER,2026-08-22 11:27:50,Hyderabad
TXN202604902,ACC1036,37166.4,CREDIT,2026-08-22 11:28:20,Bangalore
TXN202604903,ACC1025,14043.47,CREDIT,2026-08-22 11:28:50,Bangalore
TXN202604904,ACC1022,2060.49,DEBIT,2026-08-22 11:29:20,Hyderabad
TXN202604905,ACC1039,29220.94,CREDIT,2026-08-22 11:29:50,Delhi
TXN202604906,ACC1046,28824.7,CREDIT,2026-08-22 11:30:20,Mumbai
TXN202604907,ACC1008,49411.92,CREDIT,2026-08-22 11:30:50,Mumbai
TXN202604908,ACC1023,7680.91,DEBIT,2026-08-22 11:31:20,Hyderabad
TXN202604909,ACC1003,1532.65,CREDIT,2026-08-22 11:31:50,Bangalore
TXN202604910,ACC1027,1945.37,DEBIT,2026-08-22 11:32:20,Bangalore
TXN202604911,ACC1013,9337.46,DEBIT,2026-08-22 11:32:50,Delhi
TXN202604912,ACC1036,42917.44,DEBIT,2026-08-22 11:33:20,Bangalore
TXN202604913,ACC1020,210.82,CREDIT,2026-08-22 11:33:50,Bangalore
TXN202604914,ACC1020,35520.36,CREDIT,2026-08-22 11:34:20,Chennai
TXN202604915,ACC1003,12959.4,CREDIT,2026-08-22 11:34:50,Chennai
TXN202604916,ACC1036,46254.92,DEBIT,2026-08-22 11:35:20,Bangalore
TXN202604917,ACC1004,45888.62,DEBIT,2026-08-22 11:35:50,Chennai
TXN202604918,ACC1015,15194.83,DEBIT,2026-08-22 11:36:20,Delhi
TXN202604919,ACC1026,40304.27,CREDIT,2026-08-22 11:36:50,Bangalore
TXN202604920,ACC1040,49569.17,TRANSFER,2026-08-22 11:37:20,Mumbai
TXN202604921,ACC1026,48987.57,DEBIT,2026-08-22 11:37:50,Hyderabad
TXN202604922,ACC1038,11244.75,TRANSFER,2026-08-22 11:38:20,Bangalore
TXN202604923,ACC1008,45770.4,DEBIT,2026-08-22 11:38:50,Bangalore
TXN202604924,ACC1030,32455.47,TRANSFER,2026-08-22 11:39:20,Delhi
TXN202604925,ACC1046,23288.48,TRANSFER,2026-08-22 11:39:50,Chennai
TXN202604926,ACC1016,40969.24,TRANSFER,2026-08-22 11:40:20,Hyderabad
TXN202604927,ACC1041,23410.14,CREDIT,2026-08-22 11:40:50,Bangalore
TXN202604928,ACC1002,43378.81,CREDIT,2026-08-22 11:41:20,Bangalore
TXN202604929,ACC1031,17128.93,CREDIT,2026-08-22 11:41:50,Hyderabad
TXN202604930,ACC1024,46487.93,CREDIT,2026-08-22 11:42:20,Mumbai
TXN202604931,ACC1009,9305.11,TRANSFER,2026-08-22 11:42:50,Chennai
TXN202604932,ACC1016,2184.5,TRANSFER,2026-08-22 11:43:20,Bangalore
TXN202604933,ACC1032,43841.91,DEBIT,2026-08-22 11:43:50,Chennai
TXN202604934,ACC1012,544.27,CREDIT,2026-08-22 11:44:20,Bangalore
TXN202604935,ACC1028,36697.94,TRANSFER,2026-08-22 11:44:50,Chennai
TXN202604936,ACC1029,36158.85,DEBIT,2026-08-22 11:45:20,Chennai
TXN202604937,ACC1038,18075.25,TRANSFER,2026-08-22 11:45:50,Delhi
TXN202604938,ACC1040,2169.09,DEBIT,2026-08-22 11:46:20,Bangalore
TXN202604939,ACC1016,13227.05,TRANSFER,2026-08-22 11:46:50,Mumbai
TXN202604940,ACC1037,33780.56,CREDIT,2026-08-22 11:47:20,Chennai
TXN202604941,ACC1035,14575.08,TRANSFER,2026-08-22 11:47:50,Hyderabad
TXN202604942,ACC1028,2402.3,TRANSFER,2026-08-22 11:48:20,Mumbai
TXN202604943,ACC1011,13588.19,DEBIT,2026-08-22 11:48:50,Bangalore
TXN202604944,ACC1041,34004.76,CREDIT,2026-08-22 11:49:20,Chennai
TXN202604945,ACC1038,666.1,DEBIT,2026-08-22 11:49:50,Bangalore
TXN202604946,ACC1030,44095.3,DEBIT,2026-08-22 11:50:20,Chennai
TXN202604947,ACC1035,9480.19,TRANSFER,2026-08-22 11:50:50,Mumbai
TXN202604948,ACC1050,15917.9,DEBIT,2026-08-22 11:51:20,Bangalore
TXN202604949,ACC1029,43270.48,CREDIT,2026-08-22 11:51:50,Mumbai
TXN202604950,ACC1038,41620.71,DEBIT,2026-08-22 11:52:20,Hyderabad
TXN202604951,ACC1016,5197.62,DEBIT,2026-08-22 11:52:50,Mumbai
TXN202604952,ACC1040,2590.94,CREDIT,2026-08-22 11:53:20,Hyderabad
TXN202604953,ACC1005,35238.36,DEBIT,2026-08-22 11:53:50,Delhi
TXN202604954,ACC1016,8624.94,CREDIT,2026-08-22 11:54:20,Chennai
TXN202604955,ACC1048,28595.01,TRANSFER,2026-08-22 11:54:50,Bangalore
TXN202604956,ACC1004,33313.72,TRANSFER,2026-08-22 11:55:20,Chennai
TXN202604957,ACC1046,34709.94,TRANSFER,2026-08-22 11:55:50,Bangalore
TXN202604958,ACC1035,36538.17,CREDIT,2026-08-22 11:56:20,Delhi
TXN202604959,ACC1031,35598.6,CREDIT,2026-08-22 11:56:50,Mumbai
TXN202604960,ACC1009,15822.9,DEBIT,2026-08-22 11:57:20,Mumbai
TXN202604961,ACC1009,19014.12,TRANSFER,2026-08-22 11:57:50,Bangalore
TXN202604962,ACC1003,47805.64,DEBIT,2026-08-22 11:58:20,Hyderabad
TXN202604963,ACC1040,29996.74,TRANSFER,2026-08-22 11:58:50,Hyderabad
TXN202604964,ACC1009,9995.64,TRANSFER,2026-08-22 11:59:20,Hyderabad
TXN202604965,ACC1020,20289.18,TRANSFER,2026-08-22 11:59:50,Delhi
TXN202604966,ACC1002,21727.78,CREDIT,2026-08-22 12:00:20,Delhi
TXN202604967,ACC1013,46418.03,DEBIT,2026-08-22 12:00:50,Hyderabad
TXN202604968,ACC1015,14616.7,TRANSFER,2026-08-22 12:01:20,Chennai
TXN202604969,ACC1026,34948.01,TRANSFER,2026-08-22 12:01:50,Delhi
TXN202604970,ACC1040,20130.11,CREDIT,2026-08-22 12:02:20,Hyderabad
TXN202604971,ACC1009,32182.88,DEBIT,2026-08-22 12:02:50,Chennai
TXN202604972,ACC1048,37836.82,TRANSFER,2026-08-22 12:03:20,Delhi
TXN202604973,ACC1020,34420.97,DEBIT,2026-08-22 12:03:50,Chennai
TXN202604974,ACC1045,933.96,CREDIT,2026-08-22 12:04:20,Mumbai
TXN202604975,ACC1021,27888.26,DEBIT,2026-08-22 12:04:50,Mumbai
TXN202604976,ACC1005,18308.71,TRANSFER,2026-08-22 12:05:20,Hyderabad
TXN202604977,ACC1045,24645.19,CREDIT,2026-08-22 12:05:50,Mumbai
TXN202604978,ACC1016,18254.82,TRANSFER,2026-08-22 12:06:20,Delhi
TXN202604979,ACC1013,13607.44,DEBIT,2026-08-22 12:06:50,Delhi
TXN202604980,ACC1039,27808.54,TRANSFER,2026-08-22 12:07:20,Bangalore
TXN202604981,ACC1050,33029.75,DEBIT,2026-08-22 12:07:50,Delhi
TXN202604982,ACC1001,45094.09,DEBIT,2026-08-22 12:08:20,Mumbai
TXN202604983,ACC1031,3888.33,DEBIT,2026-08-22 12:08:50,Delhi
TXN202604984,ACC1020,40702.6,CREDIT,2026-08-22 12:09:20,Chennai
TXN202604985,ACC1050,16032.14,TRANSFER,2026-08-22 12:09:50,Hyderabad
TXN202604986,ACC1007,39693.6,DEBIT,2026-08-22 12:10:20,Mumbai
TXN202604987,ACC1039,43712.25,DEBIT,2026-08-22 12:10:50,Mumbai
TXN202604988,ACC1046,38471.11,DEBIT,2026-08-22 12:11:20,Chennai
TXN202604989,ACC1035,14115.11,CREDIT,2026-08-22 12:11:50,Bangalore
TXN202604990,ACC1019,38417.85,TRANSFER,2026-08-22 12:12:20,Mumbai
TXN202604991,ACC1017,30265.13,CREDIT,2026-08-22 12:12:50,Delhi
TXN202604992,ACC1028,3484.21,CREDIT,2026-08-22 12:13:20,Delhi
TXN202604993,ACC1033,45992.95,CREDIT,2026-08-22 12:13:50,Mumbai
TXN202604994,ACC1037,30291.86,TRANSFER,2026-08-22 12:14:20,Bangalore
TXN202604995,ACC1004,32734.72,TRANSFER,2026-08-22 12:14:50,Hyderabad
TXN202604996,ACC1005,2981.65,TRANSFER,2026-08-22 12:15:20,Hyderabad
TXN202604997,ACC1025,27166.57,CREDIT,2026-08-22 12:15:50,Hyderabad
TXN202604998,ACC1034,38526.9,TRANSFER,2026-08-22 12:16:20,Chennai
TXN202604999,ACC1032,25047.25,DEBIT,2026-08-22 12:16:50,Hyderabad
TXN202605000,ACC1045,25270.29,DEBIT,2026-08-22 12:17:20,Hyderabad
